paperID,1994,1995,1996,1997,1998,1999,2000,2001,2002
9412228,0.000348942,0.000159401,0.000332171,0.000330266,0.000324219,0.000307582,0.000532794,0.000607762,0.000609727
9406207,0.000593441,0.000271049,0.000235179,0.000213424,0.000160676,0.000159645,0.000131706,0.000108925,0.000105603
9412203,0.000348942,0.000572832,0.000449312,0.000337195,0.00025544,0.000205417,0.000180408,0.000148809,0.000149534
9411218,0.000471192,0.000215225,0.00013221,9.71E-05,7.30E-05,5.85E-05,4.88E-05,3.82E-05,3.68E-05
9410212,0.000471192,0.000215225,0.00013221,0.000109118,8.21E-05,6.57E-05,5.88E-05,5.00E-05,4.94E-05
9406209,0.000348942,0.000271049,0.000166533,0.000116897,8.80E-05,6.94E-05,5.20E-05,4.01E-05,3.86E-05
9412224,0.000348942,0.000271049,0.000166533,0.000116897,8.80E-05,6.94E-05,5.20E-05,4.01E-05,3.86E-05
9412235,0.000348942,0.000271049,0.000166533,0.000116897,8.80E-05,6.94E-05,5.20E-05,4.01E-05,3.86E-05
9411210,0.000593441,0.000585,0.000526097,0.000394716,0.00032932,0.000372848,0.000499148,0.000601805,0.000602941
9410215,0.000348942,0.000271049,0.000166533,0.000116897,8.80E-05,6.94E-05,5.20E-05,5.33E-05,5.38E-05
119407003,0.000348942,0.000159401,9.79E-05,6.86E-05,5.16E-05,4.07E-05,3.04E-05,2.35E-05,2.26E-05
119407006,0.000348942,0.000159401,9.79E-05,6.86E-05,5.16E-05,4.07E-05,3.04E-05,2.35E-05,2.26E-05
119407007,0.000348942,0.000159401,9.79E-05,6.86E-05,5.16E-05,4.07E-05,3.04E-05,2.35E-05,2.26E-05
119407008,0.000348942,0.000159401,9.79E-05,6.86E-05,5.16E-05,4.07E-05,3.04E-05,2.35E-05,2.26E-05
119407010,0.000348942,0.000159401,9.79E-05,6.86E-05,5.16E-05,4.07E-05,3.04E-05,2.35E-05,2.26E-05
119407013,0.000348942,0.000159401,9.79E-05,6.86E-05,5.16E-05,4.07E-05,3.04E-05,2.35E-05,2.26E-05
119407014,0.000348942,0.000159401,9.79E-05,6.86E-05,5.16E-05,4.07E-05,3.04E-05,2.35E-05,2.26E-05
119407017,0.000348942,0.000159401,9.79E-05,6.86E-05,5.16E-05,4.07E-05,3.04E-05,2.35E-05,2.26E-05
119407021,0.000348942,0.000159401,9.79E-05,6.86E-05,5.16E-05,4.07E-05,3.04E-05,2.35E-05,2.26E-05
119407025,0.000348942,0.000159401,9.79E-05,6.86E-05,5.16E-05,4.07E-05,3.04E-05,2.35E-05,2.26E-05
119407027,0.000348942,0.000159401,9.79E-05,6.86E-05,5.16E-05,4.07E-05,3.04E-05,2.35E-05,2.26E-05
119407029,0.000348942,0.000159401,9.79E-05,6.86E-05,5.16E-05,4.07E-05,3.04E-05,2.35E-05,2.26E-05
119407033,0.000348942,0.000159401,9.79E-05,6.86E-05,5.16E-05,4.07E-05,3.04E-05,2.35E-05,2.26E-05
119407034,0.000348942,0.000159401,9.79E-05,6.86E-05,5.16E-05,4.07E-05,3.04E-05,2.35E-05,2.26E-05
119407036,0.000348942,0.000159401,9.79E-05,6.86E-05,5.16E-05,4.07E-05,3.04E-05,2.35E-05,2.26E-05
119407039,0.000348942,0.000159401,9.79E-05,6.86E-05,5.16E-05,4.07E-05,3.04E-05,2.35E-05,2.26E-05
119407040,0.000348942,0.000159401,9.79E-05,6.86E-05,5.16E-05,4.07E-05,3.04E-05,2.35E-05,2.26E-05
119407044,0.000348942,0.000159401,9.79E-05,6.86E-05,5.16E-05,4.07E-05,3.04E-05,2.35E-05,2.26E-05
119407056,0.000348942,0.000159401,9.79E-05,6.86E-05,5.16E-05,4.07E-05,3.04E-05,2.35E-05,2.26E-05
119407062,0.000348942,0.000159401,9.79E-05,6.86E-05,5.16E-05,4.07E-05,3.04E-05,2.35E-05,2.26E-05
119407078,0.000348942,0.000159401,9.79E-05,6.86E-05,5.16E-05,4.07E-05,3.04E-05,2.35E-05,2.26E-05
119407085,0.000348942,0.000159401,9.79E-05,6.86E-05,5.16E-05,4.07E-05,3.04E-05,2.35E-05,2.26E-05
119407087,0.000348942,0.000159401,9.79E-05,6.86E-05,5.16E-05,4.07E-05,3.04E-05,2.35E-05,2.26E-05
119407123,0.000348942,0.000159401,9.79E-05,6.86E-05,5.16E-05,4.07E-05,3.04E-05,2.35E-05,2.26E-05
119407125,0.000348942,0.000159401,9.79E-05,6.86E-05,5.16E-05,4.07E-05,3.04E-05,2.35E-05,2.26E-05
119407143,0.000348942,0.000159401,9.79E-05,6.86E-05,5.16E-05,4.07E-05,3.04E-05,2.35E-05,2.26E-05
119407162,0.000348942,0.000159401,9.79E-05,6.86E-05,5.16E-05,4.07E-05,3.04E-05,2.35E-05,2.26E-05
119407168,0.000348942,0.000159401,9.79E-05,6.86E-05,5.16E-05,4.07E-05,3.04E-05,2.35E-05,2.26E-05
119407185,0.000348942,0.000159401,9.79E-05,6.86E-05,5.16E-05,4.07E-05,3.04E-05,2.35E-05,2.26E-05
119408002,0.000348942,0.000159401,9.79E-05,6.86E-05,5.16E-05,4.07E-05,3.04E-05,2.35E-05,2.26E-05
119408004,0.000348942,0.000159401,9.79E-05,6.86E-05,5.16E-05,4.07E-05,3.04E-05,2.35E-05,2.26E-05
119408005,0.000348942,0.000159401,9.79E-05,6.86E-05,5.16E-05,4.07E-05,3.04E-05,2.35E-05,2.26E-05
119408006,0.000348942,0.000159401,9.79E-05,6.86E-05,5.16E-05,4.07E-05,3.04E-05,2.35E-05,2.26E-05
119408007,0.000348942,0.000159401,9.79E-05,6.86E-05,5.16E-05,4.07E-05,3.04E-05,2.35E-05,2.26E-05
119408010,0.000348942,0.000159401,9.79E-05,6.86E-05,5.16E-05,4.07E-05,3.04E-05,2.35E-05,2.26E-05
119408012,0.000348942,0.000159401,9.79E-05,6.86E-05,5.16E-05,4.07E-05,3.04E-05,2.35E-05,2.26E-05
119408013,0.000348942,0.000159401,9.79E-05,6.86E-05,5.16E-05,4.07E-05,3.04E-05,2.35E-05,2.26E-05
119408016,0.000348942,0.000159401,9.79E-05,6.86E-05,5.16E-05,4.07E-05,3.04E-05,2.35E-05,2.26E-05
119408022,0.000348942,0.000159401,9.79E-05,6.86E-05,5.16E-05,4.07E-05,3.04E-05,2.35E-05,2.26E-05
119408023,0.000348942,0.000159401,9.79E-05,6.86E-05,5.16E-05,4.07E-05,3.04E-05,2.35E-05,2.26E-05
119408027,0.000348942,0.000159401,9.79E-05,6.86E-05,5.16E-05,4.07E-05,3.04E-05,2.35E-05,2.26E-05
119408029,0.000348942,0.000159401,9.79E-05,6.86E-05,5.16E-05,4.07E-05,3.04E-05,2.35E-05,2.26E-05
119408034,0.000348942,0.000159401,9.79E-05,6.86E-05,5.16E-05,4.07E-05,3.04E-05,2.35E-05,2.26E-05
119408035,0.000348942,0.000159401,9.79E-05,6.86E-05,5.16E-05,4.07E-05,3.04E-05,2.35E-05,2.26E-05
119408043,0.000348942,0.000159401,9.79E-05,6.86E-05,5.16E-05,4.07E-05,3.04E-05,2.35E-05,2.26E-05
119408044,0.000348942,0.000159401,9.79E-05,6.86E-05,5.16E-05,4.07E-05,3.04E-05,2.35E-05,2.26E-05
119408055,0.000348942,0.000159401,9.79E-05,6.86E-05,5.16E-05,4.07E-05,3.04E-05,2.35E-05,2.26E-05
119408066,0.000348942,0.000159401,9.79E-05,6.86E-05,5.16E-05,4.07E-05,3.04E-05,2.35E-05,2.26E-05
119408076,0.000348942,0.000159401,9.79E-05,6.86E-05,5.16E-05,4.07E-05,3.04E-05,2.35E-05,2.26E-05
119408078,0.000348942,0.000159401,9.79E-05,6.86E-05,5.16E-05,4.07E-05,3.04E-05,2.35E-05,2.26E-05
119408081,0.000348942,0.000159401,9.79E-05,6.86E-05,5.16E-05,4.07E-05,3.04E-05,2.35E-05,2.26E-05
119408099,0.000348942,0.000159401,9.79E-05,6.86E-05,5.16E-05,4.07E-05,3.04E-05,2.35E-05,2.26E-05
119408100,0.000348942,0.000159401,9.79E-05,6.86E-05,5.16E-05,4.07E-05,3.04E-05,2.35E-05,2.26E-05
119408102,0.000348942,0.000159401,9.79E-05,6.86E-05,5.16E-05,4.07E-05,3.04E-05,2.35E-05,2.26E-05
119408120,0.000348942,0.000159401,9.79E-05,6.86E-05,5.16E-05,4.07E-05,3.04E-05,2.35E-05,2.26E-05
119408132,0.000348942,0.000159401,9.79E-05,6.86E-05,5.16E-05,4.07E-05,3.04E-05,2.35E-05,2.26E-05
119408155,0.000348942,0.000159401,9.79E-05,6.86E-05,5.16E-05,4.07E-05,3.04E-05,2.35E-05,2.26E-05
119409002,0.000348942,0.000159401,9.79E-05,6.86E-05,5.16E-05,4.07E-05,3.04E-05,2.35E-05,2.26E-05
119409003,0.000348942,0.000159401,9.79E-05,6.86E-05,5.16E-05,4.07E-05,3.04E-05,2.35E-05,2.26E-05
119409006,0.000348942,0.000159401,9.79E-05,6.86E-05,5.16E-05,4.07E-05,3.04E-05,2.35E-05,2.26E-05
119409008,0.000348942,0.000159401,9.79E-05,6.86E-05,5.16E-05,4.07E-05,3.04E-05,2.35E-05,2.26E-05
119409009,0.000348942,0.000159401,9.79E-05,6.86E-05,5.16E-05,4.07E-05,3.04E-05,2.35E-05,2.26E-05
119409010,0.000348942,0.000159401,9.79E-05,6.86E-05,5.16E-05,4.07E-05,3.04E-05,2.35E-05,2.26E-05
119409012,0.000348942,0.000159401,9.79E-05,6.86E-05,5.16E-05,4.07E-05,3.04E-05,2.35E-05,2.26E-05
119409017,0.000348942,0.000159401,9.79E-05,6.86E-05,5.16E-05,4.07E-05,3.04E-05,2.35E-05,2.26E-05
119409033,0.000348942,0.000159401,9.79E-05,6.86E-05,5.16E-05,4.07E-05,3.04E-05,2.35E-05,2.26E-05
119409042,0.000348942,0.000159401,9.79E-05,6.86E-05,5.16E-05,4.07E-05,3.04E-05,2.35E-05,2.26E-05
119409048,0.000348942,0.000159401,9.79E-05,6.86E-05,5.16E-05,4.07E-05,3.04E-05,2.35E-05,2.26E-05
119409049,0.000348942,0.000159401,9.79E-05,6.86E-05,5.16E-05,4.07E-05,3.04E-05,2.35E-05,2.26E-05
119409050,0.000348942,0.000159401,9.79E-05,6.86E-05,5.16E-05,4.07E-05,3.04E-05,2.35E-05,2.26E-05
119409055,0.000348942,0.000159401,9.79E-05,6.86E-05,5.16E-05,4.07E-05,3.04E-05,2.35E-05,2.26E-05
119409082,0.000348942,0.000159401,9.79E-05,6.86E-05,5.16E-05,4.07E-05,3.04E-05,2.35E-05,2.26E-05
119409083,0.000348942,0.000159401,9.79E-05,6.86E-05,5.16E-05,4.07E-05,3.04E-05,2.35E-05,2.26E-05
119409084,0.000348942,0.000159401,9.79E-05,6.86E-05,5.16E-05,4.07E-05,3.04E-05,2.35E-05,2.26E-05
119409095,0.000348942,0.000159401,9.79E-05,6.86E-05,5.16E-05,4.07E-05,3.04E-05,2.35E-05,2.26E-05
119409096,0.000348942,0.000159401,9.79E-05,6.86E-05,5.16E-05,4.07E-05,3.04E-05,2.35E-05,2.26E-05
119409099,0.000348942,0.000159401,9.79E-05,6.86E-05,5.16E-05,4.07E-05,3.04E-05,2.35E-05,2.26E-05
119409109,0.000348942,0.000159401,9.79E-05,6.86E-05,5.16E-05,4.07E-05,3.04E-05,2.35E-05,2.26E-05
119409112,0.000348942,0.000159401,9.79E-05,6.86E-05,5.16E-05,4.07E-05,3.04E-05,2.35E-05,2.26E-05
119409113,0.000348942,0.000159401,9.79E-05,6.86E-05,5.16E-05,4.07E-05,3.04E-05,2.35E-05,2.26E-05
119409114,0.000348942,0.000159401,9.79E-05,6.86E-05,5.16E-05,4.07E-05,3.04E-05,2.35E-05,2.26E-05
119409128,0.000348942,0.000159401,9.79E-05,6.86E-05,5.16E-05,4.07E-05,3.04E-05,2.35E-05,2.26E-05
119409134,0.000348942,0.000159401,9.79E-05,6.86E-05,5.16E-05,4.07E-05,3.04E-05,2.35E-05,2.26E-05
119409151,0.000348942,0.000159401,9.79E-05,6.86E-05,5.16E-05,4.07E-05,3.04E-05,2.35E-05,2.26E-05
119409198,0.000348942,0.000159401,9.79E-05,6.86E-05,5.16E-05,4.07E-05,3.04E-05,2.35E-05,2.26E-05
9405288,0.000348942,0.000159401,9.79E-05,6.86E-05,5.16E-05,4.07E-05,3.04E-05,2.35E-05,2.26E-05
9405293,0.000348942,0.000159401,9.79E-05,6.86E-05,5.16E-05,4.07E-05,3.04E-05,2.35E-05,2.26E-05
119410001,0.000348942,0.000159401,9.79E-05,6.86E-05,5.16E-05,4.07E-05,3.04E-05,2.35E-05,2.26E-05
119410005,0.000348942,0.000159401,9.79E-05,6.86E-05,5.16E-05,4.07E-05,3.04E-05,2.35E-05,2.26E-05
119410007,0.000348942,0.000159401,9.79E-05,6.86E-05,5.16E-05,4.07E-05,3.04E-05,2.35E-05,2.26E-05
119410010,0.000348942,0.000159401,9.79E-05,6.86E-05,5.16E-05,4.07E-05,3.04E-05,2.35E-05,2.26E-05
119410012,0.000348942,0.000159401,9.79E-05,6.86E-05,5.16E-05,4.07E-05,3.04E-05,2.35E-05,2.26E-05
119410013,0.000348942,0.000159401,9.79E-05,6.86E-05,5.16E-05,4.07E-05,3.04E-05,2.35E-05,2.26E-05
119410016,0.000348942,0.000159401,9.79E-05,6.86E-05,5.16E-05,4.07E-05,3.04E-05,2.35E-05,2.26E-05
119410018,0.000348942,0.000159401,9.79E-05,6.86E-05,5.16E-05,4.07E-05,3.04E-05,2.35E-05,2.26E-05
119410021,0.000348942,0.000159401,9.79E-05,6.86E-05,5.16E-05,4.07E-05,3.04E-05,2.35E-05,2.26E-05
119410032,0.000348942,0.000159401,9.79E-05,6.86E-05,5.16E-05,4.07E-05,3.04E-05,2.35E-05,2.26E-05
119410038,0.000348942,0.000159401,9.79E-05,6.86E-05,5.16E-05,4.07E-05,3.04E-05,2.35E-05,2.26E-05
119410040,0.000348942,0.000159401,9.79E-05,6.86E-05,5.16E-05,4.07E-05,3.04E-05,2.35E-05,2.26E-05
119410046,0.000348942,0.000159401,9.79E-05,6.86E-05,5.16E-05,4.07E-05,3.04E-05,2.35E-05,2.26E-05
119410062,0.000348942,0.000159401,9.79E-05,6.86E-05,5.16E-05,4.07E-05,3.04E-05,2.35E-05,2.26E-05
119410067,0.000348942,0.000159401,9.79E-05,6.86E-05,5.16E-05,4.07E-05,3.04E-05,2.35E-05,2.26E-05
119410080,0.000348942,0.000159401,9.79E-05,6.86E-05,5.16E-05,4.07E-05,3.04E-05,2.35E-05,2.26E-05
119410082,0.000348942,0.000159401,9.79E-05,6.86E-05,5.16E-05,4.07E-05,3.04E-05,2.35E-05,2.26E-05
119410094,0.000348942,0.000159401,9.79E-05,6.86E-05,5.16E-05,4.07E-05,3.04E-05,2.35E-05,2.26E-05
119410095,0.000348942,0.000159401,9.79E-05,6.86E-05,5.16E-05,4.07E-05,3.04E-05,2.35E-05,2.26E-05
119410097,0.000348942,0.000159401,9.79E-05,6.86E-05,5.16E-05,4.07E-05,3.04E-05,2.35E-05,2.26E-05
119410100,0.000348942,0.000159401,9.79E-05,6.86E-05,5.16E-05,4.07E-05,3.04E-05,2.35E-05,2.26E-05
9405318,0.000348942,0.000159401,9.79E-05,6.86E-05,5.16E-05,4.07E-05,3.04E-05,2.35E-05,2.26E-05
119410118,0.000348942,0.000159401,9.79E-05,6.86E-05,5.16E-05,4.07E-05,3.04E-05,2.35E-05,2.26E-05
119410129,0.000348942,0.000159401,9.79E-05,6.86E-05,5.16E-05,4.07E-05,3.04E-05,2.35E-05,2.26E-05
9405326,0.000348942,0.000159401,9.79E-05,6.86E-05,5.16E-05,4.07E-05,3.04E-05,2.35E-05,2.26E-05
9405327,0.000348942,0.000159401,9.79E-05,6.86E-05,5.16E-05,4.07E-05,3.04E-05,2.35E-05,2.26E-05
9405328,0.000348942,0.000159401,9.79E-05,6.86E-05,5.16E-05,4.07E-05,3.04E-05,2.35E-05,2.26E-05
119410159,0.000348942,0.000159401,9.79E-05,6.86E-05,5.16E-05,4.07E-05,3.04E-05,2.35E-05,2.26E-05
119410206,0.000348942,0.000159401,9.79E-05,6.86E-05,5.16E-05,4.07E-05,3.04E-05,2.35E-05,2.26E-05
119410210,0.000348942,0.000159401,9.79E-05,6.86E-05,5.16E-05,4.07E-05,3.04E-05,2.35E-05,2.26E-05
119410212,0.000348942,0.000159401,9.79E-05,6.86E-05,5.16E-05,4.07E-05,3.04E-05,2.35E-05,2.26E-05
119410223,0.000348942,0.000159401,9.79E-05,6.86E-05,5.16E-05,4.07E-05,3.04E-05,2.35E-05,2.26E-05
119410231,0.000348942,0.000159401,9.79E-05,6.86E-05,5.16E-05,4.07E-05,3.04E-05,2.35E-05,2.26E-05
9405343,0.000348942,0.000159401,9.79E-05,6.86E-05,5.16E-05,4.07E-05,3.04E-05,2.35E-05,2.26E-05
119410242,0.000348942,0.000159401,9.79E-05,6.86E-05,5.16E-05,4.07E-05,3.04E-05,2.35E-05,2.26E-05
9405351,0.000348942,0.000159401,9.79E-05,6.86E-05,5.16E-05,4.07E-05,3.04E-05,2.35E-05,2.26E-05
9405368,0.000348942,0.000159401,9.79E-05,6.86E-05,5.16E-05,4.07E-05,3.04E-05,2.35E-05,2.26E-05
119411005,0.000348942,0.000159401,9.79E-05,6.86E-05,5.16E-05,4.07E-05,3.04E-05,2.35E-05,2.26E-05
119411007,0.000348942,0.000159401,9.79E-05,6.86E-05,5.16E-05,4.07E-05,3.04E-05,2.35E-05,2.26E-05
119411008,0.000348942,0.000159401,9.79E-05,6.86E-05,5.16E-05,4.07E-05,3.04E-05,2.35E-05,2.26E-05
119411010,0.000348942,0.000159401,9.79E-05,6.86E-05,5.16E-05,4.07E-05,3.04E-05,2.35E-05,2.26E-05
119411015,0.000348942,0.000159401,9.79E-05,6.86E-05,5.16E-05,4.07E-05,3.04E-05,2.35E-05,2.26E-05
119411016,0.000348942,0.000159401,9.79E-05,6.86E-05,5.16E-05,4.07E-05,3.04E-05,2.35E-05,2.26E-05
119411017,0.000348942,0.000159401,9.79E-05,6.86E-05,5.16E-05,4.07E-05,3.04E-05,2.35E-05,2.26E-05
119411019,0.000348942,0.000159401,9.79E-05,6.86E-05,5.16E-05,4.07E-05,3.04E-05,2.35E-05,2.26E-05
119411020,0.000348942,0.000159401,9.79E-05,6.86E-05,5.16E-05,4.07E-05,3.04E-05,2.35E-05,2.26E-05
119411021,0.000348942,0.000159401,9.79E-05,6.86E-05,5.16E-05,4.07E-05,3.04E-05,2.35E-05,2.26E-05
119411022,0.000348942,0.000159401,9.79E-05,6.86E-05,5.16E-05,4.07E-05,3.04E-05,2.35E-05,2.26E-05
119411029,0.000348942,0.000159401,9.79E-05,6.86E-05,5.16E-05,4.07E-05,3.04E-05,2.35E-05,2.26E-05
119411030,0.000348942,0.000159401,9.79E-05,6.86E-05,5.16E-05,4.07E-05,3.04E-05,2.35E-05,2.26E-05
119411031,0.000348942,0.000159401,9.79E-05,6.86E-05,5.16E-05,4.07E-05,3.04E-05,2.35E-05,2.26E-05
119411033,0.000348942,0.000159401,9.79E-05,6.86E-05,5.16E-05,4.07E-05,3.04E-05,2.35E-05,2.26E-05
119411037,0.000348942,0.000159401,9.79E-05,6.86E-05,5.16E-05,4.07E-05,3.04E-05,2.35E-05,2.26E-05
119411038,0.000348942,0.000159401,9.79E-05,6.86E-05,5.16E-05,4.07E-05,3.04E-05,2.35E-05,2.26E-05
119411047,0.000348942,0.000159401,9.79E-05,6.86E-05,5.16E-05,4.07E-05,3.04E-05,2.35E-05,2.26E-05
119411049,0.000348942,0.000159401,9.79E-05,6.86E-05,5.16E-05,4.07E-05,3.04E-05,2.35E-05,2.26E-05
119411051,0.000348942,0.000159401,9.79E-05,6.86E-05,5.16E-05,4.07E-05,3.04E-05,2.35E-05,2.26E-05
119411052,0.000348942,0.000159401,9.79E-05,6.86E-05,5.16E-05,4.07E-05,3.04E-05,2.35E-05,2.26E-05
119411059,0.000348942,0.000159401,9.79E-05,6.86E-05,5.16E-05,4.07E-05,3.04E-05,2.35E-05,2.26E-05
119411065,0.000348942,0.000159401,9.79E-05,6.86E-05,5.16E-05,4.07E-05,3.04E-05,2.35E-05,2.26E-05
119411067,0.000348942,0.000159401,9.79E-05,6.86E-05,5.16E-05,4.07E-05,3.04E-05,2.35E-05,2.26E-05
119411073,0.000348942,0.000159401,9.79E-05,6.86E-05,5.16E-05,4.07E-05,3.04E-05,2.35E-05,2.26E-05
119411080,0.000348942,0.000159401,9.79E-05,6.86E-05,5.16E-05,4.07E-05,3.04E-05,2.35E-05,2.26E-05
119411081,0.000348942,0.000159401,9.79E-05,6.86E-05,5.16E-05,4.07E-05,3.04E-05,2.35E-05,2.26E-05
119411091,0.000348942,0.000159401,9.79E-05,6.86E-05,5.16E-05,4.07E-05,3.04E-05,2.35E-05,2.26E-05
119411097,0.000348942,0.000159401,9.79E-05,6.86E-05,5.16E-05,4.07E-05,3.04E-05,2.35E-05,2.26E-05
119411102,0.000348942,0.000159401,9.79E-05,6.86E-05,5.16E-05,4.07E-05,3.04E-05,2.35E-05,2.26E-05
119411107,0.000348942,0.000159401,9.79E-05,6.86E-05,5.16E-05,4.07E-05,3.04E-05,2.35E-05,2.26E-05
119411108,0.000348942,0.000159401,9.79E-05,6.86E-05,5.16E-05,4.07E-05,3.04E-05,2.35E-05,2.26E-05
119411111,0.000348942,0.000159401,9.79E-05,6.86E-05,5.16E-05,4.07E-05,3.04E-05,2.35E-05,2.26E-05
119411112,0.000348942,0.000159401,9.79E-05,6.86E-05,5.16E-05,4.07E-05,3.04E-05,2.35E-05,2.26E-05
119411123,0.000348942,0.000159401,9.79E-05,6.86E-05,5.16E-05,4.07E-05,3.04E-05,2.35E-05,2.26E-05
119411130,0.000348942,0.000159401,9.79E-05,6.86E-05,5.16E-05,4.07E-05,3.04E-05,2.35E-05,2.26E-05
119411133,0.000348942,0.000159401,9.79E-05,6.86E-05,5.16E-05,4.07E-05,3.04E-05,2.35E-05,2.26E-05
119411149,0.000348942,0.000159401,9.79E-05,6.86E-05,5.16E-05,4.07E-05,3.04E-05,2.35E-05,2.26E-05
119411151,0.000348942,0.000159401,9.79E-05,6.86E-05,5.16E-05,4.07E-05,3.04E-05,2.35E-05,2.26E-05
119411164,0.000348942,0.000159401,9.79E-05,6.86E-05,5.16E-05,4.07E-05,3.04E-05,2.35E-05,2.26E-05
119411177,0.000348942,0.000159401,9.79E-05,6.86E-05,5.16E-05,4.07E-05,3.04E-05,2.35E-05,2.26E-05
119411201,0.000348942,0.000159401,9.79E-05,6.86E-05,5.16E-05,4.07E-05,3.04E-05,2.35E-05,2.26E-05
119411228,0.000348942,0.000159401,9.79E-05,6.86E-05,5.16E-05,4.07E-05,3.04E-05,2.35E-05,2.26E-05
119411230,0.000348942,0.000159401,9.79E-05,6.86E-05,5.16E-05,4.07E-05,3.04E-05,2.35E-05,2.26E-05
119411231,0.000348942,0.000159401,9.79E-05,6.86E-05,5.16E-05,4.07E-05,3.04E-05,2.35E-05,2.26E-05
119411239,0.000348942,0.000159401,9.79E-05,6.86E-05,5.16E-05,4.07E-05,3.04E-05,2.35E-05,2.26E-05
119412002,0.000348942,0.000159401,9.79E-05,6.86E-05,5.16E-05,4.07E-05,3.04E-05,2.35E-05,2.26E-05
119412006,0.000348942,0.000159401,9.79E-05,6.86E-05,5.16E-05,4.07E-05,3.04E-05,2.35E-05,2.26E-05
119412009,0.000348942,0.000159401,9.79E-05,6.86E-05,5.16E-05,4.07E-05,3.04E-05,2.35E-05,2.26E-05
119412012,0.000348942,0.000159401,9.79E-05,6.86E-05,5.16E-05,4.07E-05,3.04E-05,2.35E-05,2.26E-05
119412013,0.000348942,0.000159401,9.79E-05,6.86E-05,5.16E-05,4.07E-05,3.04E-05,2.35E-05,2.26E-05
119412016,0.000348942,0.000159401,9.79E-05,6.86E-05,5.16E-05,4.07E-05,3.04E-05,2.35E-05,2.26E-05
119412017,0.000348942,0.000159401,9.79E-05,6.86E-05,5.16E-05,4.07E-05,3.04E-05,2.35E-05,2.26E-05
119412018,0.000348942,0.000159401,9.79E-05,6.86E-05,5.16E-05,4.07E-05,3.04E-05,2.35E-05,2.26E-05
119412025,0.000348942,0.000159401,9.79E-05,6.86E-05,5.16E-05,4.07E-05,3.04E-05,2.35E-05,2.26E-05
119412026,0.000348942,0.000159401,9.79E-05,6.86E-05,5.16E-05,4.07E-05,3.04E-05,2.35E-05,2.26E-05
119412029,0.000348942,0.000159401,9.79E-05,6.86E-05,5.16E-05,4.07E-05,3.04E-05,2.35E-05,2.26E-05
119412031,0.000348942,0.000159401,9.79E-05,6.86E-05,5.16E-05,4.07E-05,3.04E-05,2.35E-05,2.26E-05
119412032,0.000348942,0.000159401,9.79E-05,6.86E-05,5.16E-05,4.07E-05,3.04E-05,2.35E-05,2.26E-05
119412036,0.000348942,0.000159401,9.79E-05,6.86E-05,5.16E-05,4.07E-05,3.04E-05,2.35E-05,2.26E-05
119412039,0.000348942,0.000159401,9.79E-05,6.86E-05,5.16E-05,4.07E-05,3.04E-05,2.35E-05,2.26E-05
119412040,0.000348942,0.000159401,9.79E-05,6.86E-05,5.16E-05,4.07E-05,3.04E-05,2.35E-05,2.26E-05
119412042,0.000348942,0.000159401,9.79E-05,6.86E-05,5.16E-05,4.07E-05,3.04E-05,2.35E-05,2.26E-05
119412045,0.000348942,0.000159401,9.79E-05,6.86E-05,5.16E-05,4.07E-05,3.04E-05,2.35E-05,2.26E-05
119412046,0.000348942,0.000159401,9.79E-05,6.86E-05,5.16E-05,4.07E-05,3.04E-05,2.35E-05,2.26E-05
119412052,0.000348942,0.000159401,9.79E-05,6.86E-05,5.16E-05,4.07E-05,3.04E-05,2.35E-05,2.26E-05
119412055,0.000348942,0.000159401,9.79E-05,6.86E-05,5.16E-05,4.07E-05,3.04E-05,2.35E-05,2.26E-05
119412056,0.000348942,0.000159401,9.79E-05,6.86E-05,5.16E-05,4.07E-05,3.04E-05,2.35E-05,2.26E-05
119412057,0.000348942,0.000159401,9.79E-05,6.86E-05,5.16E-05,4.07E-05,3.04E-05,2.35E-05,2.26E-05
119412059,0.000348942,0.000159401,9.79E-05,6.86E-05,5.16E-05,4.07E-05,3.04E-05,2.35E-05,2.26E-05
119412063,0.000348942,0.000159401,9.79E-05,6.86E-05,5.16E-05,4.07E-05,3.04E-05,2.35E-05,2.26E-05
119412068,0.000348942,0.000159401,9.79E-05,6.86E-05,5.16E-05,4.07E-05,3.04E-05,2.35E-05,2.26E-05
119412075,0.000348942,0.000159401,9.79E-05,6.86E-05,5.16E-05,4.07E-05,3.04E-05,2.35E-05,2.26E-05
119412083,0.000348942,0.000159401,9.79E-05,6.86E-05,5.16E-05,4.07E-05,3.04E-05,2.35E-05,2.26E-05
119412087,0.000348942,0.000159401,9.79E-05,6.86E-05,5.16E-05,4.07E-05,3.04E-05,2.35E-05,2.26E-05
119412091,0.000348942,0.000159401,9.79E-05,6.86E-05,5.16E-05,4.07E-05,3.04E-05,2.35E-05,2.26E-05
119412125,0.000348942,0.000159401,9.79E-05,6.86E-05,5.16E-05,4.07E-05,3.04E-05,2.35E-05,2.26E-05
119412133,0.000348942,0.000159401,9.79E-05,6.86E-05,5.16E-05,4.07E-05,3.04E-05,2.35E-05,2.26E-05
119412155,0.000348942,0.000159401,9.79E-05,6.86E-05,5.16E-05,4.07E-05,3.04E-05,2.35E-05,2.26E-05
119412165,0.000348942,0.000159401,9.79E-05,6.86E-05,5.16E-05,4.07E-05,3.04E-05,2.35E-05,2.26E-05
119412173,0.000348942,0.000159401,9.79E-05,6.86E-05,5.16E-05,4.07E-05,3.04E-05,2.35E-05,2.26E-05
119412186,0.000348942,0.000159401,9.79E-05,6.86E-05,5.16E-05,4.07E-05,3.04E-05,2.35E-05,2.26E-05
119412188,0.000348942,0.000159401,9.79E-05,6.86E-05,5.16E-05,4.07E-05,3.04E-05,2.35E-05,2.26E-05
119412201,0.000348942,0.000159401,9.79E-05,6.86E-05,5.16E-05,4.07E-05,3.04E-05,2.35E-05,2.26E-05
119412204,0.000348942,0.000159401,9.79E-05,6.86E-05,5.16E-05,4.07E-05,3.04E-05,2.35E-05,2.26E-05
119412205,0.000348942,0.000159401,9.79E-05,6.86E-05,5.16E-05,4.07E-05,3.04E-05,2.35E-05,2.26E-05
9406277,0.000348942,0.000159401,9.79E-05,6.86E-05,5.16E-05,4.07E-05,3.04E-05,2.35E-05,2.26E-05
9406279,0.000348942,0.000159401,9.79E-05,6.86E-05,5.16E-05,4.07E-05,3.04E-05,2.35E-05,2.26E-05
9406280,0.000348942,0.000159401,9.79E-05,6.86E-05,5.16E-05,4.07E-05,3.04E-05,2.35E-05,2.26E-05
9406281,0.000348942,0.000159401,9.79E-05,6.86E-05,5.16E-05,4.07E-05,3.04E-05,2.35E-05,2.26E-05
9406291,0.000348942,0.000159401,9.79E-05,6.86E-05,5.16E-05,4.07E-05,3.04E-05,2.35E-05,2.26E-05
9406292,0.000348942,0.000159401,9.79E-05,6.86E-05,5.16E-05,4.07E-05,3.04E-05,2.35E-05,2.26E-05
9406293,0.000348942,0.000159401,9.79E-05,6.86E-05,5.16E-05,4.07E-05,3.04E-05,2.35E-05,2.26E-05
9406296,0.000348942,0.000159401,9.79E-05,6.86E-05,5.16E-05,4.07E-05,3.04E-05,2.35E-05,2.26E-05
9406297,0.000348942,0.000159401,9.79E-05,6.86E-05,5.16E-05,4.07E-05,3.04E-05,2.35E-05,2.26E-05
9406310,0.000348942,0.000159401,9.79E-05,6.86E-05,5.16E-05,4.07E-05,3.04E-05,2.35E-05,2.26E-05
9406311,0.000348942,0.000159401,9.79E-05,6.86E-05,5.16E-05,4.07E-05,3.04E-05,2.35E-05,2.26E-05
9406326,0.000348942,0.000159401,9.79E-05,6.86E-05,5.16E-05,4.07E-05,3.04E-05,2.35E-05,2.26E-05
9406333,0.000348942,0.000159401,9.79E-05,6.86E-05,5.16E-05,4.07E-05,3.04E-05,2.35E-05,2.26E-05
9406340,0.000348942,0.000159401,9.79E-05,6.86E-05,5.16E-05,4.07E-05,3.04E-05,2.35E-05,2.26E-05
9407247,0.000348942,0.000159401,9.79E-05,6.86E-05,5.16E-05,4.07E-05,3.04E-05,2.35E-05,2.26E-05
9407248,0.000348942,0.000159401,9.79E-05,6.86E-05,5.16E-05,4.07E-05,3.04E-05,2.35E-05,2.26E-05
9407249,0.000348942,0.000159401,9.79E-05,6.86E-05,5.16E-05,4.07E-05,3.04E-05,2.35E-05,2.26E-05
9407250,0.000348942,0.000159401,9.79E-05,6.86E-05,5.16E-05,4.07E-05,3.04E-05,2.35E-05,2.26E-05
9407251,0.000348942,0.000159401,9.79E-05,6.86E-05,5.16E-05,4.07E-05,3.04E-05,2.35E-05,2.26E-05
9407252,0.000348942,0.000159401,9.79E-05,6.86E-05,5.16E-05,4.07E-05,3.04E-05,2.35E-05,2.26E-05
9407254,0.000348942,0.000159401,9.79E-05,6.86E-05,5.16E-05,4.07E-05,3.04E-05,2.35E-05,2.26E-05
9407255,0.000348942,0.000159401,9.79E-05,6.86E-05,5.16E-05,4.07E-05,3.04E-05,2.35E-05,2.26E-05
9407256,0.000348942,0.000159401,9.79E-05,6.86E-05,5.16E-05,4.07E-05,3.04E-05,2.35E-05,2.26E-05
9407257,0.000348942,0.000159401,9.79E-05,6.86E-05,5.16E-05,4.07E-05,3.04E-05,2.35E-05,2.26E-05
9407258,0.000348942,0.000159401,9.79E-05,6.86E-05,5.16E-05,4.07E-05,3.04E-05,2.35E-05,2.26E-05
9407259,0.000348942,0.000159401,9.79E-05,6.86E-05,5.16E-05,4.07E-05,3.04E-05,2.35E-05,2.26E-05
9407260,0.000348942,0.000159401,9.79E-05,6.86E-05,5.16E-05,4.07E-05,3.04E-05,2.35E-05,2.26E-05
9407261,0.000348942,0.000159401,9.79E-05,6.86E-05,5.16E-05,4.07E-05,3.04E-05,2.35E-05,2.26E-05
9407262,0.000348942,0.000159401,9.79E-05,6.86E-05,5.16E-05,4.07E-05,3.04E-05,2.35E-05,2.26E-05
9407263,0.000348942,0.000159401,9.79E-05,6.86E-05,5.16E-05,4.07E-05,3.04E-05,2.35E-05,2.26E-05
9407264,0.000348942,0.000159401,9.79E-05,6.86E-05,5.16E-05,4.07E-05,3.04E-05,2.35E-05,2.26E-05
9407265,0.000348942,0.000159401,9.79E-05,6.86E-05,5.16E-05,4.07E-05,3.04E-05,2.35E-05,2.26E-05
9407266,0.000348942,0.000159401,9.79E-05,6.86E-05,5.16E-05,4.07E-05,3.04E-05,2.35E-05,2.26E-05
9407267,0.000348942,0.000159401,9.79E-05,6.86E-05,5.16E-05,4.07E-05,3.04E-05,2.35E-05,2.26E-05
9407268,0.000348942,0.000159401,9.79E-05,6.86E-05,5.16E-05,4.07E-05,3.04E-05,2.35E-05,2.26E-05
9407269,0.000348942,0.000159401,9.79E-05,6.86E-05,5.16E-05,4.07E-05,3.04E-05,2.35E-05,2.26E-05
9407270,0.000348942,0.000159401,9.79E-05,6.86E-05,5.16E-05,4.07E-05,3.04E-05,2.35E-05,2.26E-05
9407271,0.000348942,0.000159401,9.79E-05,6.86E-05,5.16E-05,4.07E-05,3.04E-05,2.35E-05,2.26E-05
9407272,0.000348942,0.000159401,9.79E-05,6.86E-05,5.16E-05,4.07E-05,3.04E-05,2.35E-05,2.26E-05
9407273,0.000348942,0.000159401,9.79E-05,6.86E-05,5.16E-05,4.07E-05,3.04E-05,2.35E-05,2.26E-05
9407274,0.000348942,0.000159401,9.79E-05,6.86E-05,5.16E-05,4.07E-05,3.04E-05,2.35E-05,2.26E-05
9407275,0.000348942,0.000159401,9.79E-05,6.86E-05,5.16E-05,4.07E-05,3.04E-05,2.35E-05,2.26E-05
9407276,0.000348942,0.000159401,9.79E-05,6.86E-05,5.16E-05,4.07E-05,3.04E-05,2.35E-05,2.26E-05
9407277,0.000348942,0.000159401,9.79E-05,6.86E-05,5.16E-05,4.07E-05,3.04E-05,2.35E-05,2.26E-05
9407278,0.000348942,0.000159401,9.79E-05,6.86E-05,5.16E-05,4.07E-05,3.04E-05,2.35E-05,2.26E-05
9407279,0.000348942,0.000159401,9.79E-05,6.86E-05,5.16E-05,4.07E-05,3.04E-05,2.35E-05,2.26E-05
9407280,0.000348942,0.000159401,9.79E-05,6.86E-05,5.16E-05,4.07E-05,3.04E-05,2.35E-05,2.26E-05
9407281,0.000348942,0.000159401,9.79E-05,6.86E-05,5.16E-05,4.07E-05,3.04E-05,2.35E-05,2.26E-05
9407282,0.000348942,0.000159401,9.79E-05,6.86E-05,5.16E-05,4.07E-05,3.04E-05,2.35E-05,2.26E-05
9407283,0.000348942,0.000159401,9.79E-05,6.86E-05,5.16E-05,4.07E-05,3.04E-05,2.35E-05,2.26E-05
9407284,0.000348942,0.000159401,9.79E-05,6.86E-05,5.16E-05,4.07E-05,3.04E-05,2.35E-05,2.26E-05
9407285,0.000348942,0.000159401,9.79E-05,6.86E-05,5.16E-05,4.07E-05,3.04E-05,2.35E-05,2.26E-05
9407286,0.000348942,0.000159401,9.79E-05,6.86E-05,5.16E-05,4.07E-05,3.04E-05,2.35E-05,2.26E-05
9407287,0.000348942,0.000159401,9.79E-05,6.86E-05,5.16E-05,4.07E-05,3.04E-05,2.35E-05,2.26E-05
9407288,0.000348942,0.000159401,9.79E-05,6.86E-05,5.16E-05,4.07E-05,3.04E-05,2.35E-05,2.26E-05
9407289,0.000348942,0.000159401,9.79E-05,6.86E-05,5.16E-05,4.07E-05,3.04E-05,2.35E-05,2.26E-05
9407290,0.000348942,0.000159401,9.79E-05,6.86E-05,5.16E-05,4.07E-05,3.04E-05,2.35E-05,2.26E-05
9407291,0.000348942,0.000159401,9.79E-05,6.86E-05,5.16E-05,4.07E-05,3.04E-05,2.35E-05,2.26E-05
9407292,0.000348942,0.000159401,9.79E-05,6.86E-05,5.16E-05,4.07E-05,3.04E-05,2.35E-05,2.26E-05
9407293,0.000348942,0.000159401,9.79E-05,6.86E-05,5.16E-05,4.07E-05,3.04E-05,2.35E-05,2.26E-05
9407294,0.000348942,0.000159401,9.79E-05,6.86E-05,5.16E-05,4.07E-05,3.04E-05,2.35E-05,2.26E-05
9407295,0.000348942,0.000159401,9.79E-05,6.86E-05,5.16E-05,4.07E-05,3.04E-05,2.35E-05,2.26E-05
9407296,0.000348942,0.000159401,9.79E-05,6.86E-05,5.16E-05,4.07E-05,3.04E-05,2.35E-05,2.26E-05
9407297,0.000348942,0.000159401,9.79E-05,6.86E-05,5.16E-05,4.07E-05,3.04E-05,2.35E-05,2.26E-05
9407298,0.000348942,0.000159401,9.79E-05,6.86E-05,5.16E-05,4.07E-05,3.04E-05,2.35E-05,2.26E-05
9407299,0.000348942,0.000159401,9.79E-05,6.86E-05,5.16E-05,4.07E-05,3.04E-05,2.35E-05,2.26E-05
9407300,0.000348942,0.000159401,9.79E-05,6.86E-05,5.16E-05,4.07E-05,3.04E-05,2.35E-05,2.26E-05
9407301,0.000348942,0.000159401,9.79E-05,6.86E-05,5.16E-05,4.07E-05,3.04E-05,2.35E-05,2.26E-05
9407302,0.000348942,0.000159401,9.79E-05,6.86E-05,5.16E-05,4.07E-05,3.04E-05,2.35E-05,2.26E-05
9407303,0.000348942,0.000159401,9.79E-05,6.86E-05,5.16E-05,4.07E-05,3.04E-05,2.35E-05,2.26E-05
9407304,0.000348942,0.000159401,9.79E-05,6.86E-05,5.16E-05,4.07E-05,3.04E-05,2.35E-05,2.26E-05
9407305,0.000348942,0.000159401,9.79E-05,6.86E-05,5.16E-05,4.07E-05,3.04E-05,2.35E-05,2.26E-05
9407306,0.000348942,0.000159401,9.79E-05,6.86E-05,5.16E-05,4.07E-05,3.04E-05,2.35E-05,2.26E-05
9407307,0.000348942,0.000159401,9.79E-05,6.86E-05,5.16E-05,4.07E-05,3.04E-05,2.35E-05,2.26E-05
9407308,0.000348942,0.000159401,9.79E-05,6.86E-05,5.16E-05,4.07E-05,3.04E-05,2.35E-05,2.26E-05
9407309,0.000348942,0.000159401,9.79E-05,6.86E-05,5.16E-05,4.07E-05,3.04E-05,2.35E-05,2.26E-05
9407310,0.000348942,0.000159401,9.79E-05,6.86E-05,5.16E-05,4.07E-05,3.04E-05,2.35E-05,2.26E-05
9407311,0.000348942,0.000159401,9.79E-05,6.86E-05,5.16E-05,4.07E-05,3.04E-05,2.35E-05,2.26E-05
9407312,0.000348942,0.000159401,9.79E-05,6.86E-05,5.16E-05,4.07E-05,3.04E-05,2.35E-05,2.26E-05
9407313,0.000348942,0.000159401,9.79E-05,6.86E-05,5.16E-05,4.07E-05,3.04E-05,2.35E-05,2.26E-05
9407314,0.000348942,0.000159401,9.79E-05,6.86E-05,5.16E-05,4.07E-05,3.04E-05,2.35E-05,2.26E-05
9407315,0.000348942,0.000159401,9.79E-05,6.86E-05,5.16E-05,4.07E-05,3.04E-05,2.35E-05,2.26E-05
9407316,0.000348942,0.000159401,9.79E-05,6.86E-05,5.16E-05,4.07E-05,3.04E-05,2.35E-05,2.26E-05
9407317,0.000348942,0.000159401,9.79E-05,6.86E-05,5.16E-05,4.07E-05,3.04E-05,2.35E-05,2.26E-05
9407318,0.000348942,0.000159401,9.79E-05,6.86E-05,5.16E-05,4.07E-05,3.04E-05,2.35E-05,2.26E-05
9407319,0.000348942,0.000159401,9.79E-05,6.86E-05,5.16E-05,4.07E-05,3.04E-05,2.35E-05,2.26E-05
9407320,0.000348942,0.000159401,9.79E-05,6.86E-05,5.16E-05,4.07E-05,3.04E-05,2.35E-05,2.26E-05
9407321,0.000348942,0.000159401,9.79E-05,6.86E-05,5.16E-05,4.07E-05,3.04E-05,2.35E-05,2.26E-05
9407322,0.000348942,0.000159401,9.79E-05,6.86E-05,5.16E-05,4.07E-05,3.04E-05,2.35E-05,2.26E-05
9407323,0.000348942,0.000159401,9.79E-05,6.86E-05,5.16E-05,4.07E-05,3.04E-05,2.35E-05,2.26E-05
9407324,0.000348942,0.000159401,9.79E-05,6.86E-05,5.16E-05,4.07E-05,3.04E-05,2.35E-05,2.26E-05
9407325,0.000348942,0.000159401,9.79E-05,6.86E-05,5.16E-05,4.07E-05,3.04E-05,2.35E-05,2.26E-05
9407326,0.000348942,0.000159401,9.79E-05,6.86E-05,5.16E-05,4.07E-05,3.04E-05,2.35E-05,2.26E-05
9407327,0.000348942,0.000159401,9.79E-05,6.86E-05,5.16E-05,4.07E-05,3.04E-05,2.35E-05,2.26E-05
9407328,0.000348942,0.000159401,9.79E-05,6.86E-05,5.16E-05,4.07E-05,3.04E-05,2.35E-05,2.26E-05
9407329,0.000348942,0.000159401,9.79E-05,6.86E-05,5.16E-05,4.07E-05,3.04E-05,2.35E-05,2.26E-05
9407330,0.000348942,0.000159401,9.79E-05,6.86E-05,5.16E-05,4.07E-05,3.04E-05,2.35E-05,2.26E-05
9407331,0.000348942,0.000159401,9.79E-05,6.86E-05,5.16E-05,4.07E-05,3.04E-05,2.35E-05,2.26E-05
9407332,0.000348942,0.000159401,9.79E-05,6.86E-05,5.16E-05,4.07E-05,3.04E-05,2.35E-05,2.26E-05
9407333,0.000348942,0.000159401,9.79E-05,6.86E-05,5.16E-05,4.07E-05,3.04E-05,2.35E-05,2.26E-05
9407334,0.000348942,0.000159401,9.79E-05,6.86E-05,5.16E-05,4.07E-05,3.04E-05,2.35E-05,2.26E-05
9407335,0.000348942,0.000159401,9.79E-05,6.86E-05,5.16E-05,4.07E-05,3.04E-05,2.35E-05,2.26E-05
9407336,0.000348942,0.000159401,9.79E-05,6.86E-05,5.16E-05,4.07E-05,3.04E-05,2.35E-05,2.26E-05
9407337,0.000348942,0.000159401,9.79E-05,6.86E-05,5.16E-05,4.07E-05,3.04E-05,2.35E-05,2.26E-05
9407338,0.000348942,0.000159401,9.79E-05,6.86E-05,5.16E-05,4.07E-05,3.04E-05,2.35E-05,2.26E-05
9407339,0.000348942,0.000159401,9.79E-05,6.86E-05,5.16E-05,4.07E-05,3.04E-05,2.35E-05,2.26E-05
9407340,0.000348942,0.000159401,9.79E-05,6.86E-05,5.16E-05,4.07E-05,3.04E-05,2.35E-05,2.26E-05
9407341,0.000348942,0.000159401,9.79E-05,6.86E-05,5.16E-05,4.07E-05,3.04E-05,2.35E-05,2.26E-05
9407342,0.000348942,0.000159401,9.79E-05,6.86E-05,5.16E-05,4.07E-05,3.04E-05,2.35E-05,2.26E-05
9407343,0.000348942,0.000159401,9.79E-05,6.86E-05,5.16E-05,4.07E-05,3.04E-05,2.35E-05,2.26E-05
9407344,0.000348942,0.000159401,9.79E-05,6.86E-05,5.16E-05,4.07E-05,3.04E-05,2.35E-05,2.26E-05
9407345,0.000348942,0.000159401,9.79E-05,6.86E-05,5.16E-05,4.07E-05,3.04E-05,2.35E-05,2.26E-05
9407347,0.000348942,0.000159401,9.79E-05,6.86E-05,5.16E-05,4.07E-05,3.04E-05,2.35E-05,2.26E-05
9407348,0.000348942,0.000159401,9.79E-05,6.86E-05,5.16E-05,4.07E-05,3.04E-05,2.35E-05,2.26E-05
9407351,0.000348942,0.000159401,9.79E-05,6.86E-05,5.16E-05,4.07E-05,3.04E-05,2.35E-05,2.26E-05
9407352,0.000348942,0.000159401,9.79E-05,6.86E-05,5.16E-05,4.07E-05,3.04E-05,2.35E-05,2.26E-05
9407354,0.000348942,0.000159401,9.79E-05,6.86E-05,5.16E-05,4.07E-05,3.04E-05,2.35E-05,2.26E-05
9407357,0.000348942,0.000159401,9.79E-05,6.86E-05,5.16E-05,4.07E-05,3.04E-05,2.35E-05,2.26E-05
9407358,0.000348942,0.000159401,9.79E-05,6.86E-05,5.16E-05,4.07E-05,3.04E-05,2.35E-05,2.26E-05
9407359,0.000348942,0.000159401,9.79E-05,6.86E-05,5.16E-05,4.07E-05,3.04E-05,2.35E-05,2.26E-05
9407360,0.000348942,0.000159401,9.79E-05,6.86E-05,5.16E-05,4.07E-05,3.04E-05,2.35E-05,2.26E-05
9407362,0.000348942,0.000159401,9.79E-05,6.86E-05,5.16E-05,4.07E-05,3.04E-05,2.35E-05,2.26E-05
9407365,0.000348942,0.000159401,9.79E-05,6.86E-05,5.16E-05,4.07E-05,3.04E-05,2.35E-05,2.26E-05
9407369,0.000348942,0.000159401,9.79E-05,6.86E-05,5.16E-05,4.07E-05,3.04E-05,2.35E-05,2.26E-05
9407371,0.000348942,0.000159401,9.79E-05,6.86E-05,5.16E-05,4.07E-05,3.04E-05,2.35E-05,2.26E-05
9407372,0.000348942,0.000159401,9.79E-05,6.86E-05,5.16E-05,4.07E-05,3.04E-05,2.35E-05,2.26E-05
9407373,0.000348942,0.000159401,9.79E-05,6.86E-05,5.16E-05,4.07E-05,3.04E-05,2.35E-05,2.26E-05
9407374,0.000348942,0.000159401,9.79E-05,6.86E-05,5.16E-05,4.07E-05,3.04E-05,2.35E-05,2.26E-05
9407375,0.000348942,0.000159401,9.79E-05,6.86E-05,5.16E-05,4.07E-05,3.04E-05,2.35E-05,2.26E-05
9407379,0.000348942,0.000159401,9.79E-05,6.86E-05,5.16E-05,4.07E-05,3.04E-05,2.35E-05,2.26E-05
9407380,0.000348942,0.000159401,9.79E-05,6.86E-05,5.16E-05,4.07E-05,3.04E-05,2.35E-05,2.26E-05
9407382,0.000348942,0.000159401,9.79E-05,6.86E-05,5.16E-05,4.07E-05,3.04E-05,2.35E-05,2.26E-05
9407385,0.000348942,0.000159401,9.79E-05,6.86E-05,5.16E-05,4.07E-05,3.04E-05,2.35E-05,2.26E-05
9407386,0.000348942,0.000159401,9.79E-05,6.86E-05,5.16E-05,4.07E-05,3.04E-05,2.35E-05,2.26E-05
9407390,0.000348942,0.000159401,9.79E-05,6.86E-05,5.16E-05,4.07E-05,3.04E-05,2.35E-05,2.26E-05
9407398,0.000348942,0.000159401,9.79E-05,6.86E-05,5.16E-05,4.07E-05,3.04E-05,2.35E-05,2.26E-05
9408201,0.000348942,0.000159401,9.79E-05,6.86E-05,5.16E-05,4.07E-05,3.04E-05,2.35E-05,2.26E-05
9408202,0.000348942,0.000159401,9.79E-05,6.86E-05,5.16E-05,4.07E-05,3.04E-05,2.35E-05,2.26E-05
9408203,0.000348942,0.000159401,9.79E-05,6.86E-05,5.16E-05,4.07E-05,3.04E-05,2.35E-05,2.26E-05
9408204,0.000348942,0.000159401,9.79E-05,6.86E-05,5.16E-05,4.07E-05,3.04E-05,2.35E-05,2.26E-05
9408205,0.000348942,0.000159401,9.79E-05,6.86E-05,5.16E-05,4.07E-05,3.04E-05,2.35E-05,2.26E-05
9408206,0.000348942,0.000159401,9.79E-05,6.86E-05,5.16E-05,4.07E-05,3.04E-05,2.35E-05,2.26E-05
9408207,0.000348942,0.000159401,9.79E-05,6.86E-05,5.16E-05,4.07E-05,3.04E-05,2.35E-05,2.26E-05
9408208,0.000348942,0.000159401,9.79E-05,6.86E-05,5.16E-05,4.07E-05,3.04E-05,2.35E-05,2.26E-05
9408209,0.000348942,0.000159401,9.79E-05,6.86E-05,5.16E-05,4.07E-05,3.04E-05,2.35E-05,2.26E-05
9408210,0.000348942,0.000159401,9.79E-05,6.86E-05,5.16E-05,4.07E-05,3.04E-05,2.35E-05,2.26E-05
9408211,0.000348942,0.000159401,9.79E-05,6.86E-05,5.16E-05,4.07E-05,3.04E-05,2.35E-05,2.26E-05
9408212,0.000348942,0.000159401,9.79E-05,6.86E-05,5.16E-05,4.07E-05,3.04E-05,2.35E-05,2.26E-05
9408214,0.000348942,0.000159401,9.79E-05,6.86E-05,5.16E-05,4.07E-05,3.04E-05,2.35E-05,2.26E-05
9408215,0.000348942,0.000159401,9.79E-05,6.86E-05,5.16E-05,4.07E-05,3.04E-05,2.35E-05,2.26E-05
9408216,0.000348942,0.000159401,9.79E-05,6.86E-05,5.16E-05,4.07E-05,3.04E-05,2.35E-05,2.26E-05
9408217,0.000348942,0.000159401,9.79E-05,6.86E-05,5.16E-05,4.07E-05,3.04E-05,2.35E-05,2.26E-05
9408218,0.000348942,0.000159401,9.79E-05,6.86E-05,5.16E-05,4.07E-05,3.04E-05,2.35E-05,2.26E-05
9408219,0.000348942,0.000159401,9.79E-05,6.86E-05,5.16E-05,4.07E-05,3.04E-05,2.35E-05,2.26E-05
9408220,0.000348942,0.000159401,9.79E-05,6.86E-05,5.16E-05,4.07E-05,3.04E-05,2.35E-05,2.26E-05
9408221,0.000348942,0.000159401,9.79E-05,6.86E-05,5.16E-05,4.07E-05,3.04E-05,2.35E-05,2.26E-05
9408222,0.000348942,0.000159401,9.79E-05,6.86E-05,5.16E-05,4.07E-05,3.04E-05,2.35E-05,2.26E-05
9408223,0.000348942,0.000159401,9.79E-05,6.86E-05,5.16E-05,4.07E-05,3.04E-05,2.35E-05,2.26E-05
9408224,0.000348942,0.000159401,9.79E-05,6.86E-05,5.16E-05,4.07E-05,3.04E-05,2.35E-05,2.26E-05
9408225,0.000348942,0.000159401,9.79E-05,6.86E-05,5.16E-05,4.07E-05,3.04E-05,2.35E-05,2.26E-05
9408226,0.000348942,0.000159401,9.79E-05,6.86E-05,5.16E-05,4.07E-05,3.04E-05,2.35E-05,2.26E-05
9408227,0.000348942,0.000159401,9.79E-05,6.86E-05,5.16E-05,4.07E-05,3.04E-05,2.35E-05,2.26E-05
9408228,0.000348942,0.000159401,9.79E-05,6.86E-05,5.16E-05,4.07E-05,3.04E-05,2.35E-05,2.26E-05
9408229,0.000348942,0.000159401,9.79E-05,6.86E-05,5.16E-05,4.07E-05,3.04E-05,2.35E-05,2.26E-05
9408230,0.000348942,0.000159401,9.79E-05,6.86E-05,5.16E-05,4.07E-05,3.04E-05,2.35E-05,2.26E-05
9408231,0.000348942,0.000159401,9.79E-05,6.86E-05,5.16E-05,4.07E-05,3.04E-05,2.35E-05,2.26E-05
9408232,0.000348942,0.000159401,9.79E-05,6.86E-05,5.16E-05,4.07E-05,3.04E-05,2.35E-05,2.26E-05
9408233,0.000348942,0.000159401,9.79E-05,6.86E-05,5.16E-05,4.07E-05,3.04E-05,2.35E-05,2.26E-05
9408234,0.000348942,0.000159401,9.79E-05,6.86E-05,5.16E-05,4.07E-05,3.04E-05,2.35E-05,2.26E-05
9408235,0.000348942,0.000159401,9.79E-05,6.86E-05,5.16E-05,4.07E-05,3.04E-05,2.35E-05,2.26E-05
9408236,0.000348942,0.000159401,9.79E-05,6.86E-05,5.16E-05,4.07E-05,3.04E-05,2.35E-05,2.26E-05
9408237,0.000348942,0.000159401,9.79E-05,6.86E-05,5.16E-05,4.07E-05,3.04E-05,2.35E-05,2.26E-05
9408238,0.000348942,0.000159401,9.79E-05,6.86E-05,5.16E-05,4.07E-05,3.04E-05,2.35E-05,2.26E-05
9408239,0.000348942,0.000159401,9.79E-05,6.86E-05,5.16E-05,4.07E-05,3.04E-05,2.35E-05,2.26E-05
9408240,0.000348942,0.000159401,9.79E-05,6.86E-05,5.16E-05,4.07E-05,3.04E-05,2.35E-05,2.26E-05
9408241,0.000348942,0.000159401,9.79E-05,6.86E-05,5.16E-05,4.07E-05,3.04E-05,2.35E-05,2.26E-05
9408242,0.000348942,0.000159401,9.79E-05,6.86E-05,5.16E-05,4.07E-05,3.04E-05,2.35E-05,2.26E-05
9408243,0.000348942,0.000159401,9.79E-05,6.86E-05,5.16E-05,4.07E-05,3.04E-05,2.35E-05,2.26E-05
9408244,0.000348942,0.000159401,9.79E-05,6.86E-05,5.16E-05,4.07E-05,3.04E-05,2.35E-05,2.26E-05
9408245,0.000348942,0.000159401,9.79E-05,6.86E-05,5.16E-05,4.07E-05,3.04E-05,2.35E-05,2.26E-05
9408246,0.000348942,0.000159401,9.79E-05,6.86E-05,5.16E-05,4.07E-05,3.04E-05,2.35E-05,2.26E-05
9408247,0.000348942,0.000159401,9.79E-05,6.86E-05,5.16E-05,4.07E-05,3.04E-05,2.35E-05,2.26E-05
9408248,0.000348942,0.000159401,9.79E-05,6.86E-05,5.16E-05,4.07E-05,3.04E-05,2.35E-05,2.26E-05
9408249,0.000348942,0.000159401,9.79E-05,6.86E-05,5.16E-05,4.07E-05,3.04E-05,2.35E-05,2.26E-05
9408250,0.000348942,0.000159401,9.79E-05,6.86E-05,5.16E-05,4.07E-05,3.04E-05,2.35E-05,2.26E-05
9408251,0.000348942,0.000159401,9.79E-05,6.86E-05,5.16E-05,4.07E-05,3.04E-05,2.35E-05,2.26E-05
9408252,0.000348942,0.000159401,9.79E-05,6.86E-05,5.16E-05,4.07E-05,3.04E-05,2.35E-05,2.26E-05
9408253,0.000348942,0.000159401,9.79E-05,6.86E-05,5.16E-05,4.07E-05,3.04E-05,2.35E-05,2.26E-05
9408254,0.000348942,0.000159401,9.79E-05,6.86E-05,5.16E-05,4.07E-05,3.04E-05,2.35E-05,2.26E-05
9408255,0.000348942,0.000159401,9.79E-05,6.86E-05,5.16E-05,4.07E-05,3.04E-05,2.35E-05,2.26E-05
9408256,0.000348942,0.000159401,9.79E-05,6.86E-05,5.16E-05,4.07E-05,3.04E-05,2.35E-05,2.26E-05
9408257,0.000348942,0.000159401,9.79E-05,6.86E-05,5.16E-05,4.07E-05,3.04E-05,2.35E-05,2.26E-05
9408258,0.000348942,0.000159401,9.79E-05,6.86E-05,5.16E-05,4.07E-05,3.04E-05,2.35E-05,2.26E-05
9408259,0.000348942,0.000159401,9.79E-05,6.86E-05,5.16E-05,4.07E-05,3.04E-05,2.35E-05,2.26E-05
9408260,0.000348942,0.000159401,9.79E-05,6.86E-05,5.16E-05,4.07E-05,3.04E-05,2.35E-05,2.26E-05
9408261,0.000348942,0.000159401,9.79E-05,6.86E-05,5.16E-05,4.07E-05,3.04E-05,2.35E-05,2.26E-05
9408262,0.000348942,0.000159401,9.79E-05,6.86E-05,5.16E-05,4.07E-05,3.04E-05,2.35E-05,2.26E-05
9408263,0.000348942,0.000159401,9.79E-05,6.86E-05,5.16E-05,4.07E-05,3.04E-05,2.35E-05,2.26E-05
9408264,0.000348942,0.000159401,9.79E-05,6.86E-05,5.16E-05,4.07E-05,3.04E-05,2.35E-05,2.26E-05
9408265,0.000348942,0.000159401,9.79E-05,6.86E-05,5.16E-05,4.07E-05,3.04E-05,2.35E-05,2.26E-05
9408266,0.000348942,0.000159401,9.79E-05,6.86E-05,5.16E-05,4.07E-05,3.04E-05,2.35E-05,2.26E-05
9408267,0.000348942,0.000159401,9.79E-05,6.86E-05,5.16E-05,4.07E-05,3.04E-05,2.35E-05,2.26E-05
9408268,0.000348942,0.000159401,9.79E-05,6.86E-05,5.16E-05,4.07E-05,3.04E-05,2.35E-05,2.26E-05
9408269,0.000348942,0.000159401,9.79E-05,6.86E-05,5.16E-05,4.07E-05,3.04E-05,2.35E-05,2.26E-05
9408270,0.000348942,0.000159401,9.79E-05,6.86E-05,5.16E-05,4.07E-05,3.04E-05,2.35E-05,2.26E-05
9408271,0.000348942,0.000159401,9.79E-05,6.86E-05,5.16E-05,4.07E-05,3.04E-05,2.35E-05,2.26E-05
9408272,0.000348942,0.000159401,9.79E-05,6.86E-05,5.16E-05,4.07E-05,3.04E-05,2.35E-05,2.26E-05
9408273,0.000348942,0.000159401,9.79E-05,6.86E-05,5.16E-05,4.07E-05,3.04E-05,2.35E-05,2.26E-05
9408274,0.000348942,0.000159401,9.79E-05,6.86E-05,5.16E-05,4.07E-05,3.04E-05,2.35E-05,2.26E-05
9408275,0.000348942,0.000159401,9.79E-05,6.86E-05,5.16E-05,4.07E-05,3.04E-05,2.35E-05,2.26E-05
9408276,0.000348942,0.000159401,9.79E-05,6.86E-05,5.16E-05,4.07E-05,3.04E-05,2.35E-05,2.26E-05
9408277,0.000348942,0.000159401,9.79E-05,6.86E-05,5.16E-05,4.07E-05,3.04E-05,2.35E-05,2.26E-05
9408278,0.000348942,0.000159401,9.79E-05,6.86E-05,5.16E-05,4.07E-05,3.04E-05,2.35E-05,2.26E-05
9408279,0.000348942,0.000159401,9.79E-05,6.86E-05,5.16E-05,4.07E-05,3.04E-05,2.35E-05,2.26E-05
9408280,0.000348942,0.000159401,9.79E-05,6.86E-05,5.16E-05,4.07E-05,3.04E-05,2.35E-05,2.26E-05
9408281,0.000348942,0.000159401,9.79E-05,6.86E-05,5.16E-05,4.07E-05,3.04E-05,2.35E-05,2.26E-05
9408282,0.000348942,0.000159401,9.79E-05,6.86E-05,5.16E-05,4.07E-05,3.04E-05,2.35E-05,2.26E-05
9408283,0.000348942,0.000159401,9.79E-05,6.86E-05,5.16E-05,4.07E-05,3.04E-05,2.35E-05,2.26E-05
9408284,0.000348942,0.000159401,9.79E-05,6.86E-05,5.16E-05,4.07E-05,3.04E-05,2.35E-05,2.26E-05
9408285,0.000348942,0.000159401,9.79E-05,6.86E-05,5.16E-05,4.07E-05,3.04E-05,2.35E-05,2.26E-05
9408286,0.000348942,0.000159401,9.79E-05,6.86E-05,5.16E-05,4.07E-05,3.04E-05,2.35E-05,2.26E-05
9408287,0.000348942,0.000159401,9.79E-05,6.86E-05,5.16E-05,4.07E-05,3.04E-05,2.35E-05,2.26E-05
9408288,0.000348942,0.000159401,9.79E-05,6.86E-05,5.16E-05,4.07E-05,3.04E-05,2.35E-05,2.26E-05
9408289,0.000348942,0.000159401,9.79E-05,6.86E-05,5.16E-05,4.07E-05,3.04E-05,2.35E-05,2.26E-05
9408290,0.000348942,0.000159401,9.79E-05,6.86E-05,5.16E-05,4.07E-05,3.04E-05,2.35E-05,2.26E-05
9408291,0.000348942,0.000159401,9.79E-05,6.86E-05,5.16E-05,4.07E-05,3.04E-05,2.35E-05,2.26E-05
9408292,0.000348942,0.000159401,9.79E-05,6.86E-05,5.16E-05,4.07E-05,3.04E-05,2.35E-05,2.26E-05
9408293,0.000348942,0.000159401,9.79E-05,6.86E-05,5.16E-05,4.07E-05,3.04E-05,2.35E-05,2.26E-05
9408294,0.000348942,0.000159401,9.79E-05,6.86E-05,5.16E-05,4.07E-05,3.04E-05,2.35E-05,2.26E-05
9408295,0.000348942,0.000159401,9.79E-05,6.86E-05,5.16E-05,4.07E-05,3.04E-05,2.35E-05,2.26E-05
9408296,0.000348942,0.000159401,9.79E-05,6.86E-05,5.16E-05,4.07E-05,3.04E-05,2.35E-05,2.26E-05
9408297,0.000348942,0.000159401,9.79E-05,6.86E-05,5.16E-05,4.07E-05,3.04E-05,2.35E-05,2.26E-05
9408298,0.000348942,0.000159401,9.79E-05,6.86E-05,5.16E-05,4.07E-05,3.04E-05,2.35E-05,2.26E-05
9408299,0.000348942,0.000159401,9.79E-05,6.86E-05,5.16E-05,4.07E-05,3.04E-05,2.35E-05,2.26E-05
9408300,0.000348942,0.000159401,9.79E-05,6.86E-05,5.16E-05,4.07E-05,3.04E-05,2.35E-05,2.26E-05
9408301,0.000348942,0.000159401,9.79E-05,6.86E-05,5.16E-05,4.07E-05,3.04E-05,2.35E-05,2.26E-05
9408302,0.000348942,0.000159401,9.79E-05,6.86E-05,5.16E-05,4.07E-05,3.04E-05,2.35E-05,2.26E-05
9408303,0.000348942,0.000159401,9.79E-05,6.86E-05,5.16E-05,4.07E-05,3.04E-05,2.35E-05,2.26E-05
9408304,0.000348942,0.000159401,9.79E-05,6.86E-05,5.16E-05,4.07E-05,3.04E-05,2.35E-05,2.26E-05
9408305,0.000348942,0.000159401,9.79E-05,6.86E-05,5.16E-05,4.07E-05,3.04E-05,2.35E-05,2.26E-05
9408306,0.000348942,0.000159401,9.79E-05,6.86E-05,5.16E-05,4.07E-05,3.04E-05,2.35E-05,2.26E-05
9408307,0.000348942,0.000159401,9.79E-05,6.86E-05,5.16E-05,4.07E-05,3.04E-05,2.35E-05,2.26E-05
9408308,0.000348942,0.000159401,9.79E-05,6.86E-05,5.16E-05,4.07E-05,3.04E-05,2.35E-05,2.26E-05
9408309,0.000348942,0.000159401,9.79E-05,6.86E-05,5.16E-05,4.07E-05,3.04E-05,2.35E-05,2.26E-05
9408310,0.000348942,0.000159401,9.79E-05,6.86E-05,5.16E-05,4.07E-05,3.04E-05,2.35E-05,2.26E-05
9408311,0.000348942,0.000159401,9.79E-05,6.86E-05,5.16E-05,4.07E-05,3.04E-05,2.35E-05,2.26E-05
9408312,0.000348942,0.000159401,9.79E-05,6.86E-05,5.16E-05,4.07E-05,3.04E-05,2.35E-05,2.26E-05
9408313,0.000348942,0.000159401,9.79E-05,6.86E-05,5.16E-05,4.07E-05,3.04E-05,2.35E-05,2.26E-05
9408314,0.000348942,0.000159401,9.79E-05,6.86E-05,5.16E-05,4.07E-05,3.04E-05,2.35E-05,2.26E-05
9408315,0.000348942,0.000159401,9.79E-05,6.86E-05,5.16E-05,4.07E-05,3.04E-05,2.35E-05,2.26E-05
9408316,0.000348942,0.000159401,9.79E-05,6.86E-05,5.16E-05,4.07E-05,3.04E-05,2.35E-05,2.26E-05
9408317,0.000348942,0.000159401,9.79E-05,6.86E-05,5.16E-05,4.07E-05,3.04E-05,2.35E-05,2.26E-05
9408318,0.000348942,0.000159401,9.79E-05,6.86E-05,5.16E-05,4.07E-05,3.04E-05,2.35E-05,2.26E-05
9408319,0.000348942,0.000159401,9.79E-05,6.86E-05,5.16E-05,4.07E-05,3.04E-05,2.35E-05,2.26E-05
9408320,0.000348942,0.000159401,9.79E-05,6.86E-05,5.16E-05,4.07E-05,3.04E-05,2.35E-05,2.26E-05
9408321,0.000348942,0.000159401,9.79E-05,6.86E-05,5.16E-05,4.07E-05,3.04E-05,2.35E-05,2.26E-05
9408322,0.000348942,0.000159401,9.79E-05,6.86E-05,5.16E-05,4.07E-05,3.04E-05,2.35E-05,2.26E-05
9408323,0.000348942,0.000159401,9.79E-05,6.86E-05,5.16E-05,4.07E-05,3.04E-05,2.35E-05,2.26E-05
9408324,0.000348942,0.000159401,9.79E-05,6.86E-05,5.16E-05,4.07E-05,3.04E-05,2.35E-05,2.26E-05
9408325,0.000348942,0.000159401,9.79E-05,6.86E-05,5.16E-05,4.07E-05,3.04E-05,2.35E-05,2.26E-05
9408326,0.000348942,0.000159401,9.79E-05,6.86E-05,5.16E-05,4.07E-05,3.04E-05,2.35E-05,2.26E-05
9408327,0.000348942,0.000159401,9.79E-05,6.86E-05,5.16E-05,4.07E-05,3.04E-05,2.35E-05,2.26E-05
9408328,0.000348942,0.000159401,9.79E-05,6.86E-05,5.16E-05,4.07E-05,3.04E-05,2.35E-05,2.26E-05
9408329,0.000348942,0.000159401,9.79E-05,6.86E-05,5.16E-05,4.07E-05,3.04E-05,2.35E-05,2.26E-05
9408330,0.000348942,0.000159401,9.79E-05,6.86E-05,5.16E-05,4.07E-05,3.04E-05,2.35E-05,2.26E-05
9408331,0.000348942,0.000159401,9.79E-05,6.86E-05,5.16E-05,4.07E-05,3.04E-05,2.35E-05,2.26E-05
9408332,0.000348942,0.000159401,9.79E-05,6.86E-05,5.16E-05,4.07E-05,3.04E-05,2.35E-05,2.26E-05
9408333,0.000348942,0.000159401,9.79E-05,6.86E-05,5.16E-05,4.07E-05,3.04E-05,2.35E-05,2.26E-05
9408334,0.000348942,0.000159401,9.79E-05,6.86E-05,5.16E-05,4.07E-05,3.04E-05,2.35E-05,2.26E-05
9408335,0.000348942,0.000159401,9.79E-05,6.86E-05,5.16E-05,4.07E-05,3.04E-05,2.35E-05,2.26E-05
9408336,0.000348942,0.000159401,9.79E-05,6.86E-05,5.16E-05,4.07E-05,3.04E-05,2.35E-05,2.26E-05
9408337,0.000348942,0.000159401,9.79E-05,6.86E-05,5.16E-05,4.07E-05,3.04E-05,2.35E-05,2.26E-05
9408339,0.000348942,0.000159401,9.79E-05,6.86E-05,5.16E-05,4.07E-05,3.04E-05,2.35E-05,2.26E-05
9408341,0.000348942,0.000159401,9.79E-05,6.86E-05,5.16E-05,4.07E-05,3.04E-05,2.35E-05,2.26E-05
9408343,0.000348942,0.000159401,9.79E-05,6.86E-05,5.16E-05,4.07E-05,3.04E-05,2.35E-05,2.26E-05
9408344,0.000348942,0.000159401,9.79E-05,6.86E-05,5.16E-05,4.07E-05,3.04E-05,2.35E-05,2.26E-05
9408346,0.000348942,0.000159401,9.79E-05,6.86E-05,5.16E-05,4.07E-05,3.04E-05,2.35E-05,2.26E-05
9408348,0.000348942,0.000159401,9.79E-05,6.86E-05,5.16E-05,4.07E-05,3.04E-05,2.35E-05,2.26E-05
9408349,0.000348942,0.000159401,9.79E-05,6.86E-05,5.16E-05,4.07E-05,3.04E-05,2.35E-05,2.26E-05
9408350,0.000348942,0.000159401,9.79E-05,6.86E-05,5.16E-05,4.07E-05,3.04E-05,2.35E-05,2.26E-05
9408351,0.000348942,0.000159401,9.79E-05,6.86E-05,5.16E-05,4.07E-05,3.04E-05,2.35E-05,2.26E-05
9408353,0.000348942,0.000159401,9.79E-05,6.86E-05,5.16E-05,4.07E-05,3.04E-05,2.35E-05,2.26E-05
9408354,0.000348942,0.000159401,9.79E-05,6.86E-05,5.16E-05,4.07E-05,3.04E-05,2.35E-05,2.26E-05
9408357,0.000348942,0.000159401,9.79E-05,6.86E-05,5.16E-05,4.07E-05,3.04E-05,2.35E-05,2.26E-05
9408358,0.000348942,0.000159401,9.79E-05,6.86E-05,5.16E-05,4.07E-05,3.04E-05,2.35E-05,2.26E-05
9408359,0.000348942,0.000159401,9.79E-05,6.86E-05,5.16E-05,4.07E-05,3.04E-05,2.35E-05,2.26E-05
9408360,0.000348942,0.000159401,9.79E-05,6.86E-05,5.16E-05,4.07E-05,3.04E-05,2.35E-05,2.26E-05
9408361,0.000348942,0.000159401,9.79E-05,6.86E-05,5.16E-05,4.07E-05,3.04E-05,2.35E-05,2.26E-05
9408362,0.000348942,0.000159401,9.79E-05,6.86E-05,5.16E-05,4.07E-05,3.04E-05,2.35E-05,2.26E-05
9408363,0.000348942,0.000159401,9.79E-05,6.86E-05,5.16E-05,4.07E-05,3.04E-05,2.35E-05,2.26E-05
9408364,0.000348942,0.000159401,9.79E-05,6.86E-05,5.16E-05,4.07E-05,3.04E-05,2.35E-05,2.26E-05
9408365,0.000348942,0.000159401,9.79E-05,6.86E-05,5.16E-05,4.07E-05,3.04E-05,2.35E-05,2.26E-05
9408366,0.000348942,0.000159401,9.79E-05,6.86E-05,5.16E-05,4.07E-05,3.04E-05,2.35E-05,2.26E-05
9408367,0.000348942,0.000159401,9.79E-05,6.86E-05,5.16E-05,4.07E-05,3.04E-05,2.35E-05,2.26E-05
9408368,0.000348942,0.000159401,9.79E-05,6.86E-05,5.16E-05,4.07E-05,3.04E-05,2.35E-05,2.26E-05
9408369,0.000348942,0.000159401,9.79E-05,6.86E-05,5.16E-05,4.07E-05,3.04E-05,2.35E-05,2.26E-05
9408371,0.000348942,0.000159401,9.79E-05,6.86E-05,5.16E-05,4.07E-05,3.04E-05,2.35E-05,2.26E-05
9408374,0.000348942,0.000159401,9.79E-05,6.86E-05,5.16E-05,4.07E-05,3.04E-05,2.35E-05,2.26E-05
9408375,0.000348942,0.000159401,9.79E-05,6.86E-05,5.16E-05,4.07E-05,3.04E-05,2.35E-05,2.26E-05
9408378,0.000348942,0.000159401,9.79E-05,6.86E-05,5.16E-05,4.07E-05,3.04E-05,2.35E-05,2.26E-05
9408379,0.000348942,0.000159401,9.79E-05,6.86E-05,5.16E-05,4.07E-05,3.04E-05,2.35E-05,2.26E-05
9408380,0.000348942,0.000159401,9.79E-05,6.86E-05,5.16E-05,4.07E-05,3.04E-05,2.35E-05,2.26E-05
9408381,0.000348942,0.000159401,9.79E-05,6.86E-05,5.16E-05,4.07E-05,3.04E-05,2.35E-05,2.26E-05
9408382,0.000348942,0.000159401,9.79E-05,6.86E-05,5.16E-05,4.07E-05,3.04E-05,2.35E-05,2.26E-05
9408383,0.000348942,0.000159401,9.79E-05,6.86E-05,5.16E-05,4.07E-05,3.04E-05,2.35E-05,2.26E-05
9408384,0.000348942,0.000159401,9.79E-05,6.86E-05,5.16E-05,4.07E-05,3.04E-05,2.35E-05,2.26E-05
9408385,0.000348942,0.000159401,9.79E-05,6.86E-05,5.16E-05,4.07E-05,3.04E-05,2.35E-05,2.26E-05
9408386,0.000348942,0.000159401,9.79E-05,6.86E-05,5.16E-05,4.07E-05,3.04E-05,2.35E-05,2.26E-05
9408387,0.000348942,0.000159401,9.79E-05,6.86E-05,5.16E-05,4.07E-05,3.04E-05,2.35E-05,2.26E-05
9410218,0.000348942,0.000159401,9.79E-05,6.86E-05,5.16E-05,4.07E-05,3.04E-05,2.35E-05,2.26E-05
9408389,0.000348942,0.000159401,9.79E-05,6.86E-05,5.16E-05,4.07E-05,3.04E-05,2.35E-05,2.26E-05
9408394,0.000348942,0.000159401,9.79E-05,6.86E-05,5.16E-05,4.07E-05,3.04E-05,2.35E-05,2.26E-05
9408396,0.000348942,0.000159401,9.79E-05,6.86E-05,5.16E-05,4.07E-05,3.04E-05,2.35E-05,2.26E-05
9408401,0.000348942,0.000159401,9.79E-05,6.86E-05,5.16E-05,4.07E-05,3.04E-05,2.35E-05,2.26E-05
9408406,0.000348942,0.000159401,9.79E-05,6.86E-05,5.16E-05,4.07E-05,3.04E-05,2.35E-05,2.26E-05
9407203,0.000348942,0.000159401,9.79E-05,6.86E-05,5.16E-05,4.07E-05,3.04E-05,2.35E-05,2.26E-05
9407204,0.000348942,0.000159401,9.79E-05,6.86E-05,5.16E-05,4.07E-05,3.04E-05,2.35E-05,2.26E-05
9409201,0.000348942,0.000159401,9.79E-05,6.86E-05,5.16E-05,4.07E-05,3.04E-05,2.35E-05,2.26E-05
9409202,0.000348942,0.000159401,9.79E-05,6.86E-05,5.16E-05,4.07E-05,3.04E-05,2.35E-05,2.26E-05
9409203,0.000348942,0.000159401,9.79E-05,6.86E-05,5.16E-05,4.07E-05,3.04E-05,2.35E-05,2.26E-05
9409204,0.000348942,0.000159401,9.79E-05,6.86E-05,5.16E-05,4.07E-05,3.04E-05,2.35E-05,2.26E-05
9409205,0.000348942,0.000159401,9.79E-05,6.86E-05,5.16E-05,4.07E-05,3.04E-05,2.35E-05,2.26E-05
9409206,0.000348942,0.000159401,9.79E-05,6.86E-05,5.16E-05,4.07E-05,3.04E-05,2.35E-05,2.26E-05
9409207,0.000348942,0.000159401,9.79E-05,6.86E-05,5.16E-05,4.07E-05,3.04E-05,2.35E-05,2.26E-05
9409208,0.000348942,0.000159401,9.79E-05,6.86E-05,5.16E-05,4.07E-05,3.04E-05,2.35E-05,2.26E-05
9409209,0.000348942,0.000159401,9.79E-05,6.86E-05,5.16E-05,4.07E-05,3.04E-05,2.35E-05,2.26E-05
9409210,0.000348942,0.000159401,9.79E-05,6.86E-05,5.16E-05,4.07E-05,3.04E-05,2.35E-05,2.26E-05
9409211,0.000348942,0.000159401,9.79E-05,6.86E-05,5.16E-05,4.07E-05,3.04E-05,2.35E-05,2.26E-05
9409212,0.000348942,0.000159401,9.79E-05,6.86E-05,5.16E-05,4.07E-05,3.04E-05,2.35E-05,2.26E-05
9409213,0.000348942,0.000159401,9.79E-05,6.86E-05,5.16E-05,4.07E-05,3.04E-05,2.35E-05,2.26E-05
9409214,0.000348942,0.000159401,9.79E-05,6.86E-05,5.16E-05,4.07E-05,3.04E-05,2.35E-05,2.26E-05
9409215,0.000348942,0.000159401,9.79E-05,6.86E-05,5.16E-05,4.07E-05,3.04E-05,2.35E-05,2.26E-05
9409216,0.000348942,0.000159401,9.79E-05,6.86E-05,5.16E-05,4.07E-05,3.04E-05,2.35E-05,2.26E-05
9409217,0.000348942,0.000159401,9.79E-05,6.86E-05,5.16E-05,4.07E-05,3.04E-05,2.35E-05,2.26E-05
9409218,0.000348942,0.000159401,9.79E-05,6.86E-05,5.16E-05,4.07E-05,3.04E-05,2.35E-05,2.26E-05
9409219,0.000348942,0.000159401,9.79E-05,6.86E-05,5.16E-05,4.07E-05,3.04E-05,2.35E-05,2.26E-05
9409220,0.000348942,0.000159401,9.79E-05,6.86E-05,5.16E-05,4.07E-05,3.04E-05,2.35E-05,2.26E-05
9409221,0.000348942,0.000159401,9.79E-05,6.86E-05,5.16E-05,4.07E-05,3.04E-05,2.35E-05,2.26E-05
9409222,0.000348942,0.000159401,9.79E-05,6.86E-05,5.16E-05,4.07E-05,3.04E-05,2.35E-05,2.26E-05
9409223,0.000348942,0.000159401,9.79E-05,6.86E-05,5.16E-05,4.07E-05,3.04E-05,2.35E-05,2.26E-05
9409224,0.000348942,0.000159401,9.79E-05,6.86E-05,5.16E-05,4.07E-05,3.04E-05,2.35E-05,2.26E-05
9409225,0.000348942,0.000159401,9.79E-05,6.86E-05,5.16E-05,4.07E-05,3.04E-05,2.35E-05,2.26E-05
9409226,0.000348942,0.000159401,9.79E-05,6.86E-05,5.16E-05,4.07E-05,3.04E-05,2.35E-05,2.26E-05
9409227,0.000348942,0.000159401,9.79E-05,6.86E-05,5.16E-05,4.07E-05,3.04E-05,2.35E-05,2.26E-05
9409228,0.000348942,0.000159401,9.79E-05,6.86E-05,5.16E-05,4.07E-05,3.04E-05,2.35E-05,2.26E-05
9409229,0.000348942,0.000159401,9.79E-05,6.86E-05,5.16E-05,4.07E-05,3.04E-05,2.35E-05,2.26E-05
9409230,0.000348942,0.000159401,9.79E-05,6.86E-05,5.16E-05,4.07E-05,3.04E-05,2.35E-05,2.26E-05
9409231,0.000348942,0.000159401,9.79E-05,6.86E-05,5.16E-05,4.07E-05,3.04E-05,2.35E-05,2.26E-05
9409232,0.000348942,0.000159401,9.79E-05,6.86E-05,5.16E-05,4.07E-05,3.04E-05,2.35E-05,2.26E-05
9409233,0.000348942,0.000159401,9.79E-05,6.86E-05,5.16E-05,4.07E-05,3.04E-05,2.35E-05,2.26E-05
9409234,0.000348942,0.000159401,9.79E-05,6.86E-05,5.16E-05,4.07E-05,3.04E-05,2.35E-05,2.26E-05
9409235,0.000348942,0.000159401,9.79E-05,6.86E-05,5.16E-05,4.07E-05,3.04E-05,2.35E-05,2.26E-05
9409236,0.000348942,0.000159401,9.79E-05,6.86E-05,5.16E-05,4.07E-05,3.04E-05,2.35E-05,2.26E-05
9409237,0.000348942,0.000159401,9.79E-05,6.86E-05,5.16E-05,4.07E-05,3.04E-05,2.35E-05,2.26E-05
9409239,0.000348942,0.000159401,9.79E-05,6.86E-05,5.16E-05,4.07E-05,3.04E-05,2.35E-05,2.26E-05
9409240,0.000348942,0.000159401,9.79E-05,6.86E-05,5.16E-05,4.07E-05,3.04E-05,2.35E-05,2.26E-05
9409241,0.000348942,0.000159401,9.79E-05,6.86E-05,5.16E-05,4.07E-05,3.04E-05,2.35E-05,2.26E-05
9409242,0.000348942,0.000159401,9.79E-05,6.86E-05,5.16E-05,4.07E-05,3.04E-05,2.35E-05,2.26E-05
9409243,0.000348942,0.000159401,9.79E-05,6.86E-05,5.16E-05,4.07E-05,3.04E-05,2.35E-05,2.26E-05
9409244,0.000348942,0.000159401,9.79E-05,6.86E-05,5.16E-05,4.07E-05,3.04E-05,2.35E-05,2.26E-05
9409245,0.000348942,0.000159401,9.79E-05,6.86E-05,5.16E-05,4.07E-05,3.04E-05,2.35E-05,2.26E-05
9409246,0.000348942,0.000159401,9.79E-05,6.86E-05,5.16E-05,4.07E-05,3.04E-05,2.35E-05,2.26E-05
9409247,0.000348942,0.000159401,9.79E-05,6.86E-05,5.16E-05,4.07E-05,3.04E-05,2.35E-05,2.26E-05
9409248,0.000348942,0.000159401,9.79E-05,6.86E-05,5.16E-05,4.07E-05,3.04E-05,2.35E-05,2.26E-05
9409249,0.000348942,0.000159401,9.79E-05,6.86E-05,5.16E-05,4.07E-05,3.04E-05,2.35E-05,2.26E-05
9409250,0.000348942,0.000159401,9.79E-05,6.86E-05,5.16E-05,4.07E-05,3.04E-05,2.35E-05,2.26E-05
9409251,0.000348942,0.000159401,9.79E-05,6.86E-05,5.16E-05,4.07E-05,3.04E-05,2.35E-05,2.26E-05
9409252,0.000348942,0.000159401,9.79E-05,6.86E-05,5.16E-05,4.07E-05,3.04E-05,2.35E-05,2.26E-05
9409253,0.000348942,0.000159401,9.79E-05,6.86E-05,5.16E-05,4.07E-05,3.04E-05,2.35E-05,2.26E-05
9409254,0.000348942,0.000159401,9.79E-05,6.86E-05,5.16E-05,4.07E-05,3.04E-05,2.35E-05,2.26E-05
9409255,0.000348942,0.000159401,9.79E-05,6.86E-05,5.16E-05,4.07E-05,3.04E-05,2.35E-05,2.26E-05
9409256,0.000348942,0.000159401,9.79E-05,6.86E-05,5.16E-05,4.07E-05,3.04E-05,2.35E-05,2.26E-05
9409257,0.000348942,0.000159401,9.79E-05,6.86E-05,5.16E-05,4.07E-05,3.04E-05,2.35E-05,2.26E-05
9409258,0.000348942,0.000159401,9.79E-05,6.86E-05,5.16E-05,4.07E-05,3.04E-05,2.35E-05,2.26E-05
9409259,0.000348942,0.000159401,9.79E-05,6.86E-05,5.16E-05,4.07E-05,3.04E-05,2.35E-05,2.26E-05
9409260,0.000348942,0.000159401,9.79E-05,6.86E-05,5.16E-05,4.07E-05,3.04E-05,2.35E-05,2.26E-05
9409261,0.000348942,0.000159401,9.79E-05,6.86E-05,5.16E-05,4.07E-05,3.04E-05,2.35E-05,2.26E-05
9409262,0.000348942,0.000159401,9.79E-05,6.86E-05,5.16E-05,4.07E-05,3.04E-05,2.35E-05,2.26E-05
9409263,0.000348942,0.000159401,9.79E-05,6.86E-05,5.16E-05,4.07E-05,3.04E-05,2.35E-05,2.26E-05
9409264,0.000348942,0.000159401,9.79E-05,6.86E-05,5.16E-05,4.07E-05,3.04E-05,2.35E-05,2.26E-05
9409265,0.000348942,0.000159401,9.79E-05,6.86E-05,5.16E-05,4.07E-05,3.04E-05,2.35E-05,2.26E-05
9409266,0.000348942,0.000159401,9.79E-05,6.86E-05,5.16E-05,4.07E-05,3.04E-05,2.35E-05,2.26E-05
9409267,0.000348942,0.000159401,9.79E-05,6.86E-05,5.16E-05,4.07E-05,3.04E-05,2.35E-05,2.26E-05
9409268,0.000348942,0.000159401,9.79E-05,6.86E-05,5.16E-05,4.07E-05,3.04E-05,2.35E-05,2.26E-05
9409269,0.000348942,0.000159401,9.79E-05,6.86E-05,5.16E-05,4.07E-05,3.04E-05,2.35E-05,2.26E-05
9409270,0.000348942,0.000159401,9.79E-05,6.86E-05,5.16E-05,4.07E-05,3.04E-05,2.35E-05,2.26E-05
9409271,0.000348942,0.000159401,9.79E-05,6.86E-05,5.16E-05,4.07E-05,3.04E-05,2.35E-05,2.26E-05
9409272,0.000348942,0.000159401,9.79E-05,6.86E-05,5.16E-05,4.07E-05,3.04E-05,2.35E-05,2.26E-05
9409273,0.000348942,0.000159401,9.79E-05,6.86E-05,5.16E-05,4.07E-05,3.04E-05,2.35E-05,2.26E-05
9409274,0.000348942,0.000159401,9.79E-05,6.86E-05,5.16E-05,4.07E-05,3.04E-05,2.35E-05,2.26E-05
9409275,0.000348942,0.000159401,9.79E-05,6.86E-05,5.16E-05,4.07E-05,3.04E-05,2.35E-05,2.26E-05
9409276,0.000348942,0.000159401,9.79E-05,6.86E-05,5.16E-05,4.07E-05,3.04E-05,2.35E-05,2.26E-05
9409277,0.000348942,0.000159401,9.79E-05,6.86E-05,5.16E-05,4.07E-05,3.04E-05,2.35E-05,2.26E-05
9409278,0.000348942,0.000159401,9.79E-05,6.86E-05,5.16E-05,4.07E-05,3.04E-05,2.35E-05,2.26E-05
9409279,0.000348942,0.000159401,9.79E-05,6.86E-05,5.16E-05,4.07E-05,3.04E-05,2.35E-05,2.26E-05
9409280,0.000348942,0.000159401,9.79E-05,6.86E-05,5.16E-05,4.07E-05,3.04E-05,2.35E-05,2.26E-05
9409281,0.000348942,0.000159401,9.79E-05,6.86E-05,5.16E-05,4.07E-05,3.04E-05,2.35E-05,2.26E-05
9409282,0.000348942,0.000159401,9.79E-05,6.86E-05,5.16E-05,4.07E-05,3.04E-05,2.35E-05,2.26E-05
9409283,0.000348942,0.000159401,9.79E-05,6.86E-05,5.16E-05,4.07E-05,3.04E-05,2.35E-05,2.26E-05
9409284,0.000348942,0.000159401,9.79E-05,6.86E-05,5.16E-05,4.07E-05,3.04E-05,2.35E-05,2.26E-05
9409285,0.000348942,0.000159401,9.79E-05,6.86E-05,5.16E-05,4.07E-05,3.04E-05,2.35E-05,2.26E-05
9409286,0.000348942,0.000159401,9.79E-05,6.86E-05,5.16E-05,4.07E-05,3.04E-05,2.35E-05,2.26E-05
9409287,0.000348942,0.000159401,9.79E-05,6.86E-05,5.16E-05,4.07E-05,3.04E-05,2.35E-05,2.26E-05
9409288,0.000348942,0.000159401,9.79E-05,6.86E-05,5.16E-05,4.07E-05,3.04E-05,2.35E-05,2.26E-05
9409289,0.000348942,0.000159401,9.79E-05,6.86E-05,5.16E-05,4.07E-05,3.04E-05,2.35E-05,2.26E-05
9409290,0.000348942,0.000159401,9.79E-05,6.86E-05,5.16E-05,4.07E-05,3.04E-05,2.35E-05,2.26E-05
9409291,0.000348942,0.000159401,9.79E-05,6.86E-05,5.16E-05,4.07E-05,3.04E-05,2.35E-05,2.26E-05
9409292,0.000348942,0.000159401,9.79E-05,6.86E-05,5.16E-05,4.07E-05,3.04E-05,2.35E-05,2.26E-05
9409293,0.000348942,0.000159401,9.79E-05,6.86E-05,5.16E-05,4.07E-05,3.04E-05,2.35E-05,2.26E-05
9409294,0.000348942,0.000159401,9.79E-05,6.86E-05,5.16E-05,4.07E-05,3.04E-05,2.35E-05,2.26E-05
9409295,0.000348942,0.000159401,9.79E-05,6.86E-05,5.16E-05,4.07E-05,3.04E-05,2.35E-05,2.26E-05
9409296,0.000348942,0.000159401,9.79E-05,6.86E-05,5.16E-05,4.07E-05,3.04E-05,2.35E-05,2.26E-05
9409297,0.000348942,0.000159401,9.79E-05,6.86E-05,5.16E-05,4.07E-05,3.04E-05,2.35E-05,2.26E-05
9409298,0.000348942,0.000159401,9.79E-05,6.86E-05,5.16E-05,4.07E-05,3.04E-05,2.35E-05,2.26E-05
9409299,0.000348942,0.000159401,9.79E-05,6.86E-05,5.16E-05,4.07E-05,3.04E-05,2.35E-05,2.26E-05
9409300,0.000348942,0.000159401,9.79E-05,6.86E-05,5.16E-05,4.07E-05,3.04E-05,2.35E-05,2.26E-05
9409301,0.000348942,0.000159401,9.79E-05,6.86E-05,5.16E-05,4.07E-05,3.04E-05,2.35E-05,2.26E-05
9409302,0.000348942,0.000159401,9.79E-05,6.86E-05,5.16E-05,4.07E-05,3.04E-05,2.35E-05,2.26E-05
9409303,0.000348942,0.000159401,9.79E-05,6.86E-05,5.16E-05,4.07E-05,3.04E-05,2.35E-05,2.26E-05
9409304,0.000348942,0.000159401,9.79E-05,6.86E-05,5.16E-05,4.07E-05,3.04E-05,2.35E-05,2.26E-05
9409305,0.000348942,0.000159401,9.79E-05,6.86E-05,5.16E-05,4.07E-05,3.04E-05,2.35E-05,2.26E-05
9409306,0.000348942,0.000159401,9.79E-05,6.86E-05,5.16E-05,4.07E-05,3.04E-05,2.35E-05,2.26E-05
9409307,0.000348942,0.000159401,9.79E-05,6.86E-05,5.16E-05,4.07E-05,3.04E-05,2.35E-05,2.26E-05
9409308,0.000348942,0.000159401,9.79E-05,6.86E-05,5.16E-05,4.07E-05,3.04E-05,2.35E-05,2.26E-05
9409309,0.000348942,0.000159401,9.79E-05,6.86E-05,5.16E-05,4.07E-05,3.04E-05,2.35E-05,2.26E-05
9409310,0.000348942,0.000159401,9.79E-05,6.86E-05,5.16E-05,4.07E-05,3.04E-05,2.35E-05,2.26E-05
9409311,0.000348942,0.000159401,9.79E-05,6.86E-05,5.16E-05,4.07E-05,3.04E-05,2.35E-05,2.26E-05
9409312,0.000348942,0.000159401,9.79E-05,6.86E-05,5.16E-05,4.07E-05,3.04E-05,2.35E-05,2.26E-05
9409313,0.000348942,0.000159401,9.79E-05,6.86E-05,5.16E-05,4.07E-05,3.04E-05,2.35E-05,2.26E-05
9409314,0.000348942,0.000159401,9.79E-05,6.86E-05,5.16E-05,4.07E-05,3.04E-05,2.35E-05,2.26E-05
9409315,0.000348942,0.000159401,9.79E-05,6.86E-05,5.16E-05,4.07E-05,3.04E-05,2.35E-05,2.26E-05
9409316,0.000348942,0.000159401,9.79E-05,6.86E-05,5.16E-05,4.07E-05,3.04E-05,2.35E-05,2.26E-05
9409317,0.000348942,0.000159401,9.79E-05,6.86E-05,5.16E-05,4.07E-05,3.04E-05,2.35E-05,2.26E-05
9409318,0.000348942,0.000159401,9.79E-05,6.86E-05,5.16E-05,4.07E-05,3.04E-05,2.35E-05,2.26E-05
9409319,0.000348942,0.000159401,9.79E-05,6.86E-05,5.16E-05,4.07E-05,3.04E-05,2.35E-05,2.26E-05
9409320,0.000348942,0.000159401,9.79E-05,6.86E-05,5.16E-05,4.07E-05,3.04E-05,2.35E-05,2.26E-05
9409321,0.000348942,0.000159401,9.79E-05,6.86E-05,5.16E-05,4.07E-05,3.04E-05,2.35E-05,2.26E-05
9409322,0.000348942,0.000159401,9.79E-05,6.86E-05,5.16E-05,4.07E-05,3.04E-05,2.35E-05,2.26E-05
9409323,0.000348942,0.000159401,9.79E-05,6.86E-05,5.16E-05,4.07E-05,3.04E-05,2.35E-05,2.26E-05
9409324,0.000348942,0.000159401,9.79E-05,6.86E-05,5.16E-05,4.07E-05,3.04E-05,2.35E-05,2.26E-05
9409325,0.000348942,0.000159401,9.79E-05,6.86E-05,5.16E-05,4.07E-05,3.04E-05,2.35E-05,2.26E-05
9409326,0.000348942,0.000159401,9.79E-05,6.86E-05,5.16E-05,4.07E-05,3.04E-05,2.35E-05,2.26E-05
9409327,0.000348942,0.000159401,9.79E-05,6.86E-05,5.16E-05,4.07E-05,3.04E-05,2.35E-05,2.26E-05
9409328,0.000348942,0.000159401,9.79E-05,6.86E-05,5.16E-05,4.07E-05,3.04E-05,2.35E-05,2.26E-05
9409329,0.000348942,0.000159401,9.79E-05,6.86E-05,5.16E-05,4.07E-05,3.04E-05,2.35E-05,2.26E-05
9409330,0.000348942,0.000159401,9.79E-05,6.86E-05,5.16E-05,4.07E-05,3.04E-05,2.35E-05,2.26E-05
9409331,0.000348942,0.000159401,9.79E-05,6.86E-05,5.16E-05,4.07E-05,3.04E-05,2.35E-05,2.26E-05
9409332,0.000348942,0.000159401,9.79E-05,6.86E-05,5.16E-05,4.07E-05,3.04E-05,2.35E-05,2.26E-05
9409333,0.000348942,0.000159401,9.79E-05,6.86E-05,5.16E-05,4.07E-05,3.04E-05,2.35E-05,2.26E-05
9409334,0.000348942,0.000159401,9.79E-05,6.86E-05,5.16E-05,4.07E-05,3.04E-05,2.35E-05,2.26E-05
9409335,0.000348942,0.000159401,9.79E-05,6.86E-05,5.16E-05,4.07E-05,3.04E-05,2.35E-05,2.26E-05
9409336,0.000348942,0.000159401,9.79E-05,6.86E-05,5.16E-05,4.07E-05,3.04E-05,2.35E-05,2.26E-05
9409337,0.000348942,0.000159401,9.79E-05,6.86E-05,5.16E-05,4.07E-05,3.04E-05,2.35E-05,2.26E-05
9409338,0.000348942,0.000159401,9.79E-05,6.86E-05,5.16E-05,4.07E-05,3.04E-05,2.35E-05,2.26E-05
9409339,0.000348942,0.000159401,9.79E-05,6.86E-05,5.16E-05,4.07E-05,3.04E-05,2.35E-05,2.26E-05
9409340,0.000348942,0.000159401,9.79E-05,6.86E-05,5.16E-05,4.07E-05,3.04E-05,2.35E-05,2.26E-05
9409341,0.000348942,0.000159401,9.79E-05,6.86E-05,5.16E-05,4.07E-05,3.04E-05,2.35E-05,2.26E-05
9409342,0.000348942,0.000159401,9.79E-05,6.86E-05,5.16E-05,4.07E-05,3.04E-05,2.35E-05,2.26E-05
9409343,0.000348942,0.000159401,9.79E-05,6.86E-05,5.16E-05,4.07E-05,3.04E-05,2.35E-05,2.26E-05
9409344,0.000348942,0.000159401,9.79E-05,6.86E-05,5.16E-05,4.07E-05,3.04E-05,2.35E-05,2.26E-05
9409345,0.000348942,0.000159401,9.79E-05,6.86E-05,5.16E-05,4.07E-05,3.04E-05,2.35E-05,2.26E-05
9409346,0.000348942,0.000159401,9.79E-05,6.86E-05,5.16E-05,4.07E-05,3.04E-05,2.35E-05,2.26E-05
9409347,0.000348942,0.000159401,9.79E-05,6.86E-05,5.16E-05,4.07E-05,3.04E-05,2.35E-05,2.26E-05
9409348,0.000348942,0.000159401,9.79E-05,6.86E-05,5.16E-05,4.07E-05,3.04E-05,2.35E-05,2.26E-05
9409349,0.000348942,0.000159401,9.79E-05,6.86E-05,5.16E-05,4.07E-05,3.04E-05,2.35E-05,2.26E-05
9409350,0.000348942,0.000159401,9.79E-05,6.86E-05,5.16E-05,4.07E-05,3.04E-05,2.35E-05,2.26E-05
9409351,0.000348942,0.000159401,9.79E-05,6.86E-05,5.16E-05,4.07E-05,3.04E-05,2.35E-05,2.26E-05
9409352,0.000348942,0.000159401,9.79E-05,6.86E-05,5.16E-05,4.07E-05,3.04E-05,2.35E-05,2.26E-05
9409353,0.000348942,0.000159401,9.79E-05,6.86E-05,5.16E-05,4.07E-05,3.04E-05,2.35E-05,2.26E-05
9409354,0.000348942,0.000159401,9.79E-05,6.86E-05,5.16E-05,4.07E-05,3.04E-05,2.35E-05,2.26E-05
9409355,0.000348942,0.000159401,9.79E-05,6.86E-05,5.16E-05,4.07E-05,3.04E-05,2.35E-05,2.26E-05
9409356,0.000348942,0.000159401,9.79E-05,6.86E-05,5.16E-05,4.07E-05,3.04E-05,2.35E-05,2.26E-05
9409357,0.000348942,0.000159401,9.79E-05,6.86E-05,5.16E-05,4.07E-05,3.04E-05,2.35E-05,2.26E-05
9409358,0.000348942,0.000159401,9.79E-05,6.86E-05,5.16E-05,4.07E-05,3.04E-05,2.35E-05,2.26E-05
9409359,0.000348942,0.000159401,9.79E-05,6.86E-05,5.16E-05,4.07E-05,3.04E-05,2.35E-05,2.26E-05
9409360,0.000348942,0.000159401,9.79E-05,6.86E-05,5.16E-05,4.07E-05,3.04E-05,2.35E-05,2.26E-05
9409361,0.000348942,0.000159401,9.79E-05,6.86E-05,5.16E-05,4.07E-05,3.04E-05,2.35E-05,2.26E-05
9409362,0.000348942,0.000159401,9.79E-05,6.86E-05,5.16E-05,4.07E-05,3.04E-05,2.35E-05,2.26E-05
9409363,0.000348942,0.000159401,9.79E-05,6.86E-05,5.16E-05,4.07E-05,3.04E-05,2.35E-05,2.26E-05
9409364,0.000348942,0.000159401,9.79E-05,6.86E-05,5.16E-05,4.07E-05,3.04E-05,2.35E-05,2.26E-05
9409365,0.000348942,0.000159401,9.79E-05,6.86E-05,5.16E-05,4.07E-05,3.04E-05,2.35E-05,2.26E-05
9409366,0.000348942,0.000159401,9.79E-05,6.86E-05,5.16E-05,4.07E-05,3.04E-05,2.35E-05,2.26E-05
9409367,0.000348942,0.000159401,9.79E-05,6.86E-05,5.16E-05,4.07E-05,3.04E-05,2.35E-05,2.26E-05
9409368,0.000348942,0.000159401,9.79E-05,6.86E-05,5.16E-05,4.07E-05,3.04E-05,2.35E-05,2.26E-05
9409369,0.000348942,0.000159401,9.79E-05,6.86E-05,5.16E-05,4.07E-05,3.04E-05,2.35E-05,2.26E-05
9409370,0.000348942,0.000159401,9.79E-05,6.86E-05,5.16E-05,4.07E-05,3.04E-05,2.35E-05,2.26E-05
9409371,0.000348942,0.000159401,9.79E-05,6.86E-05,5.16E-05,4.07E-05,3.04E-05,2.35E-05,2.26E-05
9409372,0.000348942,0.000159401,9.79E-05,6.86E-05,5.16E-05,4.07E-05,3.04E-05,2.35E-05,2.26E-05
9409373,0.000348942,0.000159401,9.79E-05,6.86E-05,5.16E-05,4.07E-05,3.04E-05,2.35E-05,2.26E-05
9409374,0.000348942,0.000159401,9.79E-05,6.86E-05,5.16E-05,4.07E-05,3.04E-05,2.35E-05,2.26E-05
9409375,0.000348942,0.000159401,9.79E-05,6.86E-05,5.16E-05,4.07E-05,3.04E-05,2.35E-05,2.26E-05
9409376,0.000348942,0.000159401,9.79E-05,6.86E-05,5.16E-05,4.07E-05,3.04E-05,2.35E-05,2.26E-05
9409377,0.000348942,0.000159401,9.79E-05,6.86E-05,5.16E-05,4.07E-05,3.04E-05,2.35E-05,2.26E-05
9409378,0.000348942,0.000159401,9.79E-05,6.86E-05,5.16E-05,4.07E-05,3.04E-05,2.35E-05,2.26E-05
9409381,0.000348942,0.000159401,9.79E-05,6.86E-05,5.16E-05,4.07E-05,3.04E-05,2.35E-05,2.26E-05
9409384,0.000348942,0.000159401,9.79E-05,6.86E-05,5.16E-05,4.07E-05,3.04E-05,2.35E-05,2.26E-05
9409389,0.000348942,0.000159401,9.79E-05,6.86E-05,5.16E-05,4.07E-05,3.04E-05,2.35E-05,2.26E-05
9409395,0.000348942,0.000159401,9.79E-05,6.86E-05,5.16E-05,4.07E-05,3.04E-05,2.35E-05,2.26E-05
9409398,0.000348942,0.000159401,9.79E-05,6.86E-05,5.16E-05,4.07E-05,3.04E-05,2.35E-05,2.26E-05
9409407,0.000348942,0.000159401,9.79E-05,6.86E-05,5.16E-05,4.07E-05,3.04E-05,2.35E-05,2.26E-05
9409408,0.000348942,0.000159401,9.79E-05,6.86E-05,5.16E-05,4.07E-05,3.04E-05,2.35E-05,2.26E-05
9409409,0.000348942,0.000159401,9.79E-05,6.86E-05,5.16E-05,4.07E-05,3.04E-05,2.35E-05,2.26E-05
9409414,0.000348942,0.000159401,9.79E-05,6.86E-05,5.16E-05,4.07E-05,3.04E-05,2.35E-05,2.26E-05
9409415,0.000348942,0.000159401,9.79E-05,6.86E-05,5.16E-05,4.07E-05,3.04E-05,2.35E-05,2.26E-05
9409425,0.000348942,0.000159401,9.79E-05,6.86E-05,5.16E-05,4.07E-05,3.04E-05,2.35E-05,2.26E-05
9409434,0.000348942,0.000159401,9.79E-05,6.86E-05,5.16E-05,4.07E-05,3.04E-05,2.35E-05,2.26E-05
9409437,0.000348942,0.000159401,9.79E-05,6.86E-05,5.16E-05,4.07E-05,3.04E-05,2.35E-05,2.26E-05
9409439,0.000348942,0.000159401,9.79E-05,6.86E-05,5.16E-05,4.07E-05,3.04E-05,2.35E-05,2.26E-05
9409459,0.000348942,0.000159401,9.79E-05,6.86E-05,5.16E-05,4.07E-05,3.04E-05,2.35E-05,2.26E-05
9409464,0.000348942,0.000159401,9.79E-05,6.86E-05,5.16E-05,4.07E-05,3.04E-05,2.35E-05,2.26E-05
9405244,0.000348942,0.000159401,9.79E-05,6.86E-05,5.16E-05,4.07E-05,3.04E-05,2.35E-05,2.26E-05
9405249,0.000348942,0.000159401,9.79E-05,6.86E-05,5.16E-05,4.07E-05,3.04E-05,2.35E-05,2.26E-05
9405256,0.000348942,0.000159401,9.79E-05,6.86E-05,5.16E-05,4.07E-05,3.04E-05,2.35E-05,2.26E-05
9405262,0.000348942,0.000159401,9.79E-05,6.86E-05,5.16E-05,4.07E-05,3.04E-05,2.35E-05,2.26E-05
9405264,0.000348942,0.000159401,9.79E-05,6.86E-05,5.16E-05,4.07E-05,3.04E-05,2.35E-05,2.26E-05
9405268,0.000348942,0.000159401,9.79E-05,6.86E-05,5.16E-05,4.07E-05,3.04E-05,2.35E-05,2.26E-05
9405279,0.000348942,0.000159401,9.79E-05,6.86E-05,5.16E-05,4.07E-05,3.04E-05,2.35E-05,2.26E-05
9410211,0.000348942,0.000159401,9.79E-05,6.86E-05,5.16E-05,4.07E-05,3.04E-05,2.35E-05,2.26E-05
9405373,0.000348942,0.000159401,9.79E-05,6.86E-05,5.16E-05,4.07E-05,3.04E-05,2.35E-05,2.26E-05
9410213,0.000348942,0.000159401,9.79E-05,6.86E-05,5.16E-05,4.07E-05,3.04E-05,2.35E-05,2.26E-05
9410220,0.000348942,0.000159401,9.79E-05,6.86E-05,5.16E-05,4.07E-05,3.04E-05,2.35E-05,2.26E-05
9410221,0.000348942,0.000159401,9.79E-05,6.86E-05,5.16E-05,4.07E-05,3.04E-05,2.35E-05,2.26E-05
9410227,0.000348942,0.000159401,9.79E-05,6.86E-05,5.16E-05,4.07E-05,3.04E-05,2.35E-05,2.26E-05
9410229,0.000348942,0.000159401,9.79E-05,6.86E-05,5.16E-05,4.07E-05,3.04E-05,2.35E-05,2.26E-05
9410231,0.000348942,0.000159401,9.79E-05,6.86E-05,5.16E-05,4.07E-05,3.04E-05,2.35E-05,2.26E-05
9410234,0.000348942,0.000159401,9.79E-05,6.86E-05,5.16E-05,4.07E-05,3.04E-05,2.35E-05,2.26E-05
9410236,0.000348942,0.000159401,9.79E-05,6.86E-05,5.16E-05,4.07E-05,3.04E-05,2.35E-05,2.26E-05
9410244,0.000348942,0.000159401,9.79E-05,6.86E-05,5.16E-05,4.07E-05,3.04E-05,2.35E-05,2.26E-05
9410245,0.000348942,0.000159401,9.79E-05,6.86E-05,5.16E-05,4.07E-05,3.04E-05,2.35E-05,2.26E-05
9410246,0.000348942,0.000159401,9.79E-05,6.86E-05,5.16E-05,4.07E-05,3.04E-05,2.35E-05,2.26E-05
9410247,0.000348942,0.000159401,9.79E-05,6.86E-05,5.16E-05,4.07E-05,3.04E-05,2.35E-05,2.26E-05
9410248,0.000348942,0.000159401,9.79E-05,6.86E-05,5.16E-05,4.07E-05,3.04E-05,2.35E-05,2.26E-05
9410249,0.000348942,0.000159401,9.79E-05,6.86E-05,5.16E-05,4.07E-05,3.04E-05,2.35E-05,2.26E-05
9410250,0.000348942,0.000159401,9.79E-05,6.86E-05,5.16E-05,4.07E-05,3.04E-05,2.35E-05,2.26E-05
9410251,0.000348942,0.000159401,9.79E-05,6.86E-05,5.16E-05,4.07E-05,3.04E-05,2.35E-05,2.26E-05
9410252,0.000348942,0.000159401,9.79E-05,6.86E-05,5.16E-05,4.07E-05,3.04E-05,2.35E-05,2.26E-05
9410253,0.000348942,0.000159401,9.79E-05,6.86E-05,5.16E-05,4.07E-05,3.04E-05,2.35E-05,2.26E-05
9410254,0.000348942,0.000159401,9.79E-05,6.86E-05,5.16E-05,4.07E-05,3.04E-05,2.35E-05,2.26E-05
9410255,0.000348942,0.000159401,9.79E-05,6.86E-05,5.16E-05,4.07E-05,3.04E-05,2.35E-05,2.26E-05
9410256,0.000348942,0.000159401,9.79E-05,6.86E-05,5.16E-05,4.07E-05,3.04E-05,2.35E-05,2.26E-05
9410257,0.000348942,0.000159401,9.79E-05,6.86E-05,5.16E-05,4.07E-05,3.04E-05,2.35E-05,2.26E-05
9410258,0.000348942,0.000159401,9.79E-05,6.86E-05,5.16E-05,4.07E-05,3.04E-05,2.35E-05,2.26E-05
9410259,0.000348942,0.000159401,9.79E-05,6.86E-05,5.16E-05,4.07E-05,3.04E-05,2.35E-05,2.26E-05
9410260,0.000348942,0.000159401,9.79E-05,6.86E-05,5.16E-05,4.07E-05,3.04E-05,2.35E-05,2.26E-05
9410261,0.000348942,0.000159401,9.79E-05,6.86E-05,5.16E-05,4.07E-05,3.04E-05,2.35E-05,2.26E-05
9410262,0.000348942,0.000159401,9.79E-05,6.86E-05,5.16E-05,4.07E-05,3.04E-05,2.35E-05,2.26E-05
9410263,0.000348942,0.000159401,9.79E-05,6.86E-05,5.16E-05,4.07E-05,3.04E-05,2.35E-05,2.26E-05
9410264,0.000348942,0.000159401,9.79E-05,6.86E-05,5.16E-05,4.07E-05,3.04E-05,2.35E-05,2.26E-05
9410265,0.000348942,0.000159401,9.79E-05,6.86E-05,5.16E-05,4.07E-05,3.04E-05,2.35E-05,2.26E-05
9410266,0.000348942,0.000159401,9.79E-05,6.86E-05,5.16E-05,4.07E-05,3.04E-05,2.35E-05,2.26E-05
9410267,0.000348942,0.000159401,9.79E-05,6.86E-05,5.16E-05,4.07E-05,3.04E-05,2.35E-05,2.26E-05
9410268,0.000348942,0.000159401,9.79E-05,6.86E-05,5.16E-05,4.07E-05,3.04E-05,2.35E-05,2.26E-05
9410269,0.000348942,0.000159401,9.79E-05,6.86E-05,5.16E-05,4.07E-05,3.04E-05,2.35E-05,2.26E-05
9410270,0.000348942,0.000159401,9.79E-05,6.86E-05,5.16E-05,4.07E-05,3.04E-05,2.35E-05,2.26E-05
9410271,0.000348942,0.000159401,9.79E-05,6.86E-05,5.16E-05,4.07E-05,3.04E-05,2.35E-05,2.26E-05
9410272,0.000348942,0.000159401,9.79E-05,6.86E-05,5.16E-05,4.07E-05,3.04E-05,2.35E-05,2.26E-05
9410273,0.000348942,0.000159401,9.79E-05,6.86E-05,5.16E-05,4.07E-05,3.04E-05,2.35E-05,2.26E-05
9410274,0.000348942,0.000159401,9.79E-05,6.86E-05,5.16E-05,4.07E-05,3.04E-05,2.35E-05,2.26E-05
9410275,0.000348942,0.000159401,9.79E-05,6.86E-05,5.16E-05,4.07E-05,3.04E-05,2.35E-05,2.26E-05
9410276,0.000348942,0.000159401,9.79E-05,6.86E-05,5.16E-05,4.07E-05,3.04E-05,2.35E-05,2.26E-05
9410277,0.000348942,0.000159401,9.79E-05,6.86E-05,5.16E-05,4.07E-05,3.04E-05,2.35E-05,2.26E-05
9410278,0.000348942,0.000159401,9.79E-05,6.86E-05,5.16E-05,4.07E-05,3.04E-05,2.35E-05,2.26E-05
9410279,0.000348942,0.000159401,9.79E-05,6.86E-05,5.16E-05,4.07E-05,3.04E-05,2.35E-05,2.26E-05
9410280,0.000348942,0.000159401,9.79E-05,6.86E-05,5.16E-05,4.07E-05,3.04E-05,2.35E-05,2.26E-05
9410281,0.000348942,0.000159401,9.79E-05,6.86E-05,5.16E-05,4.07E-05,3.04E-05,2.35E-05,2.26E-05
9410282,0.000348942,0.000159401,9.79E-05,6.86E-05,5.16E-05,4.07E-05,3.04E-05,2.35E-05,2.26E-05
9410283,0.000348942,0.000159401,9.79E-05,6.86E-05,5.16E-05,4.07E-05,3.04E-05,2.35E-05,2.26E-05
9410284,0.000348942,0.000159401,9.79E-05,6.86E-05,5.16E-05,4.07E-05,3.04E-05,2.35E-05,2.26E-05
9410285,0.000348942,0.000159401,9.79E-05,6.86E-05,5.16E-05,4.07E-05,3.04E-05,2.35E-05,2.26E-05
9410286,0.000348942,0.000159401,9.79E-05,6.86E-05,5.16E-05,4.07E-05,3.04E-05,2.35E-05,2.26E-05
9410287,0.000348942,0.000159401,9.79E-05,6.86E-05,5.16E-05,4.07E-05,3.04E-05,2.35E-05,2.26E-05
9410288,0.000348942,0.000159401,9.79E-05,6.86E-05,5.16E-05,4.07E-05,3.04E-05,2.35E-05,2.26E-05
9410289,0.000348942,0.000159401,9.79E-05,6.86E-05,5.16E-05,4.07E-05,3.04E-05,2.35E-05,2.26E-05
9410291,0.000348942,0.000159401,9.79E-05,6.86E-05,5.16E-05,4.07E-05,3.04E-05,2.35E-05,2.26E-05
9410292,0.000348942,0.000159401,9.79E-05,6.86E-05,5.16E-05,4.07E-05,3.04E-05,2.35E-05,2.26E-05
9410293,0.000348942,0.000159401,9.79E-05,6.86E-05,5.16E-05,4.07E-05,3.04E-05,2.35E-05,2.26E-05
9410294,0.000348942,0.000159401,9.79E-05,6.86E-05,5.16E-05,4.07E-05,3.04E-05,2.35E-05,2.26E-05
9410295,0.000348942,0.000159401,9.79E-05,6.86E-05,5.16E-05,4.07E-05,3.04E-05,2.35E-05,2.26E-05
9410296,0.000348942,0.000159401,9.79E-05,6.86E-05,5.16E-05,4.07E-05,3.04E-05,2.35E-05,2.26E-05
9410297,0.000348942,0.000159401,9.79E-05,6.86E-05,5.16E-05,4.07E-05,3.04E-05,2.35E-05,2.26E-05
9410298,0.000348942,0.000159401,9.79E-05,6.86E-05,5.16E-05,4.07E-05,3.04E-05,2.35E-05,2.26E-05
9410299,0.000348942,0.000159401,9.79E-05,6.86E-05,5.16E-05,4.07E-05,3.04E-05,2.35E-05,2.26E-05
9410300,0.000348942,0.000159401,9.79E-05,6.86E-05,5.16E-05,4.07E-05,3.04E-05,2.35E-05,2.26E-05
9410301,0.000348942,0.000159401,9.79E-05,6.86E-05,5.16E-05,4.07E-05,3.04E-05,2.35E-05,2.26E-05
9410302,0.000348942,0.000159401,9.79E-05,6.86E-05,5.16E-05,4.07E-05,3.04E-05,2.35E-05,2.26E-05
9410303,0.000348942,0.000159401,9.79E-05,6.86E-05,5.16E-05,4.07E-05,3.04E-05,2.35E-05,2.26E-05
9410304,0.000348942,0.000159401,9.79E-05,6.86E-05,5.16E-05,4.07E-05,3.04E-05,2.35E-05,2.26E-05
9410305,0.000348942,0.000159401,9.79E-05,6.86E-05,5.16E-05,4.07E-05,3.04E-05,2.35E-05,2.26E-05
9410306,0.000348942,0.000159401,9.79E-05,6.86E-05,5.16E-05,4.07E-05,3.04E-05,2.35E-05,2.26E-05
9410307,0.000348942,0.000159401,9.79E-05,6.86E-05,5.16E-05,4.07E-05,3.04E-05,2.35E-05,2.26E-05
9410308,0.000348942,0.000159401,9.79E-05,6.86E-05,5.16E-05,4.07E-05,3.04E-05,2.35E-05,2.26E-05
9410309,0.000348942,0.000159401,9.79E-05,6.86E-05,5.16E-05,4.07E-05,3.04E-05,2.35E-05,2.26E-05
9410310,0.000348942,0.000159401,9.79E-05,6.86E-05,5.16E-05,4.07E-05,3.04E-05,2.35E-05,2.26E-05
9410311,0.000348942,0.000159401,9.79E-05,6.86E-05,5.16E-05,4.07E-05,3.04E-05,2.35E-05,2.26E-05
9410312,0.000348942,0.000159401,9.79E-05,6.86E-05,5.16E-05,4.07E-05,3.04E-05,2.35E-05,2.26E-05
9405393,0.000348942,0.000159401,9.79E-05,6.86E-05,5.16E-05,4.07E-05,3.04E-05,2.35E-05,2.26E-05
9410313,0.000348942,0.000159401,9.79E-05,6.86E-05,5.16E-05,4.07E-05,3.04E-05,2.35E-05,2.26E-05
9410314,0.000348942,0.000159401,9.79E-05,6.86E-05,5.16E-05,4.07E-05,3.04E-05,2.35E-05,2.26E-05
9410315,0.000348942,0.000159401,9.79E-05,6.86E-05,5.16E-05,4.07E-05,3.04E-05,2.35E-05,2.26E-05
9410316,0.000348942,0.000159401,9.79E-05,6.86E-05,5.16E-05,4.07E-05,3.04E-05,2.35E-05,2.26E-05
9410317,0.000348942,0.000159401,9.79E-05,6.86E-05,5.16E-05,4.07E-05,3.04E-05,2.35E-05,2.26E-05
9410318,0.000348942,0.000159401,9.79E-05,6.86E-05,5.16E-05,4.07E-05,3.04E-05,2.35E-05,2.26E-05
9410319,0.000348942,0.000159401,9.79E-05,6.86E-05,5.16E-05,4.07E-05,3.04E-05,2.35E-05,2.26E-05
9410320,0.000348942,0.000159401,9.79E-05,6.86E-05,5.16E-05,4.07E-05,3.04E-05,2.35E-05,2.26E-05
9410321,0.000348942,0.000159401,9.79E-05,6.86E-05,5.16E-05,4.07E-05,3.04E-05,2.35E-05,2.26E-05
9410322,0.000348942,0.000159401,9.79E-05,6.86E-05,5.16E-05,4.07E-05,3.04E-05,2.35E-05,2.26E-05
9410323,0.000348942,0.000159401,9.79E-05,6.86E-05,5.16E-05,4.07E-05,3.04E-05,2.35E-05,2.26E-05
9410324,0.000348942,0.000159401,9.79E-05,6.86E-05,5.16E-05,4.07E-05,3.04E-05,2.35E-05,2.26E-05
9410325,0.000348942,0.000159401,9.79E-05,6.86E-05,5.16E-05,4.07E-05,3.04E-05,2.35E-05,2.26E-05
9410326,0.000348942,0.000159401,9.79E-05,6.86E-05,5.16E-05,4.07E-05,3.04E-05,2.35E-05,2.26E-05
9410327,0.000348942,0.000159401,9.79E-05,6.86E-05,5.16E-05,4.07E-05,3.04E-05,2.35E-05,2.26E-05
9410328,0.000348942,0.000159401,9.79E-05,6.86E-05,5.16E-05,4.07E-05,3.04E-05,2.35E-05,2.26E-05
9410329,0.000348942,0.000159401,9.79E-05,6.86E-05,5.16E-05,4.07E-05,3.04E-05,2.35E-05,2.26E-05
9410330,0.000348942,0.000159401,9.79E-05,6.86E-05,5.16E-05,4.07E-05,3.04E-05,2.35E-05,2.26E-05
9410331,0.000348942,0.000159401,9.79E-05,6.86E-05,5.16E-05,4.07E-05,3.04E-05,2.35E-05,2.26E-05
9410332,0.000348942,0.000159401,9.79E-05,6.86E-05,5.16E-05,4.07E-05,3.04E-05,2.35E-05,2.26E-05
9410333,0.000348942,0.000159401,9.79E-05,6.86E-05,5.16E-05,4.07E-05,3.04E-05,2.35E-05,2.26E-05
9410334,0.000348942,0.000159401,9.79E-05,6.86E-05,5.16E-05,4.07E-05,3.04E-05,2.35E-05,2.26E-05
9410335,0.000348942,0.000159401,9.79E-05,6.86E-05,5.16E-05,4.07E-05,3.04E-05,2.35E-05,2.26E-05
9410336,0.000348942,0.000159401,9.79E-05,6.86E-05,5.16E-05,4.07E-05,3.04E-05,2.35E-05,2.26E-05
9410337,0.000348942,0.000159401,9.79E-05,6.86E-05,5.16E-05,4.07E-05,3.04E-05,2.35E-05,2.26E-05
9410338,0.000348942,0.000159401,9.79E-05,6.86E-05,5.16E-05,4.07E-05,3.04E-05,2.35E-05,2.26E-05
9410339,0.000348942,0.000159401,9.79E-05,6.86E-05,5.16E-05,4.07E-05,3.04E-05,2.35E-05,2.26E-05
9410340,0.000348942,0.000159401,9.79E-05,6.86E-05,5.16E-05,4.07E-05,3.04E-05,2.35E-05,2.26E-05
9410341,0.000348942,0.000159401,9.79E-05,6.86E-05,5.16E-05,4.07E-05,3.04E-05,2.35E-05,2.26E-05
9410342,0.000348942,0.000159401,9.79E-05,6.86E-05,5.16E-05,4.07E-05,3.04E-05,2.35E-05,2.26E-05
9410343,0.000348942,0.000159401,9.79E-05,6.86E-05,5.16E-05,4.07E-05,3.04E-05,2.35E-05,2.26E-05
9410344,0.000348942,0.000159401,9.79E-05,6.86E-05,5.16E-05,4.07E-05,3.04E-05,2.35E-05,2.26E-05
9410345,0.000348942,0.000159401,9.79E-05,6.86E-05,5.16E-05,4.07E-05,3.04E-05,2.35E-05,2.26E-05
9410346,0.000348942,0.000159401,9.79E-05,6.86E-05,5.16E-05,4.07E-05,3.04E-05,2.35E-05,2.26E-05
9410347,0.000348942,0.000159401,9.79E-05,6.86E-05,5.16E-05,4.07E-05,3.04E-05,2.35E-05,2.26E-05
9410348,0.000348942,0.000159401,9.79E-05,6.86E-05,5.16E-05,4.07E-05,3.04E-05,2.35E-05,2.26E-05
9410349,0.000348942,0.000159401,9.79E-05,6.86E-05,5.16E-05,4.07E-05,3.04E-05,2.35E-05,2.26E-05
9410350,0.000348942,0.000159401,9.79E-05,6.86E-05,5.16E-05,4.07E-05,3.04E-05,2.35E-05,2.26E-05
9410351,0.000348942,0.000159401,9.79E-05,6.86E-05,5.16E-05,4.07E-05,3.04E-05,2.35E-05,2.26E-05
9410352,0.000348942,0.000159401,9.79E-05,6.86E-05,5.16E-05,4.07E-05,3.04E-05,2.35E-05,2.26E-05
9410353,0.000348942,0.000159401,9.79E-05,6.86E-05,5.16E-05,4.07E-05,3.04E-05,2.35E-05,2.26E-05
9410354,0.000348942,0.000159401,9.79E-05,6.86E-05,5.16E-05,4.07E-05,3.04E-05,2.35E-05,2.26E-05
9410355,0.000348942,0.000159401,9.79E-05,6.86E-05,5.16E-05,4.07E-05,3.04E-05,2.35E-05,2.26E-05
9410356,0.000348942,0.000159401,9.79E-05,6.86E-05,5.16E-05,4.07E-05,3.04E-05,2.35E-05,2.26E-05
9410357,0.000348942,0.000159401,9.79E-05,6.86E-05,5.16E-05,4.07E-05,3.04E-05,2.35E-05,2.26E-05
9410358,0.000348942,0.000159401,9.79E-05,6.86E-05,5.16E-05,4.07E-05,3.04E-05,2.35E-05,2.26E-05
9410359,0.000348942,0.000159401,9.79E-05,6.86E-05,5.16E-05,4.07E-05,3.04E-05,2.35E-05,2.26E-05
9410360,0.000348942,0.000159401,9.79E-05,6.86E-05,5.16E-05,4.07E-05,3.04E-05,2.35E-05,2.26E-05
9410361,0.000348942,0.000159401,9.79E-05,6.86E-05,5.16E-05,4.07E-05,3.04E-05,2.35E-05,2.26E-05
9410362,0.000348942,0.000159401,9.79E-05,6.86E-05,5.16E-05,4.07E-05,3.04E-05,2.35E-05,2.26E-05
9410363,0.000348942,0.000159401,9.79E-05,6.86E-05,5.16E-05,4.07E-05,3.04E-05,2.35E-05,2.26E-05
9410364,0.000348942,0.000159401,9.79E-05,6.86E-05,5.16E-05,4.07E-05,3.04E-05,2.35E-05,2.26E-05
9410365,0.000348942,0.000159401,9.79E-05,6.86E-05,5.16E-05,4.07E-05,3.04E-05,2.35E-05,2.26E-05
9410366,0.000348942,0.000159401,9.79E-05,6.86E-05,5.16E-05,4.07E-05,3.04E-05,2.35E-05,2.26E-05
9410367,0.000348942,0.000159401,9.79E-05,6.86E-05,5.16E-05,4.07E-05,3.04E-05,2.35E-05,2.26E-05
9410368,0.000348942,0.000159401,9.79E-05,6.86E-05,5.16E-05,4.07E-05,3.04E-05,2.35E-05,2.26E-05
9410369,0.000348942,0.000159401,9.79E-05,6.86E-05,5.16E-05,4.07E-05,3.04E-05,2.35E-05,2.26E-05
9410370,0.000348942,0.000159401,9.79E-05,6.86E-05,5.16E-05,4.07E-05,3.04E-05,2.35E-05,2.26E-05
9410371,0.000348942,0.000159401,9.79E-05,6.86E-05,5.16E-05,4.07E-05,3.04E-05,2.35E-05,2.26E-05
9410372,0.000348942,0.000159401,9.79E-05,6.86E-05,5.16E-05,4.07E-05,3.04E-05,2.35E-05,2.26E-05
9405405,0.000348942,0.000159401,9.79E-05,6.86E-05,5.16E-05,4.07E-05,3.04E-05,2.35E-05,2.26E-05
9410373,0.000348942,0.000159401,9.79E-05,6.86E-05,5.16E-05,4.07E-05,3.04E-05,2.35E-05,2.26E-05
9410374,0.000348942,0.000159401,9.79E-05,6.86E-05,5.16E-05,4.07E-05,3.04E-05,2.35E-05,2.26E-05
9410375,0.000348942,0.000159401,9.79E-05,6.86E-05,5.16E-05,4.07E-05,3.04E-05,2.35E-05,2.26E-05
9410376,0.000348942,0.000159401,9.79E-05,6.86E-05,5.16E-05,4.07E-05,3.04E-05,2.35E-05,2.26E-05
9410377,0.000348942,0.000159401,9.79E-05,6.86E-05,5.16E-05,4.07E-05,3.04E-05,2.35E-05,2.26E-05
9410378,0.000348942,0.000159401,9.79E-05,6.86E-05,5.16E-05,4.07E-05,3.04E-05,2.35E-05,2.26E-05
9410379,0.000348942,0.000159401,9.79E-05,6.86E-05,5.16E-05,4.07E-05,3.04E-05,2.35E-05,2.26E-05
9410380,0.000348942,0.000159401,9.79E-05,6.86E-05,5.16E-05,4.07E-05,3.04E-05,2.35E-05,2.26E-05
9410381,0.000348942,0.000159401,9.79E-05,6.86E-05,5.16E-05,4.07E-05,3.04E-05,2.35E-05,2.26E-05
9410382,0.000348942,0.000159401,9.79E-05,6.86E-05,5.16E-05,4.07E-05,3.04E-05,2.35E-05,2.26E-05
9410383,0.000348942,0.000159401,9.79E-05,6.86E-05,5.16E-05,4.07E-05,3.04E-05,2.35E-05,2.26E-05
9410384,0.000348942,0.000159401,9.79E-05,6.86E-05,5.16E-05,4.07E-05,3.04E-05,2.35E-05,2.26E-05
9410385,0.000348942,0.000159401,9.79E-05,6.86E-05,5.16E-05,4.07E-05,3.04E-05,2.35E-05,2.26E-05
9410386,0.000348942,0.000159401,9.79E-05,6.86E-05,5.16E-05,4.07E-05,3.04E-05,2.35E-05,2.26E-05
9410387,0.000348942,0.000159401,9.79E-05,6.86E-05,5.16E-05,4.07E-05,3.04E-05,2.35E-05,2.26E-05
9410388,0.000348942,0.000159401,9.79E-05,6.86E-05,5.16E-05,4.07E-05,3.04E-05,2.35E-05,2.26E-05
9410389,0.000348942,0.000159401,9.79E-05,6.86E-05,5.16E-05,4.07E-05,3.04E-05,2.35E-05,2.26E-05
9410390,0.000348942,0.000159401,9.79E-05,6.86E-05,5.16E-05,4.07E-05,3.04E-05,2.35E-05,2.26E-05
9410391,0.000348942,0.000159401,9.79E-05,6.86E-05,5.16E-05,4.07E-05,3.04E-05,2.35E-05,2.26E-05
9410392,0.000348942,0.000159401,9.79E-05,6.86E-05,5.16E-05,4.07E-05,3.04E-05,2.35E-05,2.26E-05
9410393,0.000348942,0.000159401,9.79E-05,6.86E-05,5.16E-05,4.07E-05,3.04E-05,2.35E-05,2.26E-05
9410394,0.000348942,0.000159401,9.79E-05,6.86E-05,5.16E-05,4.07E-05,3.04E-05,2.35E-05,2.26E-05
9410395,0.000348942,0.000159401,9.79E-05,6.86E-05,5.16E-05,4.07E-05,3.04E-05,2.35E-05,2.26E-05
9410396,0.000348942,0.000159401,9.79E-05,6.86E-05,5.16E-05,4.07E-05,3.04E-05,2.35E-05,2.26E-05
9410397,0.000348942,0.000159401,9.79E-05,6.86E-05,5.16E-05,4.07E-05,3.04E-05,2.35E-05,2.26E-05
9410398,0.000348942,0.000159401,9.79E-05,6.86E-05,5.16E-05,4.07E-05,3.04E-05,2.35E-05,2.26E-05
9410399,0.000348942,0.000159401,9.79E-05,6.86E-05,5.16E-05,4.07E-05,3.04E-05,2.35E-05,2.26E-05
9410402,0.000348942,0.000159401,9.79E-05,6.86E-05,5.16E-05,4.07E-05,3.04E-05,2.35E-05,2.26E-05
9410406,0.000348942,0.000159401,9.79E-05,6.86E-05,5.16E-05,4.07E-05,3.04E-05,2.35E-05,2.26E-05
9410407,0.000348942,0.000159401,9.79E-05,6.86E-05,5.16E-05,4.07E-05,3.04E-05,2.35E-05,2.26E-05
9405418,0.000348942,0.000159401,9.79E-05,6.86E-05,5.16E-05,4.07E-05,3.04E-05,2.35E-05,2.26E-05
9411201,0.000348942,0.000159401,9.79E-05,6.86E-05,5.16E-05,4.07E-05,3.04E-05,2.35E-05,2.26E-05
9411204,0.000348942,0.000159401,9.79E-05,6.86E-05,5.16E-05,4.07E-05,3.04E-05,2.35E-05,2.26E-05
9411206,0.000348942,0.000159401,9.79E-05,6.86E-05,5.16E-05,4.07E-05,3.04E-05,2.35E-05,2.26E-05
9411208,0.000348942,0.000159401,9.79E-05,6.86E-05,5.16E-05,4.07E-05,3.04E-05,2.35E-05,2.26E-05
9411213,0.000348942,0.000159401,9.79E-05,6.86E-05,5.16E-05,4.07E-05,3.04E-05,2.35E-05,2.26E-05
9411215,0.000348942,0.000159401,9.79E-05,6.86E-05,5.16E-05,4.07E-05,3.04E-05,2.35E-05,2.26E-05
9411216,0.000348942,0.000159401,9.79E-05,6.86E-05,5.16E-05,4.07E-05,3.04E-05,2.35E-05,2.26E-05
9411217,0.000348942,0.000159401,9.79E-05,6.86E-05,5.16E-05,4.07E-05,3.04E-05,2.35E-05,2.26E-05
9411225,0.000348942,0.000159401,9.79E-05,6.86E-05,5.16E-05,4.07E-05,3.04E-05,2.35E-05,2.26E-05
9411227,0.000348942,0.000159401,9.79E-05,6.86E-05,5.16E-05,4.07E-05,3.04E-05,2.35E-05,2.26E-05
9411228,0.000348942,0.000159401,9.79E-05,6.86E-05,5.16E-05,4.07E-05,3.04E-05,2.35E-05,2.26E-05
9411233,0.000348942,0.000159401,9.79E-05,6.86E-05,5.16E-05,4.07E-05,3.04E-05,2.35E-05,2.26E-05
9411239,0.000348942,0.000159401,9.79E-05,6.86E-05,5.16E-05,4.07E-05,3.04E-05,2.35E-05,2.26E-05
9411243,0.000348942,0.000159401,9.79E-05,6.86E-05,5.16E-05,4.07E-05,3.04E-05,2.35E-05,2.26E-05
9411244,0.000348942,0.000159401,9.79E-05,6.86E-05,5.16E-05,4.07E-05,3.04E-05,2.35E-05,2.26E-05
9411245,0.000348942,0.000159401,9.79E-05,6.86E-05,5.16E-05,4.07E-05,3.04E-05,2.35E-05,2.26E-05
9411246,0.000348942,0.000159401,9.79E-05,6.86E-05,5.16E-05,4.07E-05,3.04E-05,2.35E-05,2.26E-05
9411247,0.000348942,0.000159401,9.79E-05,6.86E-05,5.16E-05,4.07E-05,3.04E-05,2.35E-05,2.26E-05
9411248,0.000348942,0.000159401,9.79E-05,6.86E-05,5.16E-05,4.07E-05,3.04E-05,2.35E-05,2.26E-05
9411249,0.000348942,0.000159401,9.79E-05,6.86E-05,5.16E-05,4.07E-05,3.04E-05,2.35E-05,2.26E-05
9411250,0.000348942,0.000159401,9.79E-05,6.86E-05,5.16E-05,4.07E-05,3.04E-05,2.35E-05,2.26E-05
9411251,0.000348942,0.000159401,9.79E-05,6.86E-05,5.16E-05,4.07E-05,3.04E-05,2.35E-05,2.26E-05
9411252,0.000348942,0.000159401,9.79E-05,6.86E-05,5.16E-05,4.07E-05,3.04E-05,2.35E-05,2.26E-05
9411253,0.000348942,0.000159401,9.79E-05,6.86E-05,5.16E-05,4.07E-05,3.04E-05,2.35E-05,2.26E-05
9411254,0.000348942,0.000159401,9.79E-05,6.86E-05,5.16E-05,4.07E-05,3.04E-05,2.35E-05,2.26E-05
9411255,0.000348942,0.000159401,9.79E-05,6.86E-05,5.16E-05,4.07E-05,3.04E-05,2.35E-05,2.26E-05
9411256,0.000348942,0.000159401,9.79E-05,6.86E-05,5.16E-05,4.07E-05,3.04E-05,2.35E-05,2.26E-05
9411257,0.000348942,0.000159401,9.79E-05,6.86E-05,5.16E-05,4.07E-05,3.04E-05,2.35E-05,2.26E-05
9411258,0.000348942,0.000159401,9.79E-05,6.86E-05,5.16E-05,4.07E-05,3.04E-05,2.35E-05,2.26E-05
9411259,0.000348942,0.000159401,9.79E-05,6.86E-05,5.16E-05,4.07E-05,3.04E-05,2.35E-05,2.26E-05
9411260,0.000348942,0.000159401,9.79E-05,6.86E-05,5.16E-05,4.07E-05,3.04E-05,2.35E-05,2.26E-05
9411261,0.000348942,0.000159401,9.79E-05,6.86E-05,5.16E-05,4.07E-05,3.04E-05,2.35E-05,2.26E-05
9411262,0.000348942,0.000159401,9.79E-05,6.86E-05,5.16E-05,4.07E-05,3.04E-05,2.35E-05,2.26E-05
9411263,0.000348942,0.000159401,9.79E-05,6.86E-05,5.16E-05,4.07E-05,3.04E-05,2.35E-05,2.26E-05
9411264,0.000348942,0.000159401,9.79E-05,6.86E-05,5.16E-05,4.07E-05,3.04E-05,2.35E-05,2.26E-05
9411265,0.000348942,0.000159401,9.79E-05,6.86E-05,5.16E-05,4.07E-05,3.04E-05,2.35E-05,2.26E-05
9411266,0.000348942,0.000159401,9.79E-05,6.86E-05,5.16E-05,4.07E-05,3.04E-05,2.35E-05,2.26E-05
9411267,0.000348942,0.000159401,9.79E-05,6.86E-05,5.16E-05,4.07E-05,3.04E-05,2.35E-05,2.26E-05
9411268,0.000348942,0.000159401,9.79E-05,6.86E-05,5.16E-05,4.07E-05,3.04E-05,2.35E-05,2.26E-05
9411269,0.000348942,0.000159401,9.79E-05,6.86E-05,5.16E-05,4.07E-05,3.04E-05,2.35E-05,2.26E-05
9411270,0.000348942,0.000159401,9.79E-05,6.86E-05,5.16E-05,4.07E-05,3.04E-05,2.35E-05,2.26E-05
9411271,0.000348942,0.000159401,9.79E-05,6.86E-05,5.16E-05,4.07E-05,3.04E-05,2.35E-05,2.26E-05
9411272,0.000348942,0.000159401,9.79E-05,6.86E-05,5.16E-05,4.07E-05,3.04E-05,2.35E-05,2.26E-05
9411273,0.000348942,0.000159401,9.79E-05,6.86E-05,5.16E-05,4.07E-05,3.04E-05,2.35E-05,2.26E-05
9411274,0.000348942,0.000159401,9.79E-05,6.86E-05,5.16E-05,4.07E-05,3.04E-05,2.35E-05,2.26E-05
9411275,0.000348942,0.000159401,9.79E-05,6.86E-05,5.16E-05,4.07E-05,3.04E-05,2.35E-05,2.26E-05
9411276,0.000348942,0.000159401,9.79E-05,6.86E-05,5.16E-05,4.07E-05,3.04E-05,2.35E-05,2.26E-05
9411277,0.000348942,0.000159401,9.79E-05,6.86E-05,5.16E-05,4.07E-05,3.04E-05,2.35E-05,2.26E-05
9411278,0.000348942,0.000159401,9.79E-05,6.86E-05,5.16E-05,4.07E-05,3.04E-05,2.35E-05,2.26E-05
9411279,0.000348942,0.000159401,9.79E-05,6.86E-05,5.16E-05,4.07E-05,3.04E-05,2.35E-05,2.26E-05
9411280,0.000348942,0.000159401,9.79E-05,6.86E-05,5.16E-05,4.07E-05,3.04E-05,2.35E-05,2.26E-05
9411281,0.000348942,0.000159401,9.79E-05,6.86E-05,5.16E-05,4.07E-05,3.04E-05,2.35E-05,2.26E-05
9411282,0.000348942,0.000159401,9.79E-05,6.86E-05,5.16E-05,4.07E-05,3.04E-05,2.35E-05,2.26E-05
9411283,0.000348942,0.000159401,9.79E-05,6.86E-05,5.16E-05,4.07E-05,3.04E-05,2.35E-05,2.26E-05
9411284,0.000348942,0.000159401,9.79E-05,6.86E-05,5.16E-05,4.07E-05,3.04E-05,2.35E-05,2.26E-05
9411285,0.000348942,0.000159401,9.79E-05,6.86E-05,5.16E-05,4.07E-05,3.04E-05,2.35E-05,2.26E-05
9411286,0.000348942,0.000159401,9.79E-05,6.86E-05,5.16E-05,4.07E-05,3.04E-05,2.35E-05,2.26E-05
9411287,0.000348942,0.000159401,9.79E-05,6.86E-05,5.16E-05,4.07E-05,3.04E-05,2.35E-05,2.26E-05
9411288,0.000348942,0.000159401,9.79E-05,6.86E-05,5.16E-05,4.07E-05,3.04E-05,2.35E-05,2.26E-05
9411289,0.000348942,0.000159401,9.79E-05,6.86E-05,5.16E-05,4.07E-05,3.04E-05,2.35E-05,2.26E-05
9411290,0.000348942,0.000159401,9.79E-05,6.86E-05,5.16E-05,4.07E-05,3.04E-05,2.35E-05,2.26E-05
9411291,0.000348942,0.000159401,9.79E-05,6.86E-05,5.16E-05,4.07E-05,3.04E-05,2.35E-05,2.26E-05
9411292,0.000348942,0.000159401,9.79E-05,6.86E-05,5.16E-05,4.07E-05,3.04E-05,2.35E-05,2.26E-05
9411293,0.000348942,0.000159401,9.79E-05,6.86E-05,5.16E-05,4.07E-05,3.04E-05,2.35E-05,2.26E-05
9411294,0.000348942,0.000159401,9.79E-05,6.86E-05,5.16E-05,4.07E-05,3.04E-05,2.35E-05,2.26E-05
9411295,0.000348942,0.000159401,9.79E-05,6.86E-05,5.16E-05,4.07E-05,3.04E-05,2.35E-05,2.26E-05
9411296,0.000348942,0.000159401,9.79E-05,6.86E-05,5.16E-05,4.07E-05,3.04E-05,2.35E-05,2.26E-05
9411297,0.000348942,0.000159401,9.79E-05,6.86E-05,5.16E-05,4.07E-05,3.04E-05,2.35E-05,2.26E-05
9411298,0.000348942,0.000159401,9.79E-05,6.86E-05,5.16E-05,4.07E-05,3.04E-05,2.35E-05,2.26E-05
9411299,0.000348942,0.000159401,9.79E-05,6.86E-05,5.16E-05,4.07E-05,3.04E-05,2.35E-05,2.26E-05
9411300,0.000348942,0.000159401,9.79E-05,6.86E-05,5.16E-05,4.07E-05,3.04E-05,2.35E-05,2.26E-05
9411301,0.000348942,0.000159401,9.79E-05,6.86E-05,5.16E-05,4.07E-05,3.04E-05,2.35E-05,2.26E-05
9411302,0.000348942,0.000159401,9.79E-05,6.86E-05,5.16E-05,4.07E-05,3.04E-05,2.35E-05,2.26E-05
9411303,0.000348942,0.000159401,9.79E-05,6.86E-05,5.16E-05,4.07E-05,3.04E-05,2.35E-05,2.26E-05
9411304,0.000348942,0.000159401,9.79E-05,6.86E-05,5.16E-05,4.07E-05,3.04E-05,2.35E-05,2.26E-05
9411305,0.000348942,0.000159401,9.79E-05,6.86E-05,5.16E-05,4.07E-05,3.04E-05,2.35E-05,2.26E-05
9411306,0.000348942,0.000159401,9.79E-05,6.86E-05,5.16E-05,4.07E-05,3.04E-05,2.35E-05,2.26E-05
9411307,0.000348942,0.000159401,9.79E-05,6.86E-05,5.16E-05,4.07E-05,3.04E-05,2.35E-05,2.26E-05
9411308,0.000348942,0.000159401,9.79E-05,6.86E-05,5.16E-05,4.07E-05,3.04E-05,2.35E-05,2.26E-05
9411309,0.000348942,0.000159401,9.79E-05,6.86E-05,5.16E-05,4.07E-05,3.04E-05,2.35E-05,2.26E-05
9411310,0.000348942,0.000159401,9.79E-05,6.86E-05,5.16E-05,4.07E-05,3.04E-05,2.35E-05,2.26E-05
9411311,0.000348942,0.000159401,9.79E-05,6.86E-05,5.16E-05,4.07E-05,3.04E-05,2.35E-05,2.26E-05
9411312,0.000348942,0.000159401,9.79E-05,6.86E-05,5.16E-05,4.07E-05,3.04E-05,2.35E-05,2.26E-05
9411313,0.000348942,0.000159401,9.79E-05,6.86E-05,5.16E-05,4.07E-05,3.04E-05,2.35E-05,2.26E-05
9411314,0.000348942,0.000159401,9.79E-05,6.86E-05,5.16E-05,4.07E-05,3.04E-05,2.35E-05,2.26E-05
9411315,0.000348942,0.000159401,9.79E-05,6.86E-05,5.16E-05,4.07E-05,3.04E-05,2.35E-05,2.26E-05
9411316,0.000348942,0.000159401,9.79E-05,6.86E-05,5.16E-05,4.07E-05,3.04E-05,2.35E-05,2.26E-05
9411317,0.000348942,0.000159401,9.79E-05,6.86E-05,5.16E-05,4.07E-05,3.04E-05,2.35E-05,2.26E-05
9411318,0.000348942,0.000159401,9.79E-05,6.86E-05,5.16E-05,4.07E-05,3.04E-05,2.35E-05,2.26E-05
9411319,0.000348942,0.000159401,9.79E-05,6.86E-05,5.16E-05,4.07E-05,3.04E-05,2.35E-05,2.26E-05
9411320,0.000348942,0.000159401,9.79E-05,6.86E-05,5.16E-05,4.07E-05,3.04E-05,2.35E-05,2.26E-05
9411321,0.000348942,0.000159401,9.79E-05,6.86E-05,5.16E-05,4.07E-05,3.04E-05,2.35E-05,2.26E-05
9411322,0.000348942,0.000159401,9.79E-05,6.86E-05,5.16E-05,4.07E-05,3.04E-05,2.35E-05,2.26E-05
9411323,0.000348942,0.000159401,9.79E-05,6.86E-05,5.16E-05,4.07E-05,3.04E-05,2.35E-05,2.26E-05
9411324,0.000348942,0.000159401,9.79E-05,6.86E-05,5.16E-05,4.07E-05,3.04E-05,2.35E-05,2.26E-05
9411325,0.000348942,0.000159401,9.79E-05,6.86E-05,5.16E-05,4.07E-05,3.04E-05,2.35E-05,2.26E-05
9411326,0.000348942,0.000159401,9.79E-05,6.86E-05,5.16E-05,4.07E-05,3.04E-05,2.35E-05,2.26E-05
9411327,0.000348942,0.000159401,9.79E-05,6.86E-05,5.16E-05,4.07E-05,3.04E-05,2.35E-05,2.26E-05
9411328,0.000348942,0.000159401,9.79E-05,6.86E-05,5.16E-05,4.07E-05,3.04E-05,2.35E-05,2.26E-05
9411329,0.000348942,0.000159401,9.79E-05,6.86E-05,5.16E-05,4.07E-05,3.04E-05,2.35E-05,2.26E-05
9411332,0.000348942,0.000159401,9.79E-05,6.86E-05,5.16E-05,4.07E-05,3.04E-05,2.35E-05,2.26E-05
9411342,0.000348942,0.000159401,9.79E-05,6.86E-05,5.16E-05,4.07E-05,3.04E-05,2.35E-05,2.26E-05
9411343,0.000348942,0.000159401,9.79E-05,6.86E-05,5.16E-05,4.07E-05,3.04E-05,2.35E-05,2.26E-05
9411344,0.000348942,0.000159401,9.79E-05,6.86E-05,5.16E-05,4.07E-05,3.04E-05,2.35E-05,2.26E-05
9411362,0.000348942,0.000159401,9.79E-05,6.86E-05,5.16E-05,4.07E-05,3.04E-05,2.35E-05,2.26E-05
9411363,0.000348942,0.000159401,9.79E-05,6.86E-05,5.16E-05,4.07E-05,3.04E-05,2.35E-05,2.26E-05
9411364,0.000348942,0.000159401,9.79E-05,6.86E-05,5.16E-05,4.07E-05,3.04E-05,2.35E-05,2.26E-05
9411365,0.000348942,0.000159401,9.79E-05,6.86E-05,5.16E-05,4.07E-05,3.04E-05,2.35E-05,2.26E-05
9411433,0.000348942,0.000159401,9.79E-05,6.86E-05,5.16E-05,4.07E-05,3.04E-05,2.35E-05,2.26E-05
9407225,0.000348942,0.000159401,9.79E-05,6.86E-05,5.16E-05,4.07E-05,3.04E-05,2.35E-05,2.26E-05
9407228,0.000348942,0.000159401,9.79E-05,6.86E-05,5.16E-05,4.07E-05,3.04E-05,2.35E-05,2.26E-05
9412223,0.000348942,0.000159401,9.79E-05,6.86E-05,5.16E-05,4.07E-05,3.04E-05,2.35E-05,2.26E-05
9412225,0.000348942,0.000159401,9.79E-05,6.86E-05,5.16E-05,4.07E-05,3.04E-05,2.35E-05,2.26E-05
9412230,0.000348942,0.000159401,9.79E-05,6.86E-05,5.16E-05,4.07E-05,3.04E-05,2.35E-05,2.26E-05
9412231,0.000348942,0.000159401,9.79E-05,6.86E-05,5.16E-05,4.07E-05,3.04E-05,2.35E-05,2.26E-05
9412233,0.000348942,0.000159401,9.79E-05,6.86E-05,5.16E-05,4.07E-05,3.04E-05,2.35E-05,2.26E-05
9412234,0.000348942,0.000159401,9.79E-05,6.86E-05,5.16E-05,4.07E-05,3.04E-05,2.35E-05,2.26E-05
9412238,0.000348942,0.000159401,9.79E-05,6.86E-05,5.16E-05,4.07E-05,3.04E-05,2.35E-05,2.26E-05
9412240,0.000348942,0.000159401,9.79E-05,6.86E-05,5.16E-05,4.07E-05,3.04E-05,2.35E-05,2.26E-05
9412243,0.000348942,0.000159401,9.79E-05,6.86E-05,5.16E-05,4.07E-05,3.04E-05,2.35E-05,2.26E-05
9412245,0.000348942,0.000159401,9.79E-05,6.86E-05,5.16E-05,4.07E-05,3.04E-05,2.35E-05,2.26E-05
9412246,0.000348942,0.000159401,9.79E-05,6.86E-05,5.16E-05,4.07E-05,3.04E-05,2.35E-05,2.26E-05
9412247,0.000348942,0.000159401,9.79E-05,6.86E-05,5.16E-05,4.07E-05,3.04E-05,2.35E-05,2.26E-05
9412248,0.000348942,0.000159401,9.79E-05,6.86E-05,5.16E-05,4.07E-05,3.04E-05,2.35E-05,2.26E-05
9412249,0.000348942,0.000159401,9.79E-05,6.86E-05,5.16E-05,4.07E-05,3.04E-05,2.35E-05,2.26E-05
9412250,0.000348942,0.000159401,9.79E-05,6.86E-05,5.16E-05,4.07E-05,3.04E-05,2.35E-05,2.26E-05
9412251,0.000348942,0.000159401,9.79E-05,6.86E-05,5.16E-05,4.07E-05,3.04E-05,2.35E-05,2.26E-05
9412252,0.000348942,0.000159401,9.79E-05,6.86E-05,5.16E-05,4.07E-05,3.04E-05,2.35E-05,2.26E-05
9412253,0.000348942,0.000159401,9.79E-05,6.86E-05,5.16E-05,4.07E-05,3.04E-05,2.35E-05,2.26E-05
9412254,0.000348942,0.000159401,9.79E-05,6.86E-05,5.16E-05,4.07E-05,3.04E-05,2.35E-05,2.26E-05
9412255,0.000348942,0.000159401,9.79E-05,6.86E-05,5.16E-05,4.07E-05,3.04E-05,2.35E-05,2.26E-05
9412256,0.000348942,0.000159401,9.79E-05,6.86E-05,5.16E-05,4.07E-05,3.04E-05,2.35E-05,2.26E-05
9412257,0.000348942,0.000159401,9.79E-05,6.86E-05,5.16E-05,4.07E-05,3.04E-05,2.35E-05,2.26E-05
9412258,0.000348942,0.000159401,9.79E-05,6.86E-05,5.16E-05,4.07E-05,3.04E-05,2.35E-05,2.26E-05
9412259,0.000348942,0.000159401,9.79E-05,6.86E-05,5.16E-05,4.07E-05,3.04E-05,2.35E-05,2.26E-05
9412260,0.000348942,0.000159401,9.79E-05,6.86E-05,5.16E-05,4.07E-05,3.04E-05,2.35E-05,2.26E-05
9412261,0.000348942,0.000159401,9.79E-05,6.86E-05,5.16E-05,4.07E-05,3.04E-05,2.35E-05,2.26E-05
9412262,0.000348942,0.000159401,9.79E-05,6.86E-05,5.16E-05,4.07E-05,3.04E-05,2.35E-05,2.26E-05
9412263,0.000348942,0.000159401,9.79E-05,6.86E-05,5.16E-05,4.07E-05,3.04E-05,2.35E-05,2.26E-05
9412264,0.000348942,0.000159401,9.79E-05,6.86E-05,5.16E-05,4.07E-05,3.04E-05,2.35E-05,2.26E-05
9412265,0.000348942,0.000159401,9.79E-05,6.86E-05,5.16E-05,4.07E-05,3.04E-05,2.35E-05,2.26E-05
9412266,0.000348942,0.000159401,9.79E-05,6.86E-05,5.16E-05,4.07E-05,3.04E-05,2.35E-05,2.26E-05
9412267,0.000348942,0.000159401,9.79E-05,6.86E-05,5.16E-05,4.07E-05,3.04E-05,2.35E-05,2.26E-05
9412268,0.000348942,0.000159401,9.79E-05,6.86E-05,5.16E-05,4.07E-05,3.04E-05,2.35E-05,2.26E-05
9412269,0.000348942,0.000159401,9.79E-05,6.86E-05,5.16E-05,4.07E-05,3.04E-05,2.35E-05,2.26E-05
9412270,0.000348942,0.000159401,9.79E-05,6.86E-05,5.16E-05,4.07E-05,3.04E-05,2.35E-05,2.26E-05
9412271,0.000348942,0.000159401,9.79E-05,6.86E-05,5.16E-05,4.07E-05,3.04E-05,2.35E-05,2.26E-05
9412272,0.000348942,0.000159401,9.79E-05,6.86E-05,5.16E-05,4.07E-05,3.04E-05,2.35E-05,2.26E-05
9412273,0.000348942,0.000159401,9.79E-05,6.86E-05,5.16E-05,4.07E-05,3.04E-05,2.35E-05,2.26E-05
9412274,0.000348942,0.000159401,9.79E-05,6.86E-05,5.16E-05,4.07E-05,3.04E-05,2.35E-05,2.26E-05
9412275,0.000348942,0.000159401,9.79E-05,6.86E-05,5.16E-05,4.07E-05,3.04E-05,2.35E-05,2.26E-05
9412276,0.000348942,0.000159401,9.79E-05,6.86E-05,5.16E-05,4.07E-05,3.04E-05,2.35E-05,2.26E-05
9412277,0.000348942,0.000159401,9.79E-05,6.86E-05,5.16E-05,4.07E-05,3.04E-05,2.35E-05,2.26E-05
9412278,0.000348942,0.000159401,9.79E-05,6.86E-05,5.16E-05,4.07E-05,3.04E-05,2.35E-05,2.26E-05
9412279,0.000348942,0.000159401,9.79E-05,6.86E-05,5.16E-05,4.07E-05,3.04E-05,2.35E-05,2.26E-05
9412280,0.000348942,0.000159401,9.79E-05,6.86E-05,5.16E-05,4.07E-05,3.04E-05,2.35E-05,2.26E-05
9412281,0.000348942,0.000159401,9.79E-05,6.86E-05,5.16E-05,4.07E-05,3.04E-05,2.35E-05,2.26E-05
9412282,0.000348942,0.000159401,9.79E-05,6.86E-05,5.16E-05,4.07E-05,3.04E-05,2.35E-05,2.26E-05
9412283,0.000348942,0.000159401,9.79E-05,6.86E-05,5.16E-05,4.07E-05,3.04E-05,2.35E-05,2.26E-05
9412284,0.000348942,0.000159401,9.79E-05,6.86E-05,5.16E-05,4.07E-05,3.04E-05,2.35E-05,2.26E-05
9412285,0.000348942,0.000159401,9.79E-05,6.86E-05,5.16E-05,4.07E-05,3.04E-05,2.35E-05,2.26E-05
9412286,0.000348942,0.000159401,9.79E-05,6.86E-05,5.16E-05,4.07E-05,3.04E-05,2.35E-05,2.26E-05
9412287,0.000348942,0.000159401,9.79E-05,6.86E-05,5.16E-05,4.07E-05,3.04E-05,2.35E-05,2.26E-05
9412288,0.000348942,0.000159401,9.79E-05,6.86E-05,5.16E-05,4.07E-05,3.04E-05,2.35E-05,2.26E-05
9412289,0.000348942,0.000159401,9.79E-05,6.86E-05,5.16E-05,4.07E-05,3.04E-05,2.35E-05,2.26E-05
9412290,0.000348942,0.000159401,9.79E-05,6.86E-05,5.16E-05,4.07E-05,3.04E-05,2.35E-05,2.26E-05
9412291,0.000348942,0.000159401,9.79E-05,6.86E-05,5.16E-05,4.07E-05,3.04E-05,2.35E-05,2.26E-05
9412292,0.000348942,0.000159401,9.79E-05,6.86E-05,5.16E-05,4.07E-05,3.04E-05,2.35E-05,2.26E-05
9412293,0.000348942,0.000159401,9.79E-05,6.86E-05,5.16E-05,4.07E-05,3.04E-05,2.35E-05,2.26E-05
9412294,0.000348942,0.000159401,9.79E-05,6.86E-05,5.16E-05,4.07E-05,3.04E-05,2.35E-05,2.26E-05
9412295,0.000348942,0.000159401,9.79E-05,6.86E-05,5.16E-05,4.07E-05,3.04E-05,2.35E-05,2.26E-05
9412296,0.000348942,0.000159401,9.79E-05,6.86E-05,5.16E-05,4.07E-05,3.04E-05,2.35E-05,2.26E-05
9412297,0.000348942,0.000159401,9.79E-05,6.86E-05,5.16E-05,4.07E-05,3.04E-05,2.35E-05,2.26E-05
9412298,0.000348942,0.000159401,9.79E-05,6.86E-05,5.16E-05,4.07E-05,3.04E-05,2.35E-05,2.26E-05
9412299,0.000348942,0.000159401,9.79E-05,6.86E-05,5.16E-05,4.07E-05,3.04E-05,2.35E-05,2.26E-05
9412300,0.000348942,0.000159401,9.79E-05,6.86E-05,5.16E-05,4.07E-05,3.04E-05,2.35E-05,2.26E-05
9412301,0.000348942,0.000159401,9.79E-05,6.86E-05,5.16E-05,4.07E-05,3.04E-05,2.35E-05,2.26E-05
9412302,0.000348942,0.000159401,9.79E-05,6.86E-05,5.16E-05,4.07E-05,3.04E-05,2.35E-05,2.26E-05
9412303,0.000348942,0.000159401,9.79E-05,6.86E-05,5.16E-05,4.07E-05,3.04E-05,2.35E-05,2.26E-05
9412304,0.000348942,0.000159401,9.79E-05,6.86E-05,5.16E-05,4.07E-05,3.04E-05,2.35E-05,2.26E-05
9412305,0.000348942,0.000159401,9.79E-05,6.86E-05,5.16E-05,4.07E-05,3.04E-05,2.35E-05,2.26E-05
9412306,0.000348942,0.000159401,9.79E-05,6.86E-05,5.16E-05,4.07E-05,3.04E-05,2.35E-05,2.26E-05
9412307,0.000348942,0.000159401,9.79E-05,6.86E-05,5.16E-05,4.07E-05,3.04E-05,2.35E-05,2.26E-05
9412308,0.000348942,0.000159401,9.79E-05,6.86E-05,5.16E-05,4.07E-05,3.04E-05,2.35E-05,2.26E-05
9412309,0.000348942,0.000159401,9.79E-05,6.86E-05,5.16E-05,4.07E-05,3.04E-05,2.35E-05,2.26E-05
9412310,0.000348942,0.000159401,9.79E-05,6.86E-05,5.16E-05,4.07E-05,3.04E-05,2.35E-05,2.26E-05
9412311,0.000348942,0.000159401,9.79E-05,6.86E-05,5.16E-05,4.07E-05,3.04E-05,2.35E-05,2.26E-05
9412312,0.000348942,0.000159401,9.79E-05,6.86E-05,5.16E-05,4.07E-05,3.04E-05,2.35E-05,2.26E-05
9412313,0.000348942,0.000159401,9.79E-05,6.86E-05,5.16E-05,4.07E-05,3.04E-05,2.35E-05,2.26E-05
9412314,0.000348942,0.000159401,9.79E-05,6.86E-05,5.16E-05,4.07E-05,3.04E-05,2.35E-05,2.26E-05
9412315,0.000348942,0.000159401,9.79E-05,6.86E-05,5.16E-05,4.07E-05,3.04E-05,2.35E-05,2.26E-05
9412316,0.000348942,0.000159401,9.79E-05,6.86E-05,5.16E-05,4.07E-05,3.04E-05,2.35E-05,2.26E-05
9412317,0.000348942,0.000159401,9.79E-05,6.86E-05,5.16E-05,4.07E-05,3.04E-05,2.35E-05,2.26E-05
9412318,0.000348942,0.000159401,9.79E-05,6.86E-05,5.16E-05,4.07E-05,3.04E-05,2.35E-05,2.26E-05
9412319,0.000348942,0.000159401,9.79E-05,6.86E-05,5.16E-05,4.07E-05,3.04E-05,2.35E-05,2.26E-05
9412321,0.000348942,0.000159401,9.79E-05,6.86E-05,5.16E-05,4.07E-05,3.04E-05,2.35E-05,2.26E-05
9412322,0.000348942,0.000159401,9.79E-05,6.86E-05,5.16E-05,4.07E-05,3.04E-05,2.35E-05,2.26E-05
9412323,0.000348942,0.000159401,9.79E-05,6.86E-05,5.16E-05,4.07E-05,3.04E-05,2.35E-05,2.26E-05
9412324,0.000348942,0.000159401,9.79E-05,6.86E-05,5.16E-05,4.07E-05,3.04E-05,2.35E-05,2.26E-05
9412326,0.000348942,0.000159401,9.79E-05,6.86E-05,5.16E-05,4.07E-05,3.04E-05,2.35E-05,2.26E-05
9412331,0.000348942,0.000159401,9.79E-05,6.86E-05,5.16E-05,4.07E-05,3.04E-05,2.35E-05,2.26E-05
9411330,0.000348942,0.000159401,9.79E-05,6.86E-05,5.16E-05,4.07E-05,3.04E-05,2.35E-05,2.26E-05
9411331,0.000348942,0.000159401,9.79E-05,6.86E-05,5.16E-05,4.07E-05,3.04E-05,2.35E-05,2.26E-05
9411333,0.000348942,0.000159401,9.79E-05,6.86E-05,5.16E-05,4.07E-05,3.04E-05,2.35E-05,2.26E-05
9411334,0.000348942,0.000159401,9.79E-05,6.86E-05,5.16E-05,4.07E-05,3.04E-05,2.35E-05,2.26E-05
9411335,0.000348942,0.000159401,9.79E-05,6.86E-05,5.16E-05,4.07E-05,3.04E-05,2.35E-05,2.26E-05
9411336,0.000348942,0.000159401,9.79E-05,6.86E-05,5.16E-05,4.07E-05,3.04E-05,2.35E-05,2.26E-05
9411337,0.000348942,0.000159401,9.79E-05,6.86E-05,5.16E-05,4.07E-05,3.04E-05,2.35E-05,2.26E-05
9411338,0.000348942,0.000159401,9.79E-05,6.86E-05,5.16E-05,4.07E-05,3.04E-05,2.35E-05,2.26E-05
9411339,0.000348942,0.000159401,9.79E-05,6.86E-05,5.16E-05,4.07E-05,3.04E-05,2.35E-05,2.26E-05
9411340,0.000348942,0.000159401,9.79E-05,6.86E-05,5.16E-05,4.07E-05,3.04E-05,2.35E-05,2.26E-05
9411341,0.000348942,0.000159401,9.79E-05,6.86E-05,5.16E-05,4.07E-05,3.04E-05,2.35E-05,2.26E-05
9411345,0.000348942,0.000159401,9.79E-05,6.86E-05,5.16E-05,4.07E-05,3.04E-05,2.35E-05,2.26E-05
9411346,0.000348942,0.000159401,9.79E-05,6.86E-05,5.16E-05,4.07E-05,3.04E-05,2.35E-05,2.26E-05
9411347,0.000348942,0.000159401,9.79E-05,6.86E-05,5.16E-05,4.07E-05,3.04E-05,2.35E-05,2.26E-05
9411348,0.000348942,0.000159401,9.79E-05,6.86E-05,5.16E-05,4.07E-05,3.04E-05,2.35E-05,2.26E-05
9411349,0.000348942,0.000159401,9.79E-05,6.86E-05,5.16E-05,4.07E-05,3.04E-05,2.35E-05,2.26E-05
9411350,0.000348942,0.000159401,9.79E-05,6.86E-05,5.16E-05,4.07E-05,3.04E-05,2.35E-05,2.26E-05
9411351,0.000348942,0.000159401,9.79E-05,6.86E-05,5.16E-05,4.07E-05,3.04E-05,2.35E-05,2.26E-05
9411352,0.000348942,0.000159401,9.79E-05,6.86E-05,5.16E-05,4.07E-05,3.04E-05,2.35E-05,2.26E-05
9411353,0.000348942,0.000159401,9.79E-05,6.86E-05,5.16E-05,4.07E-05,3.04E-05,2.35E-05,2.26E-05
9411354,0.000348942,0.000159401,9.79E-05,6.86E-05,5.16E-05,4.07E-05,3.04E-05,2.35E-05,2.26E-05
9411355,0.000348942,0.000159401,9.79E-05,6.86E-05,5.16E-05,4.07E-05,3.04E-05,2.35E-05,2.26E-05
9411356,0.000348942,0.000159401,9.79E-05,6.86E-05,5.16E-05,4.07E-05,3.04E-05,2.35E-05,2.26E-05
9411357,0.000348942,0.000159401,9.79E-05,6.86E-05,5.16E-05,4.07E-05,3.04E-05,2.35E-05,2.26E-05
9411358,0.000348942,0.000159401,9.79E-05,6.86E-05,5.16E-05,4.07E-05,3.04E-05,2.35E-05,2.26E-05
9411359,0.000348942,0.000159401,9.79E-05,6.86E-05,5.16E-05,4.07E-05,3.04E-05,2.35E-05,2.26E-05
9411360,0.000348942,0.000159401,9.79E-05,6.86E-05,5.16E-05,4.07E-05,3.04E-05,2.35E-05,2.26E-05
9411361,0.000348942,0.000159401,9.79E-05,6.86E-05,5.16E-05,4.07E-05,3.04E-05,2.35E-05,2.26E-05
9411366,0.000348942,0.000159401,9.79E-05,6.86E-05,5.16E-05,4.07E-05,3.04E-05,2.35E-05,2.26E-05
9411367,0.000348942,0.000159401,9.79E-05,6.86E-05,5.16E-05,4.07E-05,3.04E-05,2.35E-05,2.26E-05
9411368,0.000348942,0.000159401,9.79E-05,6.86E-05,5.16E-05,4.07E-05,3.04E-05,2.35E-05,2.26E-05
9411369,0.000348942,0.000159401,9.79E-05,6.86E-05,5.16E-05,4.07E-05,3.04E-05,2.35E-05,2.26E-05
9411370,0.000348942,0.000159401,9.79E-05,6.86E-05,5.16E-05,4.07E-05,3.04E-05,2.35E-05,2.26E-05
9411371,0.000348942,0.000159401,9.79E-05,6.86E-05,5.16E-05,4.07E-05,3.04E-05,2.35E-05,2.26E-05
9411372,0.000348942,0.000159401,9.79E-05,6.86E-05,5.16E-05,4.07E-05,3.04E-05,2.35E-05,2.26E-05
9411373,0.000348942,0.000159401,9.79E-05,6.86E-05,5.16E-05,4.07E-05,3.04E-05,2.35E-05,2.26E-05
9411374,0.000348942,0.000159401,9.79E-05,6.86E-05,5.16E-05,4.07E-05,3.04E-05,2.35E-05,2.26E-05
9411375,0.000348942,0.000159401,9.79E-05,6.86E-05,5.16E-05,4.07E-05,3.04E-05,2.35E-05,2.26E-05
9411376,0.000348942,0.000159401,9.79E-05,6.86E-05,5.16E-05,4.07E-05,3.04E-05,2.35E-05,2.26E-05
9411377,0.000348942,0.000159401,9.79E-05,6.86E-05,5.16E-05,4.07E-05,3.04E-05,2.35E-05,2.26E-05
9411378,0.000348942,0.000159401,9.79E-05,6.86E-05,5.16E-05,4.07E-05,3.04E-05,2.35E-05,2.26E-05
9411379,0.000348942,0.000159401,9.79E-05,6.86E-05,5.16E-05,4.07E-05,3.04E-05,2.35E-05,2.26E-05
9411380,0.000348942,0.000159401,9.79E-05,6.86E-05,5.16E-05,4.07E-05,3.04E-05,2.35E-05,2.26E-05
9411381,0.000348942,0.000159401,9.79E-05,6.86E-05,5.16E-05,4.07E-05,3.04E-05,2.35E-05,2.26E-05
9411382,0.000348942,0.000159401,9.79E-05,6.86E-05,5.16E-05,4.07E-05,3.04E-05,2.35E-05,2.26E-05
9411383,0.000348942,0.000159401,9.79E-05,6.86E-05,5.16E-05,4.07E-05,3.04E-05,2.35E-05,2.26E-05
9411384,0.000348942,0.000159401,9.79E-05,6.86E-05,5.16E-05,4.07E-05,3.04E-05,2.35E-05,2.26E-05
9411385,0.000348942,0.000159401,9.79E-05,6.86E-05,5.16E-05,4.07E-05,3.04E-05,2.35E-05,2.26E-05
9411386,0.000348942,0.000159401,9.79E-05,6.86E-05,5.16E-05,4.07E-05,3.04E-05,2.35E-05,2.26E-05
9411387,0.000348942,0.000159401,9.79E-05,6.86E-05,5.16E-05,4.07E-05,3.04E-05,2.35E-05,2.26E-05
9411388,0.000348942,0.000159401,9.79E-05,6.86E-05,5.16E-05,4.07E-05,3.04E-05,2.35E-05,2.26E-05
9411389,0.000348942,0.000159401,9.79E-05,6.86E-05,5.16E-05,4.07E-05,3.04E-05,2.35E-05,2.26E-05
9411390,0.000348942,0.000159401,9.79E-05,6.86E-05,5.16E-05,4.07E-05,3.04E-05,2.35E-05,2.26E-05
9411391,0.000348942,0.000159401,9.79E-05,6.86E-05,5.16E-05,4.07E-05,3.04E-05,2.35E-05,2.26E-05
9411392,0.000348942,0.000159401,9.79E-05,6.86E-05,5.16E-05,4.07E-05,3.04E-05,2.35E-05,2.26E-05
9411393,0.000348942,0.000159401,9.79E-05,6.86E-05,5.16E-05,4.07E-05,3.04E-05,2.35E-05,2.26E-05
9411394,0.000348942,0.000159401,9.79E-05,6.86E-05,5.16E-05,4.07E-05,3.04E-05,2.35E-05,2.26E-05
9411395,0.000348942,0.000159401,9.79E-05,6.86E-05,5.16E-05,4.07E-05,3.04E-05,2.35E-05,2.26E-05
9411396,0.000348942,0.000159401,9.79E-05,6.86E-05,5.16E-05,4.07E-05,3.04E-05,2.35E-05,2.26E-05
9411397,0.000348942,0.000159401,9.79E-05,6.86E-05,5.16E-05,4.07E-05,3.04E-05,2.35E-05,2.26E-05
9411398,0.000348942,0.000159401,9.79E-05,6.86E-05,5.16E-05,4.07E-05,3.04E-05,2.35E-05,2.26E-05
9411399,0.000348942,0.000159401,9.79E-05,6.86E-05,5.16E-05,4.07E-05,3.04E-05,2.35E-05,2.26E-05
9411400,0.000348942,0.000159401,9.79E-05,6.86E-05,5.16E-05,4.07E-05,3.04E-05,2.35E-05,2.26E-05
9411401,0.000348942,0.000159401,9.79E-05,6.86E-05,5.16E-05,4.07E-05,3.04E-05,2.35E-05,2.26E-05
9411402,0.000348942,0.000159401,9.79E-05,6.86E-05,5.16E-05,4.07E-05,3.04E-05,2.35E-05,2.26E-05
9411403,0.000348942,0.000159401,9.79E-05,6.86E-05,5.16E-05,4.07E-05,3.04E-05,2.35E-05,2.26E-05
9411404,0.000348942,0.000159401,9.79E-05,6.86E-05,5.16E-05,4.07E-05,3.04E-05,2.35E-05,2.26E-05
9411405,0.000348942,0.000159401,9.79E-05,6.86E-05,5.16E-05,4.07E-05,3.04E-05,2.35E-05,2.26E-05
9411406,0.000348942,0.000159401,9.79E-05,6.86E-05,5.16E-05,4.07E-05,3.04E-05,2.35E-05,2.26E-05
9411407,0.000348942,0.000159401,9.79E-05,6.86E-05,5.16E-05,4.07E-05,3.04E-05,2.35E-05,2.26E-05
9411408,0.000348942,0.000159401,9.79E-05,6.86E-05,5.16E-05,4.07E-05,3.04E-05,2.35E-05,2.26E-05
9411409,0.000348942,0.000159401,9.79E-05,6.86E-05,5.16E-05,4.07E-05,3.04E-05,2.35E-05,2.26E-05
9411410,0.000348942,0.000159401,9.79E-05,6.86E-05,5.16E-05,4.07E-05,3.04E-05,2.35E-05,2.26E-05
9411411,0.000348942,0.000159401,9.79E-05,6.86E-05,5.16E-05,4.07E-05,3.04E-05,2.35E-05,2.26E-05
9411412,0.000348942,0.000159401,9.79E-05,6.86E-05,5.16E-05,4.07E-05,3.04E-05,2.35E-05,2.26E-05
9411413,0.000348942,0.000159401,9.79E-05,6.86E-05,5.16E-05,4.07E-05,3.04E-05,2.35E-05,2.26E-05
9411414,0.000348942,0.000159401,9.79E-05,6.86E-05,5.16E-05,4.07E-05,3.04E-05,2.35E-05,2.26E-05
9411415,0.000348942,0.000159401,9.79E-05,6.86E-05,5.16E-05,4.07E-05,3.04E-05,2.35E-05,2.26E-05
9411416,0.000348942,0.000159401,9.79E-05,6.86E-05,5.16E-05,4.07E-05,3.04E-05,2.35E-05,2.26E-05
9411417,0.000348942,0.000159401,9.79E-05,6.86E-05,5.16E-05,4.07E-05,3.04E-05,2.35E-05,2.26E-05
9411418,0.000348942,0.000159401,9.79E-05,6.86E-05,5.16E-05,4.07E-05,3.04E-05,2.35E-05,2.26E-05
9411419,0.000348942,0.000159401,9.79E-05,6.86E-05,5.16E-05,4.07E-05,3.04E-05,2.35E-05,2.26E-05
9411420,0.000348942,0.000159401,9.79E-05,6.86E-05,5.16E-05,4.07E-05,3.04E-05,2.35E-05,2.26E-05
9411421,0.000348942,0.000159401,9.79E-05,6.86E-05,5.16E-05,4.07E-05,3.04E-05,2.35E-05,2.26E-05
9406211,0.000348942,0.000159401,9.79E-05,6.86E-05,5.16E-05,4.07E-05,3.04E-05,2.35E-05,2.26E-05
9411422,0.000348942,0.000159401,9.79E-05,6.86E-05,5.16E-05,4.07E-05,3.04E-05,2.35E-05,2.26E-05
9411423,0.000348942,0.000159401,9.79E-05,6.86E-05,5.16E-05,4.07E-05,3.04E-05,2.35E-05,2.26E-05
9411424,0.000348942,0.000159401,9.79E-05,6.86E-05,5.16E-05,4.07E-05,3.04E-05,2.35E-05,2.26E-05
9411425,0.000348942,0.000159401,9.79E-05,6.86E-05,5.16E-05,4.07E-05,3.04E-05,2.35E-05,2.26E-05
9411426,0.000348942,0.000159401,9.79E-05,6.86E-05,5.16E-05,4.07E-05,3.04E-05,2.35E-05,2.26E-05
9411427,0.000348942,0.000159401,9.79E-05,6.86E-05,5.16E-05,4.07E-05,3.04E-05,2.35E-05,2.26E-05
9411428,0.000348942,0.000159401,9.79E-05,6.86E-05,5.16E-05,4.07E-05,3.04E-05,2.35E-05,2.26E-05
9406218,0.000348942,0.000159401,9.79E-05,6.86E-05,5.16E-05,4.07E-05,3.04E-05,2.35E-05,2.26E-05
9411429,0.000348942,0.000159401,9.79E-05,6.86E-05,5.16E-05,4.07E-05,3.04E-05,2.35E-05,2.26E-05
9406219,0.000348942,0.000159401,9.79E-05,6.86E-05,5.16E-05,4.07E-05,3.04E-05,2.35E-05,2.26E-05
9411430,0.000348942,0.000159401,9.79E-05,6.86E-05,5.16E-05,4.07E-05,3.04E-05,2.35E-05,2.26E-05
9411431,0.000348942,0.000159401,9.79E-05,6.86E-05,5.16E-05,4.07E-05,3.04E-05,2.35E-05,2.26E-05
9406222,0.000348942,0.000159401,9.79E-05,6.86E-05,5.16E-05,4.07E-05,3.04E-05,2.35E-05,2.26E-05
9406223,0.000348942,0.000159401,9.79E-05,6.86E-05,5.16E-05,4.07E-05,3.04E-05,2.35E-05,2.26E-05
9406225,0.000348942,0.000159401,9.79E-05,6.86E-05,5.16E-05,4.07E-05,3.04E-05,2.35E-05,2.26E-05
9406231,0.000348942,0.000159401,9.79E-05,6.86E-05,5.16E-05,4.07E-05,3.04E-05,2.35E-05,2.26E-05
9406235,0.000348942,0.000159401,9.79E-05,6.86E-05,5.16E-05,4.07E-05,3.04E-05,2.35E-05,2.26E-05
9406240,0.000348942,0.000159401,9.79E-05,6.86E-05,5.16E-05,4.07E-05,3.04E-05,2.35E-05,2.26E-05
9406243,0.000348942,0.000159401,9.79E-05,6.86E-05,5.16E-05,4.07E-05,3.04E-05,2.35E-05,2.26E-05
9406246,0.000348942,0.000159401,9.79E-05,6.86E-05,5.16E-05,4.07E-05,3.04E-05,2.35E-05,2.26E-05
9406248,0.000348942,0.000159401,9.79E-05,6.86E-05,5.16E-05,4.07E-05,3.04E-05,2.35E-05,2.26E-05
9406250,0.000348942,0.000159401,9.79E-05,6.86E-05,5.16E-05,4.07E-05,3.04E-05,2.35E-05,2.26E-05
9406254,0.000348942,0.000159401,9.79E-05,6.86E-05,5.16E-05,4.07E-05,3.04E-05,2.35E-05,2.26E-05
9406261,0.000348942,0.000159401,9.79E-05,6.86E-05,5.16E-05,4.07E-05,3.04E-05,2.35E-05,2.26E-05
9406262,0.000348942,0.000159401,9.79E-05,6.86E-05,5.16E-05,4.07E-05,3.04E-05,2.35E-05,2.26E-05
9406263,0.000348942,0.000159401,9.79E-05,6.86E-05,5.16E-05,4.07E-05,3.04E-05,2.35E-05,2.26E-05
9406266,0.000348942,0.000159401,9.79E-05,6.86E-05,5.16E-05,4.07E-05,3.04E-05,2.35E-05,2.26E-05
9406267,0.000348942,0.000159401,9.79E-05,6.86E-05,5.16E-05,4.07E-05,3.04E-05,2.35E-05,2.26E-05
9406272,0.000348942,0.000159401,9.79E-05,6.86E-05,5.16E-05,4.07E-05,3.04E-05,2.35E-05,2.26E-05
9406275,0.000348942,0.000159401,9.79E-05,6.86E-05,5.16E-05,4.07E-05,3.04E-05,2.35E-05,2.26E-05
9406350,0.000348942,0.000159401,9.79E-05,6.86E-05,5.16E-05,4.07E-05,3.04E-05,2.35E-05,2.26E-05
9406353,0.000348942,0.000159401,9.79E-05,6.86E-05,5.16E-05,4.07E-05,3.04E-05,2.35E-05,2.26E-05
9406386,0.000348942,0.000159401,9.79E-05,6.86E-05,5.16E-05,4.07E-05,3.04E-05,2.35E-05,2.26E-05
9406396,0.000348942,0.000159401,9.79E-05,6.86E-05,5.16E-05,4.07E-05,3.04E-05,2.35E-05,2.26E-05
9406403,0.000348942,0.000159401,9.79E-05,6.86E-05,5.16E-05,4.07E-05,3.04E-05,2.35E-05,2.26E-05
9406408,0.000348942,0.000159401,9.79E-05,6.86E-05,5.16E-05,4.07E-05,3.04E-05,2.35E-05,2.26E-05
9407233,0.000348942,0.000159401,9.79E-05,6.86E-05,5.16E-05,4.07E-05,3.04E-05,2.35E-05,2.26E-05
9412201,0.000348942,0.000159401,9.79E-05,6.86E-05,5.16E-05,4.07E-05,3.04E-05,2.35E-05,2.26E-05
9412337,0.000348942,0.000159401,9.79E-05,6.86E-05,5.16E-05,4.07E-05,3.04E-05,2.35E-05,2.26E-05
9412338,0.000348942,0.000159401,9.79E-05,6.86E-05,5.16E-05,4.07E-05,3.04E-05,2.35E-05,2.26E-05
9412339,0.000348942,0.000159401,9.79E-05,6.86E-05,5.16E-05,4.07E-05,3.04E-05,2.35E-05,2.26E-05
9412340,0.000348942,0.000159401,9.79E-05,6.86E-05,5.16E-05,4.07E-05,3.04E-05,2.35E-05,2.26E-05
9412341,0.000348942,0.000159401,9.79E-05,6.86E-05,5.16E-05,4.07E-05,3.04E-05,2.35E-05,2.26E-05
9412342,0.000348942,0.000159401,9.79E-05,6.86E-05,5.16E-05,4.07E-05,3.04E-05,2.35E-05,2.26E-05
9412343,0.000348942,0.000159401,9.79E-05,6.86E-05,5.16E-05,4.07E-05,3.04E-05,2.35E-05,2.26E-05
9412344,0.000348942,0.000159401,9.79E-05,6.86E-05,5.16E-05,4.07E-05,3.04E-05,2.35E-05,2.26E-05
9412345,0.000348942,0.000159401,9.79E-05,6.86E-05,5.16E-05,4.07E-05,3.04E-05,2.35E-05,2.26E-05
9412346,0.000348942,0.000159401,9.79E-05,6.86E-05,5.16E-05,4.07E-05,3.04E-05,2.35E-05,2.26E-05
9412347,0.000348942,0.000159401,9.79E-05,6.86E-05,5.16E-05,4.07E-05,3.04E-05,2.35E-05,2.26E-05
9412348,0.000348942,0.000159401,9.79E-05,6.86E-05,5.16E-05,4.07E-05,3.04E-05,2.35E-05,2.26E-05
9412349,0.000348942,0.000159401,9.79E-05,6.86E-05,5.16E-05,4.07E-05,3.04E-05,2.35E-05,2.26E-05
9412350,0.000348942,0.000159401,9.79E-05,6.86E-05,5.16E-05,4.07E-05,3.04E-05,2.35E-05,2.26E-05
9412355,0.000348942,0.000159401,9.79E-05,6.86E-05,5.16E-05,4.07E-05,3.04E-05,2.35E-05,2.26E-05
9412378,0.000348942,0.000159401,9.79E-05,6.86E-05,5.16E-05,4.07E-05,3.04E-05,2.35E-05,2.26E-05
9412379,0.000348942,0.000159401,9.79E-05,6.86E-05,5.16E-05,4.07E-05,3.04E-05,2.35E-05,2.26E-05
9412380,0.000348942,0.000159401,9.79E-05,6.86E-05,5.16E-05,4.07E-05,3.04E-05,2.35E-05,2.26E-05
9412381,0.000348942,0.000159401,9.79E-05,6.86E-05,5.16E-05,4.07E-05,3.04E-05,2.35E-05,2.26E-05
9412382,0.000348942,0.000159401,9.79E-05,6.86E-05,5.16E-05,4.07E-05,3.04E-05,2.35E-05,2.26E-05
9412383,0.000348942,0.000159401,9.79E-05,6.86E-05,5.16E-05,4.07E-05,3.04E-05,2.35E-05,2.26E-05
9412384,0.000348942,0.000159401,9.79E-05,6.86E-05,5.16E-05,4.07E-05,3.04E-05,2.35E-05,2.26E-05
9412385,0.000348942,0.000159401,9.79E-05,6.86E-05,5.16E-05,4.07E-05,3.04E-05,2.35E-05,2.26E-05
9412386,0.000348942,0.000159401,9.79E-05,6.86E-05,5.16E-05,4.07E-05,3.04E-05,2.35E-05,2.26E-05
9412387,0.000348942,0.000159401,9.79E-05,6.86E-05,5.16E-05,4.07E-05,3.04E-05,2.35E-05,2.26E-05
9412388,0.000348942,0.000159401,9.79E-05,6.86E-05,5.16E-05,4.07E-05,3.04E-05,2.35E-05,2.26E-05
9412389,0.000348942,0.000159401,9.79E-05,6.86E-05,5.16E-05,4.07E-05,3.04E-05,2.35E-05,2.26E-05
9412390,0.000348942,0.000159401,9.79E-05,6.86E-05,5.16E-05,4.07E-05,3.04E-05,2.35E-05,2.26E-05
9407208,0.000348942,0.000159401,9.79E-05,6.86E-05,5.16E-05,4.07E-05,3.04E-05,2.35E-05,2.26E-05
9407209,0.000348942,0.000159401,9.79E-05,6.86E-05,5.16E-05,4.07E-05,3.04E-05,2.35E-05,2.26E-05
9407210,0.000348942,0.000159401,9.79E-05,6.86E-05,5.16E-05,4.07E-05,3.04E-05,2.35E-05,2.26E-05
9407211,0.000348942,0.000159401,9.79E-05,6.86E-05,5.16E-05,4.07E-05,3.04E-05,2.35E-05,2.26E-05
9407212,0.000348942,0.000159401,9.79E-05,6.86E-05,5.16E-05,4.07E-05,3.04E-05,2.35E-05,2.26E-05
9407213,0.000348942,0.000159401,9.79E-05,6.86E-05,5.16E-05,4.07E-05,3.04E-05,2.35E-05,2.26E-05
9407214,0.000348942,0.000159401,9.79E-05,6.86E-05,5.16E-05,4.07E-05,3.04E-05,2.35E-05,2.26E-05
9407215,0.000348942,0.000159401,9.79E-05,6.86E-05,5.16E-05,4.07E-05,3.04E-05,2.35E-05,2.26E-05
9407216,0.000348942,0.000159401,9.79E-05,6.86E-05,5.16E-05,4.07E-05,3.04E-05,2.35E-05,2.26E-05
9407217,0.000348942,0.000159401,9.79E-05,6.86E-05,5.16E-05,4.07E-05,3.04E-05,2.35E-05,2.26E-05
9407218,0.000348942,0.000159401,9.79E-05,6.86E-05,5.16E-05,4.07E-05,3.04E-05,2.35E-05,2.26E-05
9407219,0.000348942,0.000159401,9.79E-05,6.86E-05,5.16E-05,4.07E-05,3.04E-05,2.35E-05,2.26E-05
9407220,0.000348942,0.000159401,9.79E-05,6.86E-05,5.16E-05,4.07E-05,3.04E-05,2.35E-05,2.26E-05
9407226,0.000348942,0.000159401,9.79E-05,6.86E-05,5.16E-05,4.07E-05,3.04E-05,2.35E-05,2.26E-05
9407227,0.000348942,0.000159401,9.79E-05,6.86E-05,5.16E-05,4.07E-05,3.04E-05,2.35E-05,2.26E-05
9412214,0.000348942,0.000159401,9.79E-05,6.86E-05,5.16E-05,4.07E-05,3.04E-05,2.35E-05,2.26E-05
9412216,0.000348942,0.000159401,9.79E-05,6.86E-05,5.16E-05,4.07E-05,3.04E-05,2.35E-05,2.26E-05
9411211,0.000348942,0.000159401,9.79E-05,6.86E-05,5.16E-05,4.07E-05,3.04E-05,2.35E-05,2.26E-05
9411212,0.000348942,0.000159401,9.79E-05,6.86E-05,5.16E-05,4.07E-05,3.04E-05,2.35E-05,2.26E-05
9401201,0.000348942,0.000159401,9.79E-05,6.86E-05,5.16E-05,4.07E-05,3.04E-05,2.35E-05,2.26E-05
9401202,0.000348942,0.000159401,9.79E-05,6.86E-05,5.16E-05,4.07E-05,3.04E-05,2.35E-05,2.26E-05
9401203,0.000348942,0.000159401,9.79E-05,6.86E-05,5.16E-05,4.07E-05,3.04E-05,2.35E-05,2.26E-05
9401204,0.000348942,0.000159401,9.79E-05,6.86E-05,5.16E-05,4.07E-05,3.04E-05,2.35E-05,2.26E-05
9401205,0.000348942,0.000159401,9.79E-05,6.86E-05,5.16E-05,4.07E-05,3.04E-05,2.35E-05,2.26E-05
9401206,0.000348942,0.000159401,9.79E-05,6.86E-05,5.16E-05,4.07E-05,3.04E-05,2.35E-05,2.26E-05
9401207,0.000348942,0.000159401,9.79E-05,6.86E-05,5.16E-05,4.07E-05,3.04E-05,2.35E-05,2.26E-05
9401208,0.000348942,0.000159401,9.79E-05,6.86E-05,5.16E-05,4.07E-05,3.04E-05,2.35E-05,2.26E-05
9401209,0.000348942,0.000159401,9.79E-05,6.86E-05,5.16E-05,4.07E-05,3.04E-05,2.35E-05,2.26E-05
9401210,0.000348942,0.000159401,9.79E-05,6.86E-05,5.16E-05,4.07E-05,3.04E-05,2.35E-05,2.26E-05
9401211,0.000348942,0.000159401,9.79E-05,6.86E-05,5.16E-05,4.07E-05,3.04E-05,2.35E-05,2.26E-05
9401212,0.000348942,0.000159401,9.79E-05,6.86E-05,5.16E-05,4.07E-05,3.04E-05,2.35E-05,2.26E-05
9401213,0.000348942,0.000159401,9.79E-05,6.86E-05,5.16E-05,4.07E-05,3.04E-05,2.35E-05,2.26E-05
9401214,0.000348942,0.000159401,9.79E-05,6.86E-05,5.16E-05,4.07E-05,3.04E-05,2.35E-05,2.26E-05
9401215,0.000348942,0.000159401,9.79E-05,6.86E-05,5.16E-05,4.07E-05,3.04E-05,2.35E-05,2.26E-05
9401216,0.000348942,0.000159401,9.79E-05,6.86E-05,5.16E-05,4.07E-05,3.04E-05,2.35E-05,2.26E-05
9401217,0.000348942,0.000159401,9.79E-05,6.86E-05,5.16E-05,4.07E-05,3.04E-05,2.35E-05,2.26E-05
9401218,0.000348942,0.000159401,9.79E-05,6.86E-05,5.16E-05,4.07E-05,3.04E-05,2.35E-05,2.26E-05
9401219,0.000348942,0.000159401,9.79E-05,6.86E-05,5.16E-05,4.07E-05,3.04E-05,2.35E-05,2.26E-05
9401220,0.000348942,0.000159401,9.79E-05,6.86E-05,5.16E-05,4.07E-05,3.04E-05,2.35E-05,2.26E-05
9401221,0.000348942,0.000159401,9.79E-05,6.86E-05,5.16E-05,4.07E-05,3.04E-05,2.35E-05,2.26E-05
9401222,0.000348942,0.000159401,9.79E-05,6.86E-05,5.16E-05,4.07E-05,3.04E-05,2.35E-05,2.26E-05
9401223,0.000348942,0.000159401,9.79E-05,6.86E-05,5.16E-05,4.07E-05,3.04E-05,2.35E-05,2.26E-05
9401224,0.000348942,0.000159401,9.79E-05,6.86E-05,5.16E-05,4.07E-05,3.04E-05,2.35E-05,2.26E-05
9401225,0.000348942,0.000159401,9.79E-05,6.86E-05,5.16E-05,4.07E-05,3.04E-05,2.35E-05,2.26E-05
9401226,0.000348942,0.000159401,9.79E-05,6.86E-05,5.16E-05,4.07E-05,3.04E-05,2.35E-05,2.26E-05
9401227,0.000348942,0.000159401,9.79E-05,6.86E-05,5.16E-05,4.07E-05,3.04E-05,2.35E-05,2.26E-05
9401228,0.000348942,0.000159401,9.79E-05,6.86E-05,5.16E-05,4.07E-05,3.04E-05,2.35E-05,2.26E-05
9401229,0.000348942,0.000159401,9.79E-05,6.86E-05,5.16E-05,4.07E-05,3.04E-05,2.35E-05,2.26E-05
9401230,0.000348942,0.000159401,9.79E-05,6.86E-05,5.16E-05,4.07E-05,3.04E-05,2.35E-05,2.26E-05
9401231,0.000348942,0.000159401,9.79E-05,6.86E-05,5.16E-05,4.07E-05,3.04E-05,2.35E-05,2.26E-05
9401232,0.000348942,0.000159401,9.79E-05,6.86E-05,5.16E-05,4.07E-05,3.04E-05,2.35E-05,2.26E-05
9401233,0.000348942,0.000159401,9.79E-05,6.86E-05,5.16E-05,4.07E-05,3.04E-05,2.35E-05,2.26E-05
9401234,0.000348942,0.000159401,9.79E-05,6.86E-05,5.16E-05,4.07E-05,3.04E-05,2.35E-05,2.26E-05
9401235,0.000348942,0.000159401,9.79E-05,6.86E-05,5.16E-05,4.07E-05,3.04E-05,2.35E-05,2.26E-05
9401236,0.000348942,0.000159401,9.79E-05,6.86E-05,5.16E-05,4.07E-05,3.04E-05,2.35E-05,2.26E-05
9401237,0.000348942,0.000159401,9.79E-05,6.86E-05,5.16E-05,4.07E-05,3.04E-05,2.35E-05,2.26E-05
9401238,0.000348942,0.000159401,9.79E-05,6.86E-05,5.16E-05,4.07E-05,3.04E-05,2.35E-05,2.26E-05
9401239,0.000348942,0.000159401,9.79E-05,6.86E-05,5.16E-05,4.07E-05,3.04E-05,2.35E-05,2.26E-05
9401240,0.000348942,0.000159401,9.79E-05,6.86E-05,5.16E-05,4.07E-05,3.04E-05,2.35E-05,2.26E-05
9401241,0.000348942,0.000159401,9.79E-05,6.86E-05,5.16E-05,4.07E-05,3.04E-05,2.35E-05,2.26E-05
9401244,0.000348942,0.000159401,9.79E-05,6.86E-05,5.16E-05,4.07E-05,3.04E-05,2.35E-05,2.26E-05
9401245,0.000348942,0.000159401,9.79E-05,6.86E-05,5.16E-05,4.07E-05,3.04E-05,2.35E-05,2.26E-05
9401246,0.000348942,0.000159401,9.79E-05,6.86E-05,5.16E-05,4.07E-05,3.04E-05,2.35E-05,2.26E-05
9401247,0.000348942,0.000159401,9.79E-05,6.86E-05,5.16E-05,4.07E-05,3.04E-05,2.35E-05,2.26E-05
9401248,0.000348942,0.000159401,9.79E-05,6.86E-05,5.16E-05,4.07E-05,3.04E-05,2.35E-05,2.26E-05
9401249,0.000348942,0.000159401,9.79E-05,6.86E-05,5.16E-05,4.07E-05,3.04E-05,2.35E-05,2.26E-05
9401250,0.000348942,0.000159401,9.79E-05,6.86E-05,5.16E-05,4.07E-05,3.04E-05,2.35E-05,2.26E-05
9401251,0.000348942,0.000159401,9.79E-05,6.86E-05,5.16E-05,4.07E-05,3.04E-05,2.35E-05,2.26E-05
9401252,0.000348942,0.000159401,9.79E-05,6.86E-05,5.16E-05,4.07E-05,3.04E-05,2.35E-05,2.26E-05
9401253,0.000348942,0.000159401,9.79E-05,6.86E-05,5.16E-05,4.07E-05,3.04E-05,2.35E-05,2.26E-05
9401256,0.000348942,0.000159401,9.79E-05,6.86E-05,5.16E-05,4.07E-05,3.04E-05,2.35E-05,2.26E-05
9401257,0.000348942,0.000159401,9.79E-05,6.86E-05,5.16E-05,4.07E-05,3.04E-05,2.35E-05,2.26E-05
9401262,0.000348942,0.000159401,9.79E-05,6.86E-05,5.16E-05,4.07E-05,3.04E-05,2.35E-05,2.26E-05
9401263,0.000348942,0.000159401,9.79E-05,6.86E-05,5.16E-05,4.07E-05,3.04E-05,2.35E-05,2.26E-05
9401266,0.000348942,0.000159401,9.79E-05,6.86E-05,5.16E-05,4.07E-05,3.04E-05,2.35E-05,2.26E-05
9401268,0.000348942,0.000159401,9.79E-05,6.86E-05,5.16E-05,4.07E-05,3.04E-05,2.35E-05,2.26E-05
9401270,0.000348942,0.000159401,9.79E-05,6.86E-05,5.16E-05,4.07E-05,3.04E-05,2.35E-05,2.26E-05
9401271,0.000348942,0.000159401,9.79E-05,6.86E-05,5.16E-05,4.07E-05,3.04E-05,2.35E-05,2.26E-05
9401272,0.000348942,0.000159401,9.79E-05,6.86E-05,5.16E-05,4.07E-05,3.04E-05,2.35E-05,2.26E-05
9401273,0.000348942,0.000159401,9.79E-05,6.86E-05,5.16E-05,4.07E-05,3.04E-05,2.35E-05,2.26E-05
9401276,0.000348942,0.000159401,9.79E-05,6.86E-05,5.16E-05,4.07E-05,3.04E-05,2.35E-05,2.26E-05
9401277,0.000348942,0.000159401,9.79E-05,6.86E-05,5.16E-05,4.07E-05,3.04E-05,2.35E-05,2.26E-05
9401278,0.000348942,0.000159401,9.79E-05,6.86E-05,5.16E-05,4.07E-05,3.04E-05,2.35E-05,2.26E-05
9401283,0.000348942,0.000159401,9.79E-05,6.86E-05,5.16E-05,4.07E-05,3.04E-05,2.35E-05,2.26E-05
9401285,0.000348942,0.000159401,9.79E-05,6.86E-05,5.16E-05,4.07E-05,3.04E-05,2.35E-05,2.26E-05
9401286,0.000348942,0.000159401,9.79E-05,6.86E-05,5.16E-05,4.07E-05,3.04E-05,2.35E-05,2.26E-05
9401288,0.000348942,0.000159401,9.79E-05,6.86E-05,5.16E-05,4.07E-05,3.04E-05,2.35E-05,2.26E-05
9401289,0.000348942,0.000159401,9.79E-05,6.86E-05,5.16E-05,4.07E-05,3.04E-05,2.35E-05,2.26E-05
9401291,0.000348942,0.000159401,9.79E-05,6.86E-05,5.16E-05,4.07E-05,3.04E-05,2.35E-05,2.26E-05
9401292,0.000348942,0.000159401,9.79E-05,6.86E-05,5.16E-05,4.07E-05,3.04E-05,2.35E-05,2.26E-05
9401293,0.000348942,0.000159401,9.79E-05,6.86E-05,5.16E-05,4.07E-05,3.04E-05,2.35E-05,2.26E-05
9401294,0.000348942,0.000159401,9.79E-05,6.86E-05,5.16E-05,4.07E-05,3.04E-05,2.35E-05,2.26E-05
9401296,0.000348942,0.000159401,9.79E-05,6.86E-05,5.16E-05,4.07E-05,3.04E-05,2.35E-05,2.26E-05
9401297,0.000348942,0.000159401,9.79E-05,6.86E-05,5.16E-05,4.07E-05,3.04E-05,2.35E-05,2.26E-05
9401299,0.000348942,0.000159401,9.79E-05,6.86E-05,5.16E-05,4.07E-05,3.04E-05,2.35E-05,2.26E-05
9401302,0.000348942,0.000159401,9.79E-05,6.86E-05,5.16E-05,4.07E-05,3.04E-05,2.35E-05,2.26E-05
9401303,0.000348942,0.000159401,9.79E-05,6.86E-05,5.16E-05,4.07E-05,3.04E-05,2.35E-05,2.26E-05
9401304,0.000348942,0.000159401,9.79E-05,6.86E-05,5.16E-05,4.07E-05,3.04E-05,2.35E-05,2.26E-05
9401306,0.000348942,0.000159401,9.79E-05,6.86E-05,5.16E-05,4.07E-05,3.04E-05,2.35E-05,2.26E-05
9401307,0.000348942,0.000159401,9.79E-05,6.86E-05,5.16E-05,4.07E-05,3.04E-05,2.35E-05,2.26E-05
9401308,0.000348942,0.000159401,9.79E-05,6.86E-05,5.16E-05,4.07E-05,3.04E-05,2.35E-05,2.26E-05
9401309,0.000348942,0.000159401,9.79E-05,6.86E-05,5.16E-05,4.07E-05,3.04E-05,2.35E-05,2.26E-05
9401312,0.000348942,0.000159401,9.79E-05,6.86E-05,5.16E-05,4.07E-05,3.04E-05,2.35E-05,2.26E-05
9401313,0.000348942,0.000159401,9.79E-05,6.86E-05,5.16E-05,4.07E-05,3.04E-05,2.35E-05,2.26E-05
9401314,0.000348942,0.000159401,9.79E-05,6.86E-05,5.16E-05,4.07E-05,3.04E-05,2.35E-05,2.26E-05
9401317,0.000348942,0.000159401,9.79E-05,6.86E-05,5.16E-05,4.07E-05,3.04E-05,2.35E-05,2.26E-05
9401318,0.000348942,0.000159401,9.79E-05,6.86E-05,5.16E-05,4.07E-05,3.04E-05,2.35E-05,2.26E-05
9401319,0.000348942,0.000159401,9.79E-05,6.86E-05,5.16E-05,4.07E-05,3.04E-05,2.35E-05,2.26E-05
9401321,0.000348942,0.000159401,9.79E-05,6.86E-05,5.16E-05,4.07E-05,3.04E-05,2.35E-05,2.26E-05
9401322,0.000348942,0.000159401,9.79E-05,6.86E-05,5.16E-05,4.07E-05,3.04E-05,2.35E-05,2.26E-05
9401323,0.000348942,0.000159401,9.79E-05,6.86E-05,5.16E-05,4.07E-05,3.04E-05,2.35E-05,2.26E-05
9401324,0.000348942,0.000159401,9.79E-05,6.86E-05,5.16E-05,4.07E-05,3.04E-05,2.35E-05,2.26E-05
9401326,0.000348942,0.000159401,9.79E-05,6.86E-05,5.16E-05,4.07E-05,3.04E-05,2.35E-05,2.26E-05
9401327,0.000348942,0.000159401,9.79E-05,6.86E-05,5.16E-05,4.07E-05,3.04E-05,2.35E-05,2.26E-05
9401328,0.000348942,0.000159401,9.79E-05,6.86E-05,5.16E-05,4.07E-05,3.04E-05,2.35E-05,2.26E-05
9401329,0.000348942,0.000159401,9.79E-05,6.86E-05,5.16E-05,4.07E-05,3.04E-05,2.35E-05,2.26E-05
9401331,0.000348942,0.000159401,9.79E-05,6.86E-05,5.16E-05,4.07E-05,3.04E-05,2.35E-05,2.26E-05
9401332,0.000348942,0.000159401,9.79E-05,6.86E-05,5.16E-05,4.07E-05,3.04E-05,2.35E-05,2.26E-05
9401333,0.000348942,0.000159401,9.79E-05,6.86E-05,5.16E-05,4.07E-05,3.04E-05,2.35E-05,2.26E-05
9401334,0.000348942,0.000159401,9.79E-05,6.86E-05,5.16E-05,4.07E-05,3.04E-05,2.35E-05,2.26E-05
9401337,0.000348942,0.000159401,9.79E-05,6.86E-05,5.16E-05,4.07E-05,3.04E-05,2.35E-05,2.26E-05
9401338,0.000348942,0.000159401,9.79E-05,6.86E-05,5.16E-05,4.07E-05,3.04E-05,2.35E-05,2.26E-05
9401339,0.000348942,0.000159401,9.79E-05,6.86E-05,5.16E-05,4.07E-05,3.04E-05,2.35E-05,2.26E-05
9401341,0.000348942,0.000159401,9.79E-05,6.86E-05,5.16E-05,4.07E-05,3.04E-05,2.35E-05,2.26E-05
9401342,0.000348942,0.000159401,9.79E-05,6.86E-05,5.16E-05,4.07E-05,3.04E-05,2.35E-05,2.26E-05
9401343,0.000348942,0.000159401,9.79E-05,6.86E-05,5.16E-05,4.07E-05,3.04E-05,2.35E-05,2.26E-05
9401344,0.000348942,0.000159401,9.79E-05,6.86E-05,5.16E-05,4.07E-05,3.04E-05,2.35E-05,2.26E-05
9401345,0.000348942,0.000159401,9.79E-05,6.86E-05,5.16E-05,4.07E-05,3.04E-05,2.35E-05,2.26E-05
9401346,0.000348942,0.000159401,9.79E-05,6.86E-05,5.16E-05,4.07E-05,3.04E-05,2.35E-05,2.26E-05
9401347,0.000348942,0.000159401,9.79E-05,6.86E-05,5.16E-05,4.07E-05,3.04E-05,2.35E-05,2.26E-05
9401348,0.000348942,0.000159401,9.79E-05,6.86E-05,5.16E-05,4.07E-05,3.04E-05,2.35E-05,2.26E-05
9401349,0.000348942,0.000159401,9.79E-05,6.86E-05,5.16E-05,4.07E-05,3.04E-05,2.35E-05,2.26E-05
9401350,0.000348942,0.000159401,9.79E-05,6.86E-05,5.16E-05,4.07E-05,3.04E-05,2.35E-05,2.26E-05
9401351,0.000348942,0.000159401,9.79E-05,6.86E-05,5.16E-05,4.07E-05,3.04E-05,2.35E-05,2.26E-05
9401352,0.000348942,0.000159401,9.79E-05,6.86E-05,5.16E-05,4.07E-05,3.04E-05,2.35E-05,2.26E-05
9401353,0.000348942,0.000159401,9.79E-05,6.86E-05,5.16E-05,4.07E-05,3.04E-05,2.35E-05,2.26E-05
9401354,0.000348942,0.000159401,9.79E-05,6.86E-05,5.16E-05,4.07E-05,3.04E-05,2.35E-05,2.26E-05
9401355,0.000348942,0.000159401,9.79E-05,6.86E-05,5.16E-05,4.07E-05,3.04E-05,2.35E-05,2.26E-05
9401356,0.000348942,0.000159401,9.79E-05,6.86E-05,5.16E-05,4.07E-05,3.04E-05,2.35E-05,2.26E-05
9401357,0.000348942,0.000159401,9.79E-05,6.86E-05,5.16E-05,4.07E-05,3.04E-05,2.35E-05,2.26E-05
9402201,0.000348942,0.000159401,9.79E-05,6.86E-05,5.16E-05,4.07E-05,3.04E-05,2.35E-05,2.26E-05
9402202,0.000348942,0.000159401,9.79E-05,6.86E-05,5.16E-05,4.07E-05,3.04E-05,2.35E-05,2.26E-05
9402203,0.000348942,0.000159401,9.79E-05,6.86E-05,5.16E-05,4.07E-05,3.04E-05,2.35E-05,2.26E-05
9402204,0.000348942,0.000159401,9.79E-05,6.86E-05,5.16E-05,4.07E-05,3.04E-05,2.35E-05,2.26E-05
9402205,0.000348942,0.000159401,9.79E-05,6.86E-05,5.16E-05,4.07E-05,3.04E-05,2.35E-05,2.26E-05
9402206,0.000348942,0.000159401,9.79E-05,6.86E-05,5.16E-05,4.07E-05,3.04E-05,2.35E-05,2.26E-05
9402207,0.000348942,0.000159401,9.79E-05,6.86E-05,5.16E-05,4.07E-05,3.04E-05,2.35E-05,2.26E-05
9402208,0.000348942,0.000159401,9.79E-05,6.86E-05,5.16E-05,4.07E-05,3.04E-05,2.35E-05,2.26E-05
9402209,0.000348942,0.000159401,9.79E-05,6.86E-05,5.16E-05,4.07E-05,3.04E-05,2.35E-05,2.26E-05
9402210,0.000348942,0.000159401,9.79E-05,6.86E-05,5.16E-05,4.07E-05,3.04E-05,2.35E-05,2.26E-05
9402211,0.000348942,0.000159401,9.79E-05,6.86E-05,5.16E-05,4.07E-05,3.04E-05,2.35E-05,2.26E-05
9402212,0.000348942,0.000159401,9.79E-05,6.86E-05,5.16E-05,4.07E-05,3.04E-05,2.35E-05,2.26E-05
9402213,0.000348942,0.000159401,9.79E-05,6.86E-05,5.16E-05,4.07E-05,3.04E-05,2.35E-05,2.26E-05
9402214,0.000348942,0.000159401,9.79E-05,6.86E-05,5.16E-05,4.07E-05,3.04E-05,2.35E-05,2.26E-05
9402215,0.000348942,0.000159401,9.79E-05,6.86E-05,5.16E-05,4.07E-05,3.04E-05,2.35E-05,2.26E-05
9402216,0.000348942,0.000159401,9.79E-05,6.86E-05,5.16E-05,4.07E-05,3.04E-05,2.35E-05,2.26E-05
9402217,0.000348942,0.000159401,9.79E-05,6.86E-05,5.16E-05,4.07E-05,3.04E-05,2.35E-05,2.26E-05
9402218,0.000348942,0.000159401,9.79E-05,6.86E-05,5.16E-05,4.07E-05,3.04E-05,2.35E-05,2.26E-05
9402219,0.000348942,0.000159401,9.79E-05,6.86E-05,5.16E-05,4.07E-05,3.04E-05,2.35E-05,2.26E-05
9402220,0.000348942,0.000159401,9.79E-05,6.86E-05,5.16E-05,4.07E-05,3.04E-05,2.35E-05,2.26E-05
9402221,0.000348942,0.000159401,9.79E-05,6.86E-05,5.16E-05,4.07E-05,3.04E-05,2.35E-05,2.26E-05
9402222,0.000348942,0.000159401,9.79E-05,6.86E-05,5.16E-05,4.07E-05,3.04E-05,2.35E-05,2.26E-05
9402223,0.000348942,0.000159401,9.79E-05,6.86E-05,5.16E-05,4.07E-05,3.04E-05,2.35E-05,2.26E-05
9402224,0.000348942,0.000159401,9.79E-05,6.86E-05,5.16E-05,4.07E-05,3.04E-05,2.35E-05,2.26E-05
9402225,0.000348942,0.000159401,9.79E-05,6.86E-05,5.16E-05,4.07E-05,3.04E-05,2.35E-05,2.26E-05
9402226,0.000348942,0.000159401,9.79E-05,6.86E-05,5.16E-05,4.07E-05,3.04E-05,2.35E-05,2.26E-05
9402227,0.000348942,0.000159401,9.79E-05,6.86E-05,5.16E-05,4.07E-05,3.04E-05,2.35E-05,2.26E-05
9402228,0.000348942,0.000159401,9.79E-05,6.86E-05,5.16E-05,4.07E-05,3.04E-05,2.35E-05,2.26E-05
9402229,0.000348942,0.000159401,9.79E-05,6.86E-05,5.16E-05,4.07E-05,3.04E-05,2.35E-05,2.26E-05
9402230,0.000348942,0.000159401,9.79E-05,6.86E-05,5.16E-05,4.07E-05,3.04E-05,2.35E-05,2.26E-05
9402231,0.000348942,0.000159401,9.79E-05,6.86E-05,5.16E-05,4.07E-05,3.04E-05,2.35E-05,2.26E-05
9402232,0.000348942,0.000159401,9.79E-05,6.86E-05,5.16E-05,4.07E-05,3.04E-05,2.35E-05,2.26E-05
9402233,0.000348942,0.000159401,9.79E-05,6.86E-05,5.16E-05,4.07E-05,3.04E-05,2.35E-05,2.26E-05
9402234,0.000348942,0.000159401,9.79E-05,6.86E-05,5.16E-05,4.07E-05,3.04E-05,2.35E-05,2.26E-05
9402235,0.000348942,0.000159401,9.79E-05,6.86E-05,5.16E-05,4.07E-05,3.04E-05,2.35E-05,2.26E-05
9402236,0.000348942,0.000159401,9.79E-05,6.86E-05,5.16E-05,4.07E-05,3.04E-05,2.35E-05,2.26E-05
9402237,0.000348942,0.000159401,9.79E-05,6.86E-05,5.16E-05,4.07E-05,3.04E-05,2.35E-05,2.26E-05
9402238,0.000348942,0.000159401,9.79E-05,6.86E-05,5.16E-05,4.07E-05,3.04E-05,2.35E-05,2.26E-05
9402239,0.000348942,0.000159401,9.79E-05,6.86E-05,5.16E-05,4.07E-05,3.04E-05,2.35E-05,2.26E-05
9402240,0.000348942,0.000159401,9.79E-05,6.86E-05,5.16E-05,4.07E-05,3.04E-05,2.35E-05,2.26E-05
9402241,0.000348942,0.000159401,9.79E-05,6.86E-05,5.16E-05,4.07E-05,3.04E-05,2.35E-05,2.26E-05
9402242,0.000348942,0.000159401,9.79E-05,6.86E-05,5.16E-05,4.07E-05,3.04E-05,2.35E-05,2.26E-05
9402243,0.000348942,0.000159401,9.79E-05,6.86E-05,5.16E-05,4.07E-05,3.04E-05,2.35E-05,2.26E-05
9402245,0.000348942,0.000159401,9.79E-05,6.86E-05,5.16E-05,4.07E-05,3.04E-05,2.35E-05,2.26E-05
9402246,0.000348942,0.000159401,9.79E-05,6.86E-05,5.16E-05,4.07E-05,3.04E-05,2.35E-05,2.26E-05
9402247,0.000348942,0.000159401,9.79E-05,6.86E-05,5.16E-05,4.07E-05,3.04E-05,2.35E-05,2.26E-05
9402249,0.000348942,0.000159401,9.79E-05,6.86E-05,5.16E-05,4.07E-05,3.04E-05,2.35E-05,2.26E-05
9402250,0.000348942,0.000159401,9.79E-05,6.86E-05,5.16E-05,4.07E-05,3.04E-05,2.35E-05,2.26E-05
9402251,0.000348942,0.000159401,9.79E-05,6.86E-05,5.16E-05,4.07E-05,3.04E-05,2.35E-05,2.26E-05
9402252,0.000348942,0.000159401,9.79E-05,6.86E-05,5.16E-05,4.07E-05,3.04E-05,2.35E-05,2.26E-05
9402253,0.000348942,0.000159401,9.79E-05,6.86E-05,5.16E-05,4.07E-05,3.04E-05,2.35E-05,2.26E-05
9402254,0.000348942,0.000159401,9.79E-05,6.86E-05,5.16E-05,4.07E-05,3.04E-05,2.35E-05,2.26E-05
9402255,0.000348942,0.000159401,9.79E-05,6.86E-05,5.16E-05,4.07E-05,3.04E-05,2.35E-05,2.26E-05
9402256,0.000348942,0.000159401,9.79E-05,6.86E-05,5.16E-05,4.07E-05,3.04E-05,2.35E-05,2.26E-05
9402257,0.000348942,0.000159401,9.79E-05,6.86E-05,5.16E-05,4.07E-05,3.04E-05,2.35E-05,2.26E-05
9402258,0.000348942,0.000159401,9.79E-05,6.86E-05,5.16E-05,4.07E-05,3.04E-05,2.35E-05,2.26E-05
9402259,0.000348942,0.000159401,9.79E-05,6.86E-05,5.16E-05,4.07E-05,3.04E-05,2.35E-05,2.26E-05
9402260,0.000348942,0.000159401,9.79E-05,6.86E-05,5.16E-05,4.07E-05,3.04E-05,2.35E-05,2.26E-05
9402261,0.000348942,0.000159401,9.79E-05,6.86E-05,5.16E-05,4.07E-05,3.04E-05,2.35E-05,2.26E-05
9402262,0.000348942,0.000159401,9.79E-05,6.86E-05,5.16E-05,4.07E-05,3.04E-05,2.35E-05,2.26E-05
9402263,0.000348942,0.000159401,9.79E-05,6.86E-05,5.16E-05,4.07E-05,3.04E-05,2.35E-05,2.26E-05
9402265,0.000348942,0.000159401,9.79E-05,6.86E-05,5.16E-05,4.07E-05,3.04E-05,2.35E-05,2.26E-05
9402266,0.000348942,0.000159401,9.79E-05,6.86E-05,5.16E-05,4.07E-05,3.04E-05,2.35E-05,2.26E-05
9402267,0.000348942,0.000159401,9.79E-05,6.86E-05,5.16E-05,4.07E-05,3.04E-05,2.35E-05,2.26E-05
9402268,0.000348942,0.000159401,9.79E-05,6.86E-05,5.16E-05,4.07E-05,3.04E-05,2.35E-05,2.26E-05
9402269,0.000348942,0.000159401,9.79E-05,6.86E-05,5.16E-05,4.07E-05,3.04E-05,2.35E-05,2.26E-05
9402270,0.000348942,0.000159401,9.79E-05,6.86E-05,5.16E-05,4.07E-05,3.04E-05,2.35E-05,2.26E-05
9402271,0.000348942,0.000159401,9.79E-05,6.86E-05,5.16E-05,4.07E-05,3.04E-05,2.35E-05,2.26E-05
9402272,0.000348942,0.000159401,9.79E-05,6.86E-05,5.16E-05,4.07E-05,3.04E-05,2.35E-05,2.26E-05
9402273,0.000348942,0.000159401,9.79E-05,6.86E-05,5.16E-05,4.07E-05,3.04E-05,2.35E-05,2.26E-05
9402274,0.000348942,0.000159401,9.79E-05,6.86E-05,5.16E-05,4.07E-05,3.04E-05,2.35E-05,2.26E-05
9402275,0.000348942,0.000159401,9.79E-05,6.86E-05,5.16E-05,4.07E-05,3.04E-05,2.35E-05,2.26E-05
9402278,0.000348942,0.000159401,9.79E-05,6.86E-05,5.16E-05,4.07E-05,3.04E-05,2.35E-05,2.26E-05
9402279,0.000348942,0.000159401,9.79E-05,6.86E-05,5.16E-05,4.07E-05,3.04E-05,2.35E-05,2.26E-05
9402280,0.000348942,0.000159401,9.79E-05,6.86E-05,5.16E-05,4.07E-05,3.04E-05,2.35E-05,2.26E-05
9402282,0.000348942,0.000159401,9.79E-05,6.86E-05,5.16E-05,4.07E-05,3.04E-05,2.35E-05,2.26E-05
9402284,0.000348942,0.000159401,9.79E-05,6.86E-05,5.16E-05,4.07E-05,3.04E-05,2.35E-05,2.26E-05
9402285,0.000348942,0.000159401,9.79E-05,6.86E-05,5.16E-05,4.07E-05,3.04E-05,2.35E-05,2.26E-05
9402286,0.000348942,0.000159401,9.79E-05,6.86E-05,5.16E-05,4.07E-05,3.04E-05,2.35E-05,2.26E-05
9402287,0.000348942,0.000159401,9.79E-05,6.86E-05,5.16E-05,4.07E-05,3.04E-05,2.35E-05,2.26E-05
9402288,0.000348942,0.000159401,9.79E-05,6.86E-05,5.16E-05,4.07E-05,3.04E-05,2.35E-05,2.26E-05
9402289,0.000348942,0.000159401,9.79E-05,6.86E-05,5.16E-05,4.07E-05,3.04E-05,2.35E-05,2.26E-05
9402290,0.000348942,0.000159401,9.79E-05,6.86E-05,5.16E-05,4.07E-05,3.04E-05,2.35E-05,2.26E-05
9402292,0.000348942,0.000159401,9.79E-05,6.86E-05,5.16E-05,4.07E-05,3.04E-05,2.35E-05,2.26E-05
9402293,0.000348942,0.000159401,9.79E-05,6.86E-05,5.16E-05,4.07E-05,3.04E-05,2.35E-05,2.26E-05
9402295,0.000348942,0.000159401,9.79E-05,6.86E-05,5.16E-05,4.07E-05,3.04E-05,2.35E-05,2.26E-05
9402297,0.000348942,0.000159401,9.79E-05,6.86E-05,5.16E-05,4.07E-05,3.04E-05,2.35E-05,2.26E-05
9402301,0.000348942,0.000159401,9.79E-05,6.86E-05,5.16E-05,4.07E-05,3.04E-05,2.35E-05,2.26E-05
9402303,0.000348942,0.000159401,9.79E-05,6.86E-05,5.16E-05,4.07E-05,3.04E-05,2.35E-05,2.26E-05
9402304,0.000348942,0.000159401,9.79E-05,6.86E-05,5.16E-05,4.07E-05,3.04E-05,2.35E-05,2.26E-05
9402305,0.000348942,0.000159401,9.79E-05,6.86E-05,5.16E-05,4.07E-05,3.04E-05,2.35E-05,2.26E-05
9402306,0.000348942,0.000159401,9.79E-05,6.86E-05,5.16E-05,4.07E-05,3.04E-05,2.35E-05,2.26E-05
9402307,0.000348942,0.000159401,9.79E-05,6.86E-05,5.16E-05,4.07E-05,3.04E-05,2.35E-05,2.26E-05
9402308,0.000348942,0.000159401,9.79E-05,6.86E-05,5.16E-05,4.07E-05,3.04E-05,2.35E-05,2.26E-05
9402309,0.000348942,0.000159401,9.79E-05,6.86E-05,5.16E-05,4.07E-05,3.04E-05,2.35E-05,2.26E-05
9402312,0.000348942,0.000159401,9.79E-05,6.86E-05,5.16E-05,4.07E-05,3.04E-05,2.35E-05,2.26E-05
9402314,0.000348942,0.000159401,9.79E-05,6.86E-05,5.16E-05,4.07E-05,3.04E-05,2.35E-05,2.26E-05
9402315,0.000348942,0.000159401,9.79E-05,6.86E-05,5.16E-05,4.07E-05,3.04E-05,2.35E-05,2.26E-05
9402316,0.000348942,0.000159401,9.79E-05,6.86E-05,5.16E-05,4.07E-05,3.04E-05,2.35E-05,2.26E-05
9402317,0.000348942,0.000159401,9.79E-05,6.86E-05,5.16E-05,4.07E-05,3.04E-05,2.35E-05,2.26E-05
9402318,0.000348942,0.000159401,9.79E-05,6.86E-05,5.16E-05,4.07E-05,3.04E-05,2.35E-05,2.26E-05
9402319,0.000348942,0.000159401,9.79E-05,6.86E-05,5.16E-05,4.07E-05,3.04E-05,2.35E-05,2.26E-05
9402321,0.000348942,0.000159401,9.79E-05,6.86E-05,5.16E-05,4.07E-05,3.04E-05,2.35E-05,2.26E-05
9402322,0.000348942,0.000159401,9.79E-05,6.86E-05,5.16E-05,4.07E-05,3.04E-05,2.35E-05,2.26E-05
9402323,0.000348942,0.000159401,9.79E-05,6.86E-05,5.16E-05,4.07E-05,3.04E-05,2.35E-05,2.26E-05
9402324,0.000348942,0.000159401,9.79E-05,6.86E-05,5.16E-05,4.07E-05,3.04E-05,2.35E-05,2.26E-05
9402325,0.000348942,0.000159401,9.79E-05,6.86E-05,5.16E-05,4.07E-05,3.04E-05,2.35E-05,2.26E-05
9402327,0.000348942,0.000159401,9.79E-05,6.86E-05,5.16E-05,4.07E-05,3.04E-05,2.35E-05,2.26E-05
9402328,0.000348942,0.000159401,9.79E-05,6.86E-05,5.16E-05,4.07E-05,3.04E-05,2.35E-05,2.26E-05
9402330,0.000348942,0.000159401,9.79E-05,6.86E-05,5.16E-05,4.07E-05,3.04E-05,2.35E-05,2.26E-05
9402331,0.000348942,0.000159401,9.79E-05,6.86E-05,5.16E-05,4.07E-05,3.04E-05,2.35E-05,2.26E-05
9402332,0.000348942,0.000159401,9.79E-05,6.86E-05,5.16E-05,4.07E-05,3.04E-05,2.35E-05,2.26E-05
9402333,0.000348942,0.000159401,9.79E-05,6.86E-05,5.16E-05,4.07E-05,3.04E-05,2.35E-05,2.26E-05
9402334,0.000348942,0.000159401,9.79E-05,6.86E-05,5.16E-05,4.07E-05,3.04E-05,2.35E-05,2.26E-05
9402335,0.000348942,0.000159401,9.79E-05,6.86E-05,5.16E-05,4.07E-05,3.04E-05,2.35E-05,2.26E-05
9402336,0.000348942,0.000159401,9.79E-05,6.86E-05,5.16E-05,4.07E-05,3.04E-05,2.35E-05,2.26E-05
9402337,0.000348942,0.000159401,9.79E-05,6.86E-05,5.16E-05,4.07E-05,3.04E-05,2.35E-05,2.26E-05
9402338,0.000348942,0.000159401,9.79E-05,6.86E-05,5.16E-05,4.07E-05,3.04E-05,2.35E-05,2.26E-05
9402339,0.000348942,0.000159401,9.79E-05,6.86E-05,5.16E-05,4.07E-05,3.04E-05,2.35E-05,2.26E-05
9402340,0.000348942,0.000159401,9.79E-05,6.86E-05,5.16E-05,4.07E-05,3.04E-05,2.35E-05,2.26E-05
9402341,0.000348942,0.000159401,9.79E-05,6.86E-05,5.16E-05,4.07E-05,3.04E-05,2.35E-05,2.26E-05
9402342,0.000348942,0.000159401,9.79E-05,6.86E-05,5.16E-05,4.07E-05,3.04E-05,2.35E-05,2.26E-05
9402343,0.000348942,0.000159401,9.79E-05,6.86E-05,5.16E-05,4.07E-05,3.04E-05,2.35E-05,2.26E-05
9402344,0.000348942,0.000159401,9.79E-05,6.86E-05,5.16E-05,4.07E-05,3.04E-05,2.35E-05,2.26E-05
9402345,0.000348942,0.000159401,9.79E-05,6.86E-05,5.16E-05,4.07E-05,3.04E-05,2.35E-05,2.26E-05
9402346,0.000348942,0.000159401,9.79E-05,6.86E-05,5.16E-05,4.07E-05,3.04E-05,2.35E-05,2.26E-05
9402347,0.000348942,0.000159401,9.79E-05,6.86E-05,5.16E-05,4.07E-05,3.04E-05,2.35E-05,2.26E-05
9402348,0.000348942,0.000159401,9.79E-05,6.86E-05,5.16E-05,4.07E-05,3.04E-05,2.35E-05,2.26E-05
9402349,0.000348942,0.000159401,9.79E-05,6.86E-05,5.16E-05,4.07E-05,3.04E-05,2.35E-05,2.26E-05
9402350,0.000348942,0.000159401,9.79E-05,6.86E-05,5.16E-05,4.07E-05,3.04E-05,2.35E-05,2.26E-05
9402351,0.000348942,0.000159401,9.79E-05,6.86E-05,5.16E-05,4.07E-05,3.04E-05,2.35E-05,2.26E-05
9402352,0.000348942,0.000159401,9.79E-05,6.86E-05,5.16E-05,4.07E-05,3.04E-05,2.35E-05,2.26E-05
9402353,0.000348942,0.000159401,9.79E-05,6.86E-05,5.16E-05,4.07E-05,3.04E-05,2.35E-05,2.26E-05
9402354,0.000348942,0.000159401,9.79E-05,6.86E-05,5.16E-05,4.07E-05,3.04E-05,2.35E-05,2.26E-05
9402355,0.000348942,0.000159401,9.79E-05,6.86E-05,5.16E-05,4.07E-05,3.04E-05,2.35E-05,2.26E-05
9402356,0.000348942,0.000159401,9.79E-05,6.86E-05,5.16E-05,4.07E-05,3.04E-05,2.35E-05,2.26E-05
9402357,0.000348942,0.000159401,9.79E-05,6.86E-05,5.16E-05,4.07E-05,3.04E-05,2.35E-05,2.26E-05
9402358,0.000348942,0.000159401,9.79E-05,6.86E-05,5.16E-05,4.07E-05,3.04E-05,2.35E-05,2.26E-05
9402359,0.000348942,0.000159401,9.79E-05,6.86E-05,5.16E-05,4.07E-05,3.04E-05,2.35E-05,2.26E-05
9402360,0.000348942,0.000159401,9.79E-05,6.86E-05,5.16E-05,4.07E-05,3.04E-05,2.35E-05,2.26E-05
9402361,0.000348942,0.000159401,9.79E-05,6.86E-05,5.16E-05,4.07E-05,3.04E-05,2.35E-05,2.26E-05
9402362,0.000348942,0.000159401,9.79E-05,6.86E-05,5.16E-05,4.07E-05,3.04E-05,2.35E-05,2.26E-05
9402363,0.000348942,0.000159401,9.79E-05,6.86E-05,5.16E-05,4.07E-05,3.04E-05,2.35E-05,2.26E-05
9402364,0.000348942,0.000159401,9.79E-05,6.86E-05,5.16E-05,4.07E-05,3.04E-05,2.35E-05,2.26E-05
9412325,0.000348942,0.000159401,9.79E-05,6.86E-05,5.16E-05,4.07E-05,3.04E-05,2.35E-05,2.26E-05
9403201,0.000348942,0.000159401,9.79E-05,6.86E-05,5.16E-05,4.07E-05,3.04E-05,2.35E-05,2.26E-05
9403204,0.000348942,0.000159401,9.79E-05,6.86E-05,5.16E-05,4.07E-05,3.04E-05,2.35E-05,2.26E-05
9403205,0.000348942,0.000159401,9.79E-05,6.86E-05,5.16E-05,4.07E-05,3.04E-05,2.35E-05,2.26E-05
9403206,0.000348942,0.000159401,9.79E-05,6.86E-05,5.16E-05,4.07E-05,3.04E-05,2.35E-05,2.26E-05
9403208,0.000348942,0.000159401,9.79E-05,6.86E-05,5.16E-05,4.07E-05,3.04E-05,2.35E-05,2.26E-05
9403209,0.000348942,0.000159401,9.79E-05,6.86E-05,5.16E-05,4.07E-05,3.04E-05,2.35E-05,2.26E-05
9403210,0.000348942,0.000159401,9.79E-05,6.86E-05,5.16E-05,4.07E-05,3.04E-05,2.35E-05,2.26E-05
9403211,0.000348942,0.000159401,9.79E-05,6.86E-05,5.16E-05,4.07E-05,3.04E-05,2.35E-05,2.26E-05
9403213,0.000348942,0.000159401,9.79E-05,6.86E-05,5.16E-05,4.07E-05,3.04E-05,2.35E-05,2.26E-05
9403215,0.000348942,0.000159401,9.79E-05,6.86E-05,5.16E-05,4.07E-05,3.04E-05,2.35E-05,2.26E-05
9403216,0.000348942,0.000159401,9.79E-05,6.86E-05,5.16E-05,4.07E-05,3.04E-05,2.35E-05,2.26E-05
9403219,0.000348942,0.000159401,9.79E-05,6.86E-05,5.16E-05,4.07E-05,3.04E-05,2.35E-05,2.26E-05
9403220,0.000348942,0.000159401,9.79E-05,6.86E-05,5.16E-05,4.07E-05,3.04E-05,2.35E-05,2.26E-05
9403224,0.000348942,0.000159401,9.79E-05,6.86E-05,5.16E-05,4.07E-05,3.04E-05,2.35E-05,2.26E-05
9403225,0.000348942,0.000159401,9.79E-05,6.86E-05,5.16E-05,4.07E-05,3.04E-05,2.35E-05,2.26E-05
9403226,0.000348942,0.000159401,9.79E-05,6.86E-05,5.16E-05,4.07E-05,3.04E-05,2.35E-05,2.26E-05
9403228,0.000348942,0.000159401,9.79E-05,6.86E-05,5.16E-05,4.07E-05,3.04E-05,2.35E-05,2.26E-05
9403229,0.000348942,0.000159401,9.79E-05,6.86E-05,5.16E-05,4.07E-05,3.04E-05,2.35E-05,2.26E-05
9403230,0.000348942,0.000159401,9.79E-05,6.86E-05,5.16E-05,4.07E-05,3.04E-05,2.35E-05,2.26E-05
9403233,0.000348942,0.000159401,9.79E-05,6.86E-05,5.16E-05,4.07E-05,3.04E-05,2.35E-05,2.26E-05
9403234,0.000348942,0.000159401,9.79E-05,6.86E-05,5.16E-05,4.07E-05,3.04E-05,2.35E-05,2.26E-05
9403235,0.000348942,0.000159401,9.79E-05,6.86E-05,5.16E-05,4.07E-05,3.04E-05,2.35E-05,2.26E-05
9403236,0.000348942,0.000159401,9.79E-05,6.86E-05,5.16E-05,4.07E-05,3.04E-05,2.35E-05,2.26E-05
9403239,0.000348942,0.000159401,9.79E-05,6.86E-05,5.16E-05,4.07E-05,3.04E-05,2.35E-05,2.26E-05
9403240,0.000348942,0.000159401,9.79E-05,6.86E-05,5.16E-05,4.07E-05,3.04E-05,2.35E-05,2.26E-05
9403241,0.000348942,0.000159401,9.79E-05,6.86E-05,5.16E-05,4.07E-05,3.04E-05,2.35E-05,2.26E-05
9403244,0.000348942,0.000159401,9.79E-05,6.86E-05,5.16E-05,4.07E-05,3.04E-05,2.35E-05,2.26E-05
9403245,0.000348942,0.000159401,9.79E-05,6.86E-05,5.16E-05,4.07E-05,3.04E-05,2.35E-05,2.26E-05
9403246,0.000348942,0.000159401,9.79E-05,6.86E-05,5.16E-05,4.07E-05,3.04E-05,2.35E-05,2.26E-05
9403249,0.000348942,0.000159401,9.79E-05,6.86E-05,5.16E-05,4.07E-05,3.04E-05,2.35E-05,2.26E-05
9403250,0.000348942,0.000159401,9.79E-05,6.86E-05,5.16E-05,4.07E-05,3.04E-05,2.35E-05,2.26E-05
9403251,0.000348942,0.000159401,9.79E-05,6.86E-05,5.16E-05,4.07E-05,3.04E-05,2.35E-05,2.26E-05
9403252,0.000348942,0.000159401,9.79E-05,6.86E-05,5.16E-05,4.07E-05,3.04E-05,2.35E-05,2.26E-05
9403255,0.000348942,0.000159401,9.79E-05,6.86E-05,5.16E-05,4.07E-05,3.04E-05,2.35E-05,2.26E-05
9403257,0.000348942,0.000159401,9.79E-05,6.86E-05,5.16E-05,4.07E-05,3.04E-05,2.35E-05,2.26E-05
9403260,0.000348942,0.000159401,9.79E-05,6.86E-05,5.16E-05,4.07E-05,3.04E-05,2.35E-05,2.26E-05
9403261,0.000348942,0.000159401,9.79E-05,6.86E-05,5.16E-05,4.07E-05,3.04E-05,2.35E-05,2.26E-05
9403262,0.000348942,0.000159401,9.79E-05,6.86E-05,5.16E-05,4.07E-05,3.04E-05,2.35E-05,2.26E-05
9403264,0.000348942,0.000159401,9.79E-05,6.86E-05,5.16E-05,4.07E-05,3.04E-05,2.35E-05,2.26E-05
9403265,0.000348942,0.000159401,9.79E-05,6.86E-05,5.16E-05,4.07E-05,3.04E-05,2.35E-05,2.26E-05
9403266,0.000348942,0.000159401,9.79E-05,6.86E-05,5.16E-05,4.07E-05,3.04E-05,2.35E-05,2.26E-05
9403267,0.000348942,0.000159401,9.79E-05,6.86E-05,5.16E-05,4.07E-05,3.04E-05,2.35E-05,2.26E-05
9403269,0.000348942,0.000159401,9.79E-05,6.86E-05,5.16E-05,4.07E-05,3.04E-05,2.35E-05,2.26E-05
9403270,0.000348942,0.000159401,9.79E-05,6.86E-05,5.16E-05,4.07E-05,3.04E-05,2.35E-05,2.26E-05
9403271,0.000348942,0.000159401,9.79E-05,6.86E-05,5.16E-05,4.07E-05,3.04E-05,2.35E-05,2.26E-05
9403272,0.000348942,0.000159401,9.79E-05,6.86E-05,5.16E-05,4.07E-05,3.04E-05,2.35E-05,2.26E-05
9403275,0.000348942,0.000159401,9.79E-05,6.86E-05,5.16E-05,4.07E-05,3.04E-05,2.35E-05,2.26E-05
9403277,0.000348942,0.000159401,9.79E-05,6.86E-05,5.16E-05,4.07E-05,3.04E-05,2.35E-05,2.26E-05
9403280,0.000348942,0.000159401,9.79E-05,6.86E-05,5.16E-05,4.07E-05,3.04E-05,2.35E-05,2.26E-05
9403281,0.000348942,0.000159401,9.79E-05,6.86E-05,5.16E-05,4.07E-05,3.04E-05,2.35E-05,2.26E-05
9403284,0.000348942,0.000159401,9.79E-05,6.86E-05,5.16E-05,4.07E-05,3.04E-05,2.35E-05,2.26E-05
9403285,0.000348942,0.000159401,9.79E-05,6.86E-05,5.16E-05,4.07E-05,3.04E-05,2.35E-05,2.26E-05
9403286,0.000348942,0.000159401,9.79E-05,6.86E-05,5.16E-05,4.07E-05,3.04E-05,2.35E-05,2.26E-05
9403287,0.000348942,0.000159401,9.79E-05,6.86E-05,5.16E-05,4.07E-05,3.04E-05,2.35E-05,2.26E-05
9403291,0.000348942,0.000159401,9.79E-05,6.86E-05,5.16E-05,4.07E-05,3.04E-05,2.35E-05,2.26E-05
9403295,0.000348942,0.000159401,9.79E-05,6.86E-05,5.16E-05,4.07E-05,3.04E-05,2.35E-05,2.26E-05
9403296,0.000348942,0.000159401,9.79E-05,6.86E-05,5.16E-05,4.07E-05,3.04E-05,2.35E-05,2.26E-05
9403297,0.000348942,0.000159401,9.79E-05,6.86E-05,5.16E-05,4.07E-05,3.04E-05,2.35E-05,2.26E-05
9403299,0.000348942,0.000159401,9.79E-05,6.86E-05,5.16E-05,4.07E-05,3.04E-05,2.35E-05,2.26E-05
9403302,0.000348942,0.000159401,9.79E-05,6.86E-05,5.16E-05,4.07E-05,3.04E-05,2.35E-05,2.26E-05
9403304,0.000348942,0.000159401,9.79E-05,6.86E-05,5.16E-05,4.07E-05,3.04E-05,2.35E-05,2.26E-05
9403305,0.000348942,0.000159401,9.79E-05,6.86E-05,5.16E-05,4.07E-05,3.04E-05,2.35E-05,2.26E-05
9403306,0.000348942,0.000159401,9.79E-05,6.86E-05,5.16E-05,4.07E-05,3.04E-05,2.35E-05,2.26E-05
9403307,0.000348942,0.000159401,9.79E-05,6.86E-05,5.16E-05,4.07E-05,3.04E-05,2.35E-05,2.26E-05
9403312,0.000348942,0.000159401,9.79E-05,6.86E-05,5.16E-05,4.07E-05,3.04E-05,2.35E-05,2.26E-05
9403314,0.000348942,0.000159401,9.79E-05,6.86E-05,5.16E-05,4.07E-05,3.04E-05,2.35E-05,2.26E-05
9403315,0.000348942,0.000159401,9.79E-05,6.86E-05,5.16E-05,4.07E-05,3.04E-05,2.35E-05,2.26E-05
9403316,0.000348942,0.000159401,9.79E-05,6.86E-05,5.16E-05,4.07E-05,3.04E-05,2.35E-05,2.26E-05
9403317,0.000348942,0.000159401,9.79E-05,6.86E-05,5.16E-05,4.07E-05,3.04E-05,2.35E-05,2.26E-05
9403319,0.000348942,0.000159401,9.79E-05,6.86E-05,5.16E-05,4.07E-05,3.04E-05,2.35E-05,2.26E-05
9403320,0.000348942,0.000159401,9.79E-05,6.86E-05,5.16E-05,4.07E-05,3.04E-05,2.35E-05,2.26E-05
9403321,0.000348942,0.000159401,9.79E-05,6.86E-05,5.16E-05,4.07E-05,3.04E-05,2.35E-05,2.26E-05
9403322,0.000348942,0.000159401,9.79E-05,6.86E-05,5.16E-05,4.07E-05,3.04E-05,2.35E-05,2.26E-05
9403324,0.000348942,0.000159401,9.79E-05,6.86E-05,5.16E-05,4.07E-05,3.04E-05,2.35E-05,2.26E-05
9403325,0.000348942,0.000159401,9.79E-05,6.86E-05,5.16E-05,4.07E-05,3.04E-05,2.35E-05,2.26E-05
9403326,0.000348942,0.000159401,9.79E-05,6.86E-05,5.16E-05,4.07E-05,3.04E-05,2.35E-05,2.26E-05
9403327,0.000348942,0.000159401,9.79E-05,6.86E-05,5.16E-05,4.07E-05,3.04E-05,2.35E-05,2.26E-05
9403329,0.000348942,0.000159401,9.79E-05,6.86E-05,5.16E-05,4.07E-05,3.04E-05,2.35E-05,2.26E-05
9403330,0.000348942,0.000159401,9.79E-05,6.86E-05,5.16E-05,4.07E-05,3.04E-05,2.35E-05,2.26E-05
9403331,0.000348942,0.000159401,9.79E-05,6.86E-05,5.16E-05,4.07E-05,3.04E-05,2.35E-05,2.26E-05
9403332,0.000348942,0.000159401,9.79E-05,6.86E-05,5.16E-05,4.07E-05,3.04E-05,2.35E-05,2.26E-05
9403334,0.000348942,0.000159401,9.79E-05,6.86E-05,5.16E-05,4.07E-05,3.04E-05,2.35E-05,2.26E-05
9403335,0.000348942,0.000159401,9.79E-05,6.86E-05,5.16E-05,4.07E-05,3.04E-05,2.35E-05,2.26E-05
9403336,0.000348942,0.000159401,9.79E-05,6.86E-05,5.16E-05,4.07E-05,3.04E-05,2.35E-05,2.26E-05
9403337,0.000348942,0.000159401,9.79E-05,6.86E-05,5.16E-05,4.07E-05,3.04E-05,2.35E-05,2.26E-05
9403339,0.000348942,0.000159401,9.79E-05,6.86E-05,5.16E-05,4.07E-05,3.04E-05,2.35E-05,2.26E-05
9403340,0.000348942,0.000159401,9.79E-05,6.86E-05,5.16E-05,4.07E-05,3.04E-05,2.35E-05,2.26E-05
9403341,0.000348942,0.000159401,9.79E-05,6.86E-05,5.16E-05,4.07E-05,3.04E-05,2.35E-05,2.26E-05
9403342,0.000348942,0.000159401,9.79E-05,6.86E-05,5.16E-05,4.07E-05,3.04E-05,2.35E-05,2.26E-05
9403344,0.000348942,0.000159401,9.79E-05,6.86E-05,5.16E-05,4.07E-05,3.04E-05,2.35E-05,2.26E-05
9403345,0.000348942,0.000159401,9.79E-05,6.86E-05,5.16E-05,4.07E-05,3.04E-05,2.35E-05,2.26E-05
9403346,0.000348942,0.000159401,9.79E-05,6.86E-05,5.16E-05,4.07E-05,3.04E-05,2.35E-05,2.26E-05
9403347,0.000348942,0.000159401,9.79E-05,6.86E-05,5.16E-05,4.07E-05,3.04E-05,2.35E-05,2.26E-05
9403349,0.000348942,0.000159401,9.79E-05,6.86E-05,5.16E-05,4.07E-05,3.04E-05,2.35E-05,2.26E-05
9403350,0.000348942,0.000159401,9.79E-05,6.86E-05,5.16E-05,4.07E-05,3.04E-05,2.35E-05,2.26E-05
9403351,0.000348942,0.000159401,9.79E-05,6.86E-05,5.16E-05,4.07E-05,3.04E-05,2.35E-05,2.26E-05
9403352,0.000348942,0.000159401,9.79E-05,6.86E-05,5.16E-05,4.07E-05,3.04E-05,2.35E-05,2.26E-05
9403354,0.000348942,0.000159401,9.79E-05,6.86E-05,5.16E-05,4.07E-05,3.04E-05,2.35E-05,2.26E-05
9403355,0.000348942,0.000159401,9.79E-05,6.86E-05,5.16E-05,4.07E-05,3.04E-05,2.35E-05,2.26E-05
9403356,0.000348942,0.000159401,9.79E-05,6.86E-05,5.16E-05,4.07E-05,3.04E-05,2.35E-05,2.26E-05
9403357,0.000348942,0.000159401,9.79E-05,6.86E-05,5.16E-05,4.07E-05,3.04E-05,2.35E-05,2.26E-05
9403359,0.000348942,0.000159401,9.79E-05,6.86E-05,5.16E-05,4.07E-05,3.04E-05,2.35E-05,2.26E-05
9403360,0.000348942,0.000159401,9.79E-05,6.86E-05,5.16E-05,4.07E-05,3.04E-05,2.35E-05,2.26E-05
9403362,0.000348942,0.000159401,9.79E-05,6.86E-05,5.16E-05,4.07E-05,3.04E-05,2.35E-05,2.26E-05
9403364,0.000348942,0.000159401,9.79E-05,6.86E-05,5.16E-05,4.07E-05,3.04E-05,2.35E-05,2.26E-05
9403365,0.000348942,0.000159401,9.79E-05,6.86E-05,5.16E-05,4.07E-05,3.04E-05,2.35E-05,2.26E-05
9403366,0.000348942,0.000159401,9.79E-05,6.86E-05,5.16E-05,4.07E-05,3.04E-05,2.35E-05,2.26E-05
9403367,0.000348942,0.000159401,9.79E-05,6.86E-05,5.16E-05,4.07E-05,3.04E-05,2.35E-05,2.26E-05
9403369,0.000348942,0.000159401,9.79E-05,6.86E-05,5.16E-05,4.07E-05,3.04E-05,2.35E-05,2.26E-05
9403370,0.000348942,0.000159401,9.79E-05,6.86E-05,5.16E-05,4.07E-05,3.04E-05,2.35E-05,2.26E-05
9403371,0.000348942,0.000159401,9.79E-05,6.86E-05,5.16E-05,4.07E-05,3.04E-05,2.35E-05,2.26E-05
9403372,0.000348942,0.000159401,9.79E-05,6.86E-05,5.16E-05,4.07E-05,3.04E-05,2.35E-05,2.26E-05
9403374,0.000348942,0.000159401,9.79E-05,6.86E-05,5.16E-05,4.07E-05,3.04E-05,2.35E-05,2.26E-05
9403375,0.000348942,0.000159401,9.79E-05,6.86E-05,5.16E-05,4.07E-05,3.04E-05,2.35E-05,2.26E-05
9403377,0.000348942,0.000159401,9.79E-05,6.86E-05,5.16E-05,4.07E-05,3.04E-05,2.35E-05,2.26E-05
9403379,0.000348942,0.000159401,9.79E-05,6.86E-05,5.16E-05,4.07E-05,3.04E-05,2.35E-05,2.26E-05
9403381,0.000348942,0.000159401,9.79E-05,6.86E-05,5.16E-05,4.07E-05,3.04E-05,2.35E-05,2.26E-05
9403382,0.000348942,0.000159401,9.79E-05,6.86E-05,5.16E-05,4.07E-05,3.04E-05,2.35E-05,2.26E-05
9403384,0.000348942,0.000159401,9.79E-05,6.86E-05,5.16E-05,4.07E-05,3.04E-05,2.35E-05,2.26E-05
9403385,0.000348942,0.000159401,9.79E-05,6.86E-05,5.16E-05,4.07E-05,3.04E-05,2.35E-05,2.26E-05
9403386,0.000348942,0.000159401,9.79E-05,6.86E-05,5.16E-05,4.07E-05,3.04E-05,2.35E-05,2.26E-05
9403387,0.000348942,0.000159401,9.79E-05,6.86E-05,5.16E-05,4.07E-05,3.04E-05,2.35E-05,2.26E-05
9403389,0.000348942,0.000159401,9.79E-05,6.86E-05,5.16E-05,4.07E-05,3.04E-05,2.35E-05,2.26E-05
9403390,0.000348942,0.000159401,9.79E-05,6.86E-05,5.16E-05,4.07E-05,3.04E-05,2.35E-05,2.26E-05
9403391,0.000348942,0.000159401,9.79E-05,6.86E-05,5.16E-05,4.07E-05,3.04E-05,2.35E-05,2.26E-05
9403392,0.000348942,0.000159401,9.79E-05,6.86E-05,5.16E-05,4.07E-05,3.04E-05,2.35E-05,2.26E-05
9403394,0.000348942,0.000159401,9.79E-05,6.86E-05,5.16E-05,4.07E-05,3.04E-05,2.35E-05,2.26E-05
9403395,0.000348942,0.000159401,9.79E-05,6.86E-05,5.16E-05,4.07E-05,3.04E-05,2.35E-05,2.26E-05
9403396,0.000348942,0.000159401,9.79E-05,6.86E-05,5.16E-05,4.07E-05,3.04E-05,2.35E-05,2.26E-05
9403397,0.000348942,0.000159401,9.79E-05,6.86E-05,5.16E-05,4.07E-05,3.04E-05,2.35E-05,2.26E-05
9403399,0.000348942,0.000159401,9.79E-05,6.86E-05,5.16E-05,4.07E-05,3.04E-05,2.35E-05,2.26E-05
9403400,0.000348942,0.000159401,9.79E-05,6.86E-05,5.16E-05,4.07E-05,3.04E-05,2.35E-05,2.26E-05
9403401,0.000348942,0.000159401,9.79E-05,6.86E-05,5.16E-05,4.07E-05,3.04E-05,2.35E-05,2.26E-05
9403402,0.000348942,0.000159401,9.79E-05,6.86E-05,5.16E-05,4.07E-05,3.04E-05,2.35E-05,2.26E-05
9403404,0.000348942,0.000159401,9.79E-05,6.86E-05,5.16E-05,4.07E-05,3.04E-05,2.35E-05,2.26E-05
9403405,0.000348942,0.000159401,9.79E-05,6.86E-05,5.16E-05,4.07E-05,3.04E-05,2.35E-05,2.26E-05
9403406,0.000348942,0.000159401,9.79E-05,6.86E-05,5.16E-05,4.07E-05,3.04E-05,2.35E-05,2.26E-05
9403407,0.000348942,0.000159401,9.79E-05,6.86E-05,5.16E-05,4.07E-05,3.04E-05,2.35E-05,2.26E-05
9403409,0.000348942,0.000159401,9.79E-05,6.86E-05,5.16E-05,4.07E-05,3.04E-05,2.35E-05,2.26E-05
9403411,0.000348942,0.000159401,9.79E-05,6.86E-05,5.16E-05,4.07E-05,3.04E-05,2.35E-05,2.26E-05
9412320,0.000348942,0.000159401,9.79E-05,6.86E-05,5.16E-05,4.07E-05,3.04E-05,2.35E-05,2.26E-05
9412327,0.000348942,0.000159401,9.79E-05,6.86E-05,5.16E-05,4.07E-05,3.04E-05,2.35E-05,2.26E-05
9404201,0.000348942,0.000159401,9.79E-05,6.86E-05,5.16E-05,4.07E-05,3.04E-05,2.35E-05,2.26E-05
9404202,0.000348942,0.000159401,9.79E-05,6.86E-05,5.16E-05,4.07E-05,3.04E-05,2.35E-05,2.26E-05
9404203,0.000348942,0.000159401,9.79E-05,6.86E-05,5.16E-05,4.07E-05,3.04E-05,2.35E-05,2.26E-05
9404204,0.000348942,0.000159401,9.79E-05,6.86E-05,5.16E-05,4.07E-05,3.04E-05,2.35E-05,2.26E-05
9404205,0.000348942,0.000159401,9.79E-05,6.86E-05,5.16E-05,4.07E-05,3.04E-05,2.35E-05,2.26E-05
9404206,0.000348942,0.000159401,9.79E-05,6.86E-05,5.16E-05,4.07E-05,3.04E-05,2.35E-05,2.26E-05
9404207,0.000348942,0.000159401,9.79E-05,6.86E-05,5.16E-05,4.07E-05,3.04E-05,2.35E-05,2.26E-05
9404208,0.000348942,0.000159401,9.79E-05,6.86E-05,5.16E-05,4.07E-05,3.04E-05,2.35E-05,2.26E-05
9404209,0.000348942,0.000159401,9.79E-05,6.86E-05,5.16E-05,4.07E-05,3.04E-05,2.35E-05,2.26E-05
9404210,0.000348942,0.000159401,9.79E-05,6.86E-05,5.16E-05,4.07E-05,3.04E-05,2.35E-05,2.26E-05
9404211,0.000348942,0.000159401,9.79E-05,6.86E-05,5.16E-05,4.07E-05,3.04E-05,2.35E-05,2.26E-05
9404212,0.000348942,0.000159401,9.79E-05,6.86E-05,5.16E-05,4.07E-05,3.04E-05,2.35E-05,2.26E-05
9404213,0.000348942,0.000159401,9.79E-05,6.86E-05,5.16E-05,4.07E-05,3.04E-05,2.35E-05,2.26E-05
9404214,0.000348942,0.000159401,9.79E-05,6.86E-05,5.16E-05,4.07E-05,3.04E-05,2.35E-05,2.26E-05
9404215,0.000348942,0.000159401,9.79E-05,6.86E-05,5.16E-05,4.07E-05,3.04E-05,2.35E-05,2.26E-05
9404216,0.000348942,0.000159401,9.79E-05,6.86E-05,5.16E-05,4.07E-05,3.04E-05,2.35E-05,2.26E-05
9404217,0.000348942,0.000159401,9.79E-05,6.86E-05,5.16E-05,4.07E-05,3.04E-05,2.35E-05,2.26E-05
9404218,0.000348942,0.000159401,9.79E-05,6.86E-05,5.16E-05,4.07E-05,3.04E-05,2.35E-05,2.26E-05
9404219,0.000348942,0.000159401,9.79E-05,6.86E-05,5.16E-05,4.07E-05,3.04E-05,2.35E-05,2.26E-05
9404220,0.000348942,0.000159401,9.79E-05,6.86E-05,5.16E-05,4.07E-05,3.04E-05,2.35E-05,2.26E-05
9404221,0.000348942,0.000159401,9.79E-05,6.86E-05,5.16E-05,4.07E-05,3.04E-05,2.35E-05,2.26E-05
9404222,0.000348942,0.000159401,9.79E-05,6.86E-05,5.16E-05,4.07E-05,3.04E-05,2.35E-05,2.26E-05
9404223,0.000348942,0.000159401,9.79E-05,6.86E-05,5.16E-05,4.07E-05,3.04E-05,2.35E-05,2.26E-05
9404224,0.000348942,0.000159401,9.79E-05,6.86E-05,5.16E-05,4.07E-05,3.04E-05,2.35E-05,2.26E-05
9404225,0.000348942,0.000159401,9.79E-05,6.86E-05,5.16E-05,4.07E-05,3.04E-05,2.35E-05,2.26E-05
9404226,0.000348942,0.000159401,9.79E-05,6.86E-05,5.16E-05,4.07E-05,3.04E-05,2.35E-05,2.26E-05
9404227,0.000348942,0.000159401,9.79E-05,6.86E-05,5.16E-05,4.07E-05,3.04E-05,2.35E-05,2.26E-05
9404228,0.000348942,0.000159401,9.79E-05,6.86E-05,5.16E-05,4.07E-05,3.04E-05,2.35E-05,2.26E-05
9404229,0.000348942,0.000159401,9.79E-05,6.86E-05,5.16E-05,4.07E-05,3.04E-05,2.35E-05,2.26E-05
9404230,0.000348942,0.000159401,9.79E-05,6.86E-05,5.16E-05,4.07E-05,3.04E-05,2.35E-05,2.26E-05
9404231,0.000348942,0.000159401,9.79E-05,6.86E-05,5.16E-05,4.07E-05,3.04E-05,2.35E-05,2.26E-05
9404232,0.000348942,0.000159401,9.79E-05,6.86E-05,5.16E-05,4.07E-05,3.04E-05,2.35E-05,2.26E-05
9404233,0.000348942,0.000159401,9.79E-05,6.86E-05,5.16E-05,4.07E-05,3.04E-05,2.35E-05,2.26E-05
9404234,0.000348942,0.000159401,9.79E-05,6.86E-05,5.16E-05,4.07E-05,3.04E-05,2.35E-05,2.26E-05
9404235,0.000348942,0.000159401,9.79E-05,6.86E-05,5.16E-05,4.07E-05,3.04E-05,2.35E-05,2.26E-05
9404236,0.000348942,0.000159401,9.79E-05,6.86E-05,5.16E-05,4.07E-05,3.04E-05,2.35E-05,2.26E-05
9404237,0.000348942,0.000159401,9.79E-05,6.86E-05,5.16E-05,4.07E-05,3.04E-05,2.35E-05,2.26E-05
9404242,0.000348942,0.000159401,9.79E-05,6.86E-05,5.16E-05,4.07E-05,3.04E-05,2.35E-05,2.26E-05
9404244,0.000348942,0.000159401,9.79E-05,6.86E-05,5.16E-05,4.07E-05,3.04E-05,2.35E-05,2.26E-05
9404246,0.000348942,0.000159401,9.79E-05,6.86E-05,5.16E-05,4.07E-05,3.04E-05,2.35E-05,2.26E-05
9404247,0.000348942,0.000159401,9.79E-05,6.86E-05,5.16E-05,4.07E-05,3.04E-05,2.35E-05,2.26E-05
9404248,0.000348942,0.000159401,9.79E-05,6.86E-05,5.16E-05,4.07E-05,3.04E-05,2.35E-05,2.26E-05
9404249,0.000348942,0.000159401,9.79E-05,6.86E-05,5.16E-05,4.07E-05,3.04E-05,2.35E-05,2.26E-05
9404251,0.000348942,0.000159401,9.79E-05,6.86E-05,5.16E-05,4.07E-05,3.04E-05,2.35E-05,2.26E-05
9404252,0.000348942,0.000159401,9.79E-05,6.86E-05,5.16E-05,4.07E-05,3.04E-05,2.35E-05,2.26E-05
9404253,0.000348942,0.000159401,9.79E-05,6.86E-05,5.16E-05,4.07E-05,3.04E-05,2.35E-05,2.26E-05
9404254,0.000348942,0.000159401,9.79E-05,6.86E-05,5.16E-05,4.07E-05,3.04E-05,2.35E-05,2.26E-05
9404255,0.000348942,0.000159401,9.79E-05,6.86E-05,5.16E-05,4.07E-05,3.04E-05,2.35E-05,2.26E-05
9404257,0.000348942,0.000159401,9.79E-05,6.86E-05,5.16E-05,4.07E-05,3.04E-05,2.35E-05,2.26E-05
9404259,0.000348942,0.000159401,9.79E-05,6.86E-05,5.16E-05,4.07E-05,3.04E-05,2.35E-05,2.26E-05
9404260,0.000348942,0.000159401,9.79E-05,6.86E-05,5.16E-05,4.07E-05,3.04E-05,2.35E-05,2.26E-05
9404261,0.000348942,0.000159401,9.79E-05,6.86E-05,5.16E-05,4.07E-05,3.04E-05,2.35E-05,2.26E-05
9404262,0.000348942,0.000159401,9.79E-05,6.86E-05,5.16E-05,4.07E-05,3.04E-05,2.35E-05,2.26E-05
9404265,0.000348942,0.000159401,9.79E-05,6.86E-05,5.16E-05,4.07E-05,3.04E-05,2.35E-05,2.26E-05
9404266,0.000348942,0.000159401,9.79E-05,6.86E-05,5.16E-05,4.07E-05,3.04E-05,2.35E-05,2.26E-05
9404267,0.000348942,0.000159401,9.79E-05,6.86E-05,5.16E-05,4.07E-05,3.04E-05,2.35E-05,2.26E-05
9404268,0.000348942,0.000159401,9.79E-05,6.86E-05,5.16E-05,4.07E-05,3.04E-05,2.35E-05,2.26E-05
9404269,0.000348942,0.000159401,9.79E-05,6.86E-05,5.16E-05,4.07E-05,3.04E-05,2.35E-05,2.26E-05
9404271,0.000348942,0.000159401,9.79E-05,6.86E-05,5.16E-05,4.07E-05,3.04E-05,2.35E-05,2.26E-05
9404274,0.000348942,0.000159401,9.79E-05,6.86E-05,5.16E-05,4.07E-05,3.04E-05,2.35E-05,2.26E-05
9404276,0.000348942,0.000159401,9.79E-05,6.86E-05,5.16E-05,4.07E-05,3.04E-05,2.35E-05,2.26E-05
9404277,0.000348942,0.000159401,9.79E-05,6.86E-05,5.16E-05,4.07E-05,3.04E-05,2.35E-05,2.26E-05
9404278,0.000348942,0.000159401,9.79E-05,6.86E-05,5.16E-05,4.07E-05,3.04E-05,2.35E-05,2.26E-05
9404279,0.000348942,0.000159401,9.79E-05,6.86E-05,5.16E-05,4.07E-05,3.04E-05,2.35E-05,2.26E-05
9404280,0.000348942,0.000159401,9.79E-05,6.86E-05,5.16E-05,4.07E-05,3.04E-05,2.35E-05,2.26E-05
9404281,0.000348942,0.000159401,9.79E-05,6.86E-05,5.16E-05,4.07E-05,3.04E-05,2.35E-05,2.26E-05
9404282,0.000348942,0.000159401,9.79E-05,6.86E-05,5.16E-05,4.07E-05,3.04E-05,2.35E-05,2.26E-05
9404283,0.000348942,0.000159401,9.79E-05,6.86E-05,5.16E-05,4.07E-05,3.04E-05,2.35E-05,2.26E-05
9404284,0.000348942,0.000159401,9.79E-05,6.86E-05,5.16E-05,4.07E-05,3.04E-05,2.35E-05,2.26E-05
9404286,0.000348942,0.000159401,9.79E-05,6.86E-05,5.16E-05,4.07E-05,3.04E-05,2.35E-05,2.26E-05
9404287,0.000348942,0.000159401,9.79E-05,6.86E-05,5.16E-05,4.07E-05,3.04E-05,2.35E-05,2.26E-05
9404289,0.000348942,0.000159401,9.79E-05,6.86E-05,5.16E-05,4.07E-05,3.04E-05,2.35E-05,2.26E-05
9404290,0.000348942,0.000159401,9.79E-05,6.86E-05,5.16E-05,4.07E-05,3.04E-05,2.35E-05,2.26E-05
9404291,0.000348942,0.000159401,9.79E-05,6.86E-05,5.16E-05,4.07E-05,3.04E-05,2.35E-05,2.26E-05
9404292,0.000348942,0.000159401,9.79E-05,6.86E-05,5.16E-05,4.07E-05,3.04E-05,2.35E-05,2.26E-05
9404293,0.000348942,0.000159401,9.79E-05,6.86E-05,5.16E-05,4.07E-05,3.04E-05,2.35E-05,2.26E-05
9404294,0.000348942,0.000159401,9.79E-05,6.86E-05,5.16E-05,4.07E-05,3.04E-05,2.35E-05,2.26E-05
9404295,0.000348942,0.000159401,9.79E-05,6.86E-05,5.16E-05,4.07E-05,3.04E-05,2.35E-05,2.26E-05
9404296,0.000348942,0.000159401,9.79E-05,6.86E-05,5.16E-05,4.07E-05,3.04E-05,2.35E-05,2.26E-05
9404297,0.000348942,0.000159401,9.79E-05,6.86E-05,5.16E-05,4.07E-05,3.04E-05,2.35E-05,2.26E-05
9404298,0.000348942,0.000159401,9.79E-05,6.86E-05,5.16E-05,4.07E-05,3.04E-05,2.35E-05,2.26E-05
9404300,0.000348942,0.000159401,9.79E-05,6.86E-05,5.16E-05,4.07E-05,3.04E-05,2.35E-05,2.26E-05
9404301,0.000348942,0.000159401,9.79E-05,6.86E-05,5.16E-05,4.07E-05,3.04E-05,2.35E-05,2.26E-05
9404302,0.000348942,0.000159401,9.79E-05,6.86E-05,5.16E-05,4.07E-05,3.04E-05,2.35E-05,2.26E-05
9404303,0.000348942,0.000159401,9.79E-05,6.86E-05,5.16E-05,4.07E-05,3.04E-05,2.35E-05,2.26E-05
9404304,0.000348942,0.000159401,9.79E-05,6.86E-05,5.16E-05,4.07E-05,3.04E-05,2.35E-05,2.26E-05
9404305,0.000348942,0.000159401,9.79E-05,6.86E-05,5.16E-05,4.07E-05,3.04E-05,2.35E-05,2.26E-05
9404306,0.000348942,0.000159401,9.79E-05,6.86E-05,5.16E-05,4.07E-05,3.04E-05,2.35E-05,2.26E-05
9404307,0.000348942,0.000159401,9.79E-05,6.86E-05,5.16E-05,4.07E-05,3.04E-05,2.35E-05,2.26E-05
9404308,0.000348942,0.000159401,9.79E-05,6.86E-05,5.16E-05,4.07E-05,3.04E-05,2.35E-05,2.26E-05
9404309,0.000348942,0.000159401,9.79E-05,6.86E-05,5.16E-05,4.07E-05,3.04E-05,2.35E-05,2.26E-05
9404310,0.000348942,0.000159401,9.79E-05,6.86E-05,5.16E-05,4.07E-05,3.04E-05,2.35E-05,2.26E-05
9404311,0.000348942,0.000159401,9.79E-05,6.86E-05,5.16E-05,4.07E-05,3.04E-05,2.35E-05,2.26E-05
9404312,0.000348942,0.000159401,9.79E-05,6.86E-05,5.16E-05,4.07E-05,3.04E-05,2.35E-05,2.26E-05
9404315,0.000348942,0.000159401,9.79E-05,6.86E-05,5.16E-05,4.07E-05,3.04E-05,2.35E-05,2.26E-05
9404316,0.000348942,0.000159401,9.79E-05,6.86E-05,5.16E-05,4.07E-05,3.04E-05,2.35E-05,2.26E-05
9404317,0.000348942,0.000159401,9.79E-05,6.86E-05,5.16E-05,4.07E-05,3.04E-05,2.35E-05,2.26E-05
9404318,0.000348942,0.000159401,9.79E-05,6.86E-05,5.16E-05,4.07E-05,3.04E-05,2.35E-05,2.26E-05
9404319,0.000348942,0.000159401,9.79E-05,6.86E-05,5.16E-05,4.07E-05,3.04E-05,2.35E-05,2.26E-05
9404320,0.000348942,0.000159401,9.79E-05,6.86E-05,5.16E-05,4.07E-05,3.04E-05,2.35E-05,2.26E-05
9404321,0.000348942,0.000159401,9.79E-05,6.86E-05,5.16E-05,4.07E-05,3.04E-05,2.35E-05,2.26E-05
9404322,0.000348942,0.000159401,9.79E-05,6.86E-05,5.16E-05,4.07E-05,3.04E-05,2.35E-05,2.26E-05
9404323,0.000348942,0.000159401,9.79E-05,6.86E-05,5.16E-05,4.07E-05,3.04E-05,2.35E-05,2.26E-05
9404324,0.000348942,0.000159401,9.79E-05,6.86E-05,5.16E-05,4.07E-05,3.04E-05,2.35E-05,2.26E-05
9404325,0.000348942,0.000159401,9.79E-05,6.86E-05,5.16E-05,4.07E-05,3.04E-05,2.35E-05,2.26E-05
9404326,0.000348942,0.000159401,9.79E-05,6.86E-05,5.16E-05,4.07E-05,3.04E-05,2.35E-05,2.26E-05
9404327,0.000348942,0.000159401,9.79E-05,6.86E-05,5.16E-05,4.07E-05,3.04E-05,2.35E-05,2.26E-05
9404328,0.000348942,0.000159401,9.79E-05,6.86E-05,5.16E-05,4.07E-05,3.04E-05,2.35E-05,2.26E-05
9404329,0.000348942,0.000159401,9.79E-05,6.86E-05,5.16E-05,4.07E-05,3.04E-05,2.35E-05,2.26E-05
9404330,0.000348942,0.000159401,9.79E-05,6.86E-05,5.16E-05,4.07E-05,3.04E-05,2.35E-05,2.26E-05
9404331,0.000348942,0.000159401,9.79E-05,6.86E-05,5.16E-05,4.07E-05,3.04E-05,2.35E-05,2.26E-05
9404332,0.000348942,0.000159401,9.79E-05,6.86E-05,5.16E-05,4.07E-05,3.04E-05,2.35E-05,2.26E-05
9404333,0.000348942,0.000159401,9.79E-05,6.86E-05,5.16E-05,4.07E-05,3.04E-05,2.35E-05,2.26E-05
9404334,0.000348942,0.000159401,9.79E-05,6.86E-05,5.16E-05,4.07E-05,3.04E-05,2.35E-05,2.26E-05
9404335,0.000348942,0.000159401,9.79E-05,6.86E-05,5.16E-05,4.07E-05,3.04E-05,2.35E-05,2.26E-05
9404336,0.000348942,0.000159401,9.79E-05,6.86E-05,5.16E-05,4.07E-05,3.04E-05,2.35E-05,2.26E-05
9404337,0.000348942,0.000159401,9.79E-05,6.86E-05,5.16E-05,4.07E-05,3.04E-05,2.35E-05,2.26E-05
9404339,0.000348942,0.000159401,9.79E-05,6.86E-05,5.16E-05,4.07E-05,3.04E-05,2.35E-05,2.26E-05
9404340,0.000348942,0.000159401,9.79E-05,6.86E-05,5.16E-05,4.07E-05,3.04E-05,2.35E-05,2.26E-05
9404341,0.000348942,0.000159401,9.79E-05,6.86E-05,5.16E-05,4.07E-05,3.04E-05,2.35E-05,2.26E-05
9404342,0.000348942,0.000159401,9.79E-05,6.86E-05,5.16E-05,4.07E-05,3.04E-05,2.35E-05,2.26E-05
9404343,0.000348942,0.000159401,9.79E-05,6.86E-05,5.16E-05,4.07E-05,3.04E-05,2.35E-05,2.26E-05
9404344,0.000348942,0.000159401,9.79E-05,6.86E-05,5.16E-05,4.07E-05,3.04E-05,2.35E-05,2.26E-05
9404345,0.000348942,0.000159401,9.79E-05,6.86E-05,5.16E-05,4.07E-05,3.04E-05,2.35E-05,2.26E-05
9404346,0.000348942,0.000159401,9.79E-05,6.86E-05,5.16E-05,4.07E-05,3.04E-05,2.35E-05,2.26E-05
9404347,0.000348942,0.000159401,9.79E-05,6.86E-05,5.16E-05,4.07E-05,3.04E-05,2.35E-05,2.26E-05
9404348,0.000348942,0.000159401,9.79E-05,6.86E-05,5.16E-05,4.07E-05,3.04E-05,2.35E-05,2.26E-05
9404349,0.000348942,0.000159401,9.79E-05,6.86E-05,5.16E-05,4.07E-05,3.04E-05,2.35E-05,2.26E-05
9404350,0.000348942,0.000159401,9.79E-05,6.86E-05,5.16E-05,4.07E-05,3.04E-05,2.35E-05,2.26E-05
9404351,0.000348942,0.000159401,9.79E-05,6.86E-05,5.16E-05,4.07E-05,3.04E-05,2.35E-05,2.26E-05
9404352,0.000348942,0.000159401,9.79E-05,6.86E-05,5.16E-05,4.07E-05,3.04E-05,2.35E-05,2.26E-05
9404353,0.000348942,0.000159401,9.79E-05,6.86E-05,5.16E-05,4.07E-05,3.04E-05,2.35E-05,2.26E-05
9404354,0.000348942,0.000159401,9.79E-05,6.86E-05,5.16E-05,4.07E-05,3.04E-05,2.35E-05,2.26E-05
9404355,0.000348942,0.000159401,9.79E-05,6.86E-05,5.16E-05,4.07E-05,3.04E-05,2.35E-05,2.26E-05
9404356,0.000348942,0.000159401,9.79E-05,6.86E-05,5.16E-05,4.07E-05,3.04E-05,2.35E-05,2.26E-05
9404357,0.000348942,0.000159401,9.79E-05,6.86E-05,5.16E-05,4.07E-05,3.04E-05,2.35E-05,2.26E-05
9404358,0.000348942,0.000159401,9.79E-05,6.86E-05,5.16E-05,4.07E-05,3.04E-05,2.35E-05,2.26E-05
9404359,0.000348942,0.000159401,9.79E-05,6.86E-05,5.16E-05,4.07E-05,3.04E-05,2.35E-05,2.26E-05
9404360,0.000348942,0.000159401,9.79E-05,6.86E-05,5.16E-05,4.07E-05,3.04E-05,2.35E-05,2.26E-05
9404361,0.000348942,0.000159401,9.79E-05,6.86E-05,5.16E-05,4.07E-05,3.04E-05,2.35E-05,2.26E-05
9404362,0.000348942,0.000159401,9.79E-05,6.86E-05,5.16E-05,4.07E-05,3.04E-05,2.35E-05,2.26E-05
9412328,0.000348942,0.000159401,9.79E-05,6.86E-05,5.16E-05,4.07E-05,3.04E-05,2.35E-05,2.26E-05
9412329,0.000348942,0.000159401,9.79E-05,6.86E-05,5.16E-05,4.07E-05,3.04E-05,2.35E-05,2.26E-05
9412330,0.000348942,0.000159401,9.79E-05,6.86E-05,5.16E-05,4.07E-05,3.04E-05,2.35E-05,2.26E-05
9412332,0.000348942,0.000159401,9.79E-05,6.86E-05,5.16E-05,4.07E-05,3.04E-05,2.35E-05,2.26E-05
9405201,0.000348942,0.000159401,9.79E-05,6.86E-05,5.16E-05,4.07E-05,3.04E-05,2.35E-05,2.26E-05
9405202,0.000348942,0.000159401,9.79E-05,6.86E-05,5.16E-05,4.07E-05,3.04E-05,2.35E-05,2.26E-05
9405203,0.000348942,0.000159401,9.79E-05,6.86E-05,5.16E-05,4.07E-05,3.04E-05,2.35E-05,2.26E-05
9405204,0.000348942,0.000159401,9.79E-05,6.86E-05,5.16E-05,4.07E-05,3.04E-05,2.35E-05,2.26E-05
9405205,0.000348942,0.000159401,9.79E-05,6.86E-05,5.16E-05,4.07E-05,3.04E-05,2.35E-05,2.26E-05
9405206,0.000348942,0.000159401,9.79E-05,6.86E-05,5.16E-05,4.07E-05,3.04E-05,2.35E-05,2.26E-05
9405207,0.000348942,0.000159401,9.79E-05,6.86E-05,5.16E-05,4.07E-05,3.04E-05,2.35E-05,2.26E-05
9405208,0.000348942,0.000159401,9.79E-05,6.86E-05,5.16E-05,4.07E-05,3.04E-05,2.35E-05,2.26E-05
9405209,0.000348942,0.000159401,9.79E-05,6.86E-05,5.16E-05,4.07E-05,3.04E-05,2.35E-05,2.26E-05
9405210,0.000348942,0.000159401,9.79E-05,6.86E-05,5.16E-05,4.07E-05,3.04E-05,2.35E-05,2.26E-05
9405211,0.000348942,0.000159401,9.79E-05,6.86E-05,5.16E-05,4.07E-05,3.04E-05,2.35E-05,2.26E-05
9405212,0.000348942,0.000159401,9.79E-05,6.86E-05,5.16E-05,4.07E-05,3.04E-05,2.35E-05,2.26E-05
9405213,0.000348942,0.000159401,9.79E-05,6.86E-05,5.16E-05,4.07E-05,3.04E-05,2.35E-05,2.26E-05
9405214,0.000348942,0.000159401,9.79E-05,6.86E-05,5.16E-05,4.07E-05,3.04E-05,2.35E-05,2.26E-05
9405215,0.000348942,0.000159401,9.79E-05,6.86E-05,5.16E-05,4.07E-05,3.04E-05,2.35E-05,2.26E-05
9405216,0.000348942,0.000159401,9.79E-05,6.86E-05,5.16E-05,4.07E-05,3.04E-05,2.35E-05,2.26E-05
9405217,0.000348942,0.000159401,9.79E-05,6.86E-05,5.16E-05,4.07E-05,3.04E-05,2.35E-05,2.26E-05
9405218,0.000348942,0.000159401,9.79E-05,6.86E-05,5.16E-05,4.07E-05,3.04E-05,2.35E-05,2.26E-05
9405219,0.000348942,0.000159401,9.79E-05,6.86E-05,5.16E-05,4.07E-05,3.04E-05,2.35E-05,2.26E-05
9405220,0.000348942,0.000159401,9.79E-05,6.86E-05,5.16E-05,4.07E-05,3.04E-05,2.35E-05,2.26E-05
9405221,0.000348942,0.000159401,9.79E-05,6.86E-05,5.16E-05,4.07E-05,3.04E-05,2.35E-05,2.26E-05
9405222,0.000348942,0.000159401,9.79E-05,6.86E-05,5.16E-05,4.07E-05,3.04E-05,2.35E-05,2.26E-05
9405223,0.000348942,0.000159401,9.79E-05,6.86E-05,5.16E-05,4.07E-05,3.04E-05,2.35E-05,2.26E-05
9405224,0.000348942,0.000159401,9.79E-05,6.86E-05,5.16E-05,4.07E-05,3.04E-05,2.35E-05,2.26E-05
9405225,0.000348942,0.000159401,9.79E-05,6.86E-05,5.16E-05,4.07E-05,3.04E-05,2.35E-05,2.26E-05
9405226,0.000348942,0.000159401,9.79E-05,6.86E-05,5.16E-05,4.07E-05,3.04E-05,2.35E-05,2.26E-05
9405227,0.000348942,0.000159401,9.79E-05,6.86E-05,5.16E-05,4.07E-05,3.04E-05,2.35E-05,2.26E-05
9405228,0.000348942,0.000159401,9.79E-05,6.86E-05,5.16E-05,4.07E-05,3.04E-05,2.35E-05,2.26E-05
9405229,0.000348942,0.000159401,9.79E-05,6.86E-05,5.16E-05,4.07E-05,3.04E-05,2.35E-05,2.26E-05
9405230,0.000348942,0.000159401,9.79E-05,6.86E-05,5.16E-05,4.07E-05,3.04E-05,2.35E-05,2.26E-05
9405231,0.000348942,0.000159401,9.79E-05,6.86E-05,5.16E-05,4.07E-05,3.04E-05,2.35E-05,2.26E-05
9405232,0.000348942,0.000159401,9.79E-05,6.86E-05,5.16E-05,4.07E-05,3.04E-05,2.35E-05,2.26E-05
9405233,0.000348942,0.000159401,9.79E-05,6.86E-05,5.16E-05,4.07E-05,3.04E-05,2.35E-05,2.26E-05
9405234,0.000348942,0.000159401,9.79E-05,6.86E-05,5.16E-05,4.07E-05,3.04E-05,2.35E-05,2.26E-05
9405235,0.000348942,0.000159401,9.79E-05,6.86E-05,5.16E-05,4.07E-05,3.04E-05,2.35E-05,2.26E-05
9405236,0.000348942,0.000159401,9.79E-05,6.86E-05,5.16E-05,4.07E-05,3.04E-05,2.35E-05,2.26E-05
9405237,0.000348942,0.000159401,9.79E-05,6.86E-05,5.16E-05,4.07E-05,3.04E-05,2.35E-05,2.26E-05
9405238,0.000348942,0.000159401,9.79E-05,6.86E-05,5.16E-05,4.07E-05,3.04E-05,2.35E-05,2.26E-05
9405239,0.000348942,0.000159401,9.79E-05,6.86E-05,5.16E-05,4.07E-05,3.04E-05,2.35E-05,2.26E-05
9405240,0.000348942,0.000159401,9.79E-05,6.86E-05,5.16E-05,4.07E-05,3.04E-05,2.35E-05,2.26E-05
9405241,0.000348942,0.000159401,9.79E-05,6.86E-05,5.16E-05,4.07E-05,3.04E-05,2.35E-05,2.26E-05
9405242,0.000348942,0.000159401,9.79E-05,6.86E-05,5.16E-05,4.07E-05,3.04E-05,2.35E-05,2.26E-05
9405243,0.000348942,0.000159401,9.79E-05,6.86E-05,5.16E-05,4.07E-05,3.04E-05,2.35E-05,2.26E-05
9405245,0.000348942,0.000159401,9.79E-05,6.86E-05,5.16E-05,4.07E-05,3.04E-05,2.35E-05,2.26E-05
9405246,0.000348942,0.000159401,9.79E-05,6.86E-05,5.16E-05,4.07E-05,3.04E-05,2.35E-05,2.26E-05
9405247,0.000348942,0.000159401,9.79E-05,6.86E-05,5.16E-05,4.07E-05,3.04E-05,2.35E-05,2.26E-05
9405248,0.000348942,0.000159401,9.79E-05,6.86E-05,5.16E-05,4.07E-05,3.04E-05,2.35E-05,2.26E-05
9405250,0.000348942,0.000159401,9.79E-05,6.86E-05,5.16E-05,4.07E-05,3.04E-05,2.35E-05,2.26E-05
9405251,0.000348942,0.000159401,9.79E-05,6.86E-05,5.16E-05,4.07E-05,3.04E-05,2.35E-05,2.26E-05
9405252,0.000348942,0.000159401,9.79E-05,6.86E-05,5.16E-05,4.07E-05,3.04E-05,2.35E-05,2.26E-05
9405253,0.000348942,0.000159401,9.79E-05,6.86E-05,5.16E-05,4.07E-05,3.04E-05,2.35E-05,2.26E-05
9405254,0.000348942,0.000159401,9.79E-05,6.86E-05,5.16E-05,4.07E-05,3.04E-05,2.35E-05,2.26E-05
9405255,0.000348942,0.000159401,9.79E-05,6.86E-05,5.16E-05,4.07E-05,3.04E-05,2.35E-05,2.26E-05
9405257,0.000348942,0.000159401,9.79E-05,6.86E-05,5.16E-05,4.07E-05,3.04E-05,2.35E-05,2.26E-05
9405258,0.000348942,0.000159401,9.79E-05,6.86E-05,5.16E-05,4.07E-05,3.04E-05,2.35E-05,2.26E-05
9405259,0.000348942,0.000159401,9.79E-05,6.86E-05,5.16E-05,4.07E-05,3.04E-05,2.35E-05,2.26E-05
9405260,0.000348942,0.000159401,9.79E-05,6.86E-05,5.16E-05,4.07E-05,3.04E-05,2.35E-05,2.26E-05
9405261,0.000348942,0.000159401,9.79E-05,6.86E-05,5.16E-05,4.07E-05,3.04E-05,2.35E-05,2.26E-05
9405263,0.000348942,0.000159401,9.79E-05,6.86E-05,5.16E-05,4.07E-05,3.04E-05,2.35E-05,2.26E-05
9405265,0.000348942,0.000159401,9.79E-05,6.86E-05,5.16E-05,4.07E-05,3.04E-05,2.35E-05,2.26E-05
9405266,0.000348942,0.000159401,9.79E-05,6.86E-05,5.16E-05,4.07E-05,3.04E-05,2.35E-05,2.26E-05
9405267,0.000348942,0.000159401,9.79E-05,6.86E-05,5.16E-05,4.07E-05,3.04E-05,2.35E-05,2.26E-05
9405269,0.000348942,0.000159401,9.79E-05,6.86E-05,5.16E-05,4.07E-05,3.04E-05,2.35E-05,2.26E-05
9405270,0.000348942,0.000159401,9.79E-05,6.86E-05,5.16E-05,4.07E-05,3.04E-05,2.35E-05,2.26E-05
9405271,0.000348942,0.000159401,9.79E-05,6.86E-05,5.16E-05,4.07E-05,3.04E-05,2.35E-05,2.26E-05
9405272,0.000348942,0.000159401,9.79E-05,6.86E-05,5.16E-05,4.07E-05,3.04E-05,2.35E-05,2.26E-05
9405273,0.000348942,0.000159401,9.79E-05,6.86E-05,5.16E-05,4.07E-05,3.04E-05,2.35E-05,2.26E-05
9405274,0.000348942,0.000159401,9.79E-05,6.86E-05,5.16E-05,4.07E-05,3.04E-05,2.35E-05,2.26E-05
9405275,0.000348942,0.000159401,9.79E-05,6.86E-05,5.16E-05,4.07E-05,3.04E-05,2.35E-05,2.26E-05
9405276,0.000348942,0.000159401,9.79E-05,6.86E-05,5.16E-05,4.07E-05,3.04E-05,2.35E-05,2.26E-05
9405277,0.000348942,0.000159401,9.79E-05,6.86E-05,5.16E-05,4.07E-05,3.04E-05,2.35E-05,2.26E-05
9405278,0.000348942,0.000159401,9.79E-05,6.86E-05,5.16E-05,4.07E-05,3.04E-05,2.35E-05,2.26E-05
9405280,0.000348942,0.000159401,9.79E-05,6.86E-05,5.16E-05,4.07E-05,3.04E-05,2.35E-05,2.26E-05
9405281,0.000348942,0.000159401,9.79E-05,6.86E-05,5.16E-05,4.07E-05,3.04E-05,2.35E-05,2.26E-05
9405282,0.000348942,0.000159401,9.79E-05,6.86E-05,5.16E-05,4.07E-05,3.04E-05,2.35E-05,2.26E-05
9405283,0.000348942,0.000159401,9.79E-05,6.86E-05,5.16E-05,4.07E-05,3.04E-05,2.35E-05,2.26E-05
9405284,0.000348942,0.000159401,9.79E-05,6.86E-05,5.16E-05,4.07E-05,3.04E-05,2.35E-05,2.26E-05
9405285,0.000348942,0.000159401,9.79E-05,6.86E-05,5.16E-05,4.07E-05,3.04E-05,2.35E-05,2.26E-05
9405286,0.000348942,0.000159401,9.79E-05,6.86E-05,5.16E-05,4.07E-05,3.04E-05,2.35E-05,2.26E-05
9405287,0.000348942,0.000159401,9.79E-05,6.86E-05,5.16E-05,4.07E-05,3.04E-05,2.35E-05,2.26E-05
9405289,0.000348942,0.000159401,9.79E-05,6.86E-05,5.16E-05,4.07E-05,3.04E-05,2.35E-05,2.26E-05
9405290,0.000348942,0.000159401,9.79E-05,6.86E-05,5.16E-05,4.07E-05,3.04E-05,2.35E-05,2.26E-05
9405291,0.000348942,0.000159401,9.79E-05,6.86E-05,5.16E-05,4.07E-05,3.04E-05,2.35E-05,2.26E-05
9405292,0.000348942,0.000159401,9.79E-05,6.86E-05,5.16E-05,4.07E-05,3.04E-05,2.35E-05,2.26E-05
9405294,0.000348942,0.000159401,9.79E-05,6.86E-05,5.16E-05,4.07E-05,3.04E-05,2.35E-05,2.26E-05
9405295,0.000348942,0.000159401,9.79E-05,6.86E-05,5.16E-05,4.07E-05,3.04E-05,2.35E-05,2.26E-05
9405296,0.000348942,0.000159401,9.79E-05,6.86E-05,5.16E-05,4.07E-05,3.04E-05,2.35E-05,2.26E-05
9405297,0.000348942,0.000159401,9.79E-05,6.86E-05,5.16E-05,4.07E-05,3.04E-05,2.35E-05,2.26E-05
9405298,0.000348942,0.000159401,9.79E-05,6.86E-05,5.16E-05,4.07E-05,3.04E-05,2.35E-05,2.26E-05
9405299,0.000348942,0.000159401,9.79E-05,6.86E-05,5.16E-05,4.07E-05,3.04E-05,2.35E-05,2.26E-05
9405300,0.000348942,0.000159401,9.79E-05,6.86E-05,5.16E-05,4.07E-05,3.04E-05,2.35E-05,2.26E-05
9405301,0.000348942,0.000159401,9.79E-05,6.86E-05,5.16E-05,4.07E-05,3.04E-05,2.35E-05,2.26E-05
9405302,0.000348942,0.000159401,9.79E-05,6.86E-05,5.16E-05,4.07E-05,3.04E-05,2.35E-05,2.26E-05
9405303,0.000348942,0.000159401,9.79E-05,6.86E-05,5.16E-05,4.07E-05,3.04E-05,2.35E-05,2.26E-05
9405304,0.000348942,0.000159401,9.79E-05,6.86E-05,5.16E-05,4.07E-05,3.04E-05,2.35E-05,2.26E-05
9405305,0.000348942,0.000159401,9.79E-05,6.86E-05,5.16E-05,4.07E-05,3.04E-05,2.35E-05,2.26E-05
9405306,0.000348942,0.000159401,9.79E-05,6.86E-05,5.16E-05,4.07E-05,3.04E-05,2.35E-05,2.26E-05
9405307,0.000348942,0.000159401,9.79E-05,6.86E-05,5.16E-05,4.07E-05,3.04E-05,2.35E-05,2.26E-05
9405308,0.000348942,0.000159401,9.79E-05,6.86E-05,5.16E-05,4.07E-05,3.04E-05,2.35E-05,2.26E-05
9405309,0.000348942,0.000159401,9.79E-05,6.86E-05,5.16E-05,4.07E-05,3.04E-05,2.35E-05,2.26E-05
9405310,0.000348942,0.000159401,9.79E-05,6.86E-05,5.16E-05,4.07E-05,3.04E-05,2.35E-05,2.26E-05
9405311,0.000348942,0.000159401,9.79E-05,6.86E-05,5.16E-05,4.07E-05,3.04E-05,2.35E-05,2.26E-05
9405312,0.000348942,0.000159401,9.79E-05,6.86E-05,5.16E-05,4.07E-05,3.04E-05,2.35E-05,2.26E-05
9405313,0.000348942,0.000159401,9.79E-05,6.86E-05,5.16E-05,4.07E-05,3.04E-05,2.35E-05,2.26E-05
9405314,0.000348942,0.000159401,9.79E-05,6.86E-05,5.16E-05,4.07E-05,3.04E-05,2.35E-05,2.26E-05
9405315,0.000348942,0.000159401,9.79E-05,6.86E-05,5.16E-05,4.07E-05,3.04E-05,2.35E-05,2.26E-05
9405316,0.000348942,0.000159401,9.79E-05,6.86E-05,5.16E-05,4.07E-05,3.04E-05,2.35E-05,2.26E-05
9405317,0.000348942,0.000159401,9.79E-05,6.86E-05,5.16E-05,4.07E-05,3.04E-05,2.35E-05,2.26E-05
9405319,0.000348942,0.000159401,9.79E-05,6.86E-05,5.16E-05,4.07E-05,3.04E-05,2.35E-05,2.26E-05
9405320,0.000348942,0.000159401,9.79E-05,6.86E-05,5.16E-05,4.07E-05,3.04E-05,2.35E-05,2.26E-05
9405321,0.000348942,0.000159401,9.79E-05,6.86E-05,5.16E-05,4.07E-05,3.04E-05,2.35E-05,2.26E-05
9405322,0.000348942,0.000159401,9.79E-05,6.86E-05,5.16E-05,4.07E-05,3.04E-05,2.35E-05,2.26E-05
9405323,0.000348942,0.000159401,9.79E-05,6.86E-05,5.16E-05,4.07E-05,3.04E-05,2.35E-05,2.26E-05
9405324,0.000348942,0.000159401,9.79E-05,6.86E-05,5.16E-05,4.07E-05,3.04E-05,2.35E-05,2.26E-05
9405325,0.000348942,0.000159401,9.79E-05,6.86E-05,5.16E-05,4.07E-05,3.04E-05,2.35E-05,2.26E-05
9405329,0.000348942,0.000159401,9.79E-05,6.86E-05,5.16E-05,4.07E-05,3.04E-05,2.35E-05,2.26E-05
9405330,0.000348942,0.000159401,9.79E-05,6.86E-05,5.16E-05,4.07E-05,3.04E-05,2.35E-05,2.26E-05
9405331,0.000348942,0.000159401,9.79E-05,6.86E-05,5.16E-05,4.07E-05,3.04E-05,2.35E-05,2.26E-05
9405332,0.000348942,0.000159401,9.79E-05,6.86E-05,5.16E-05,4.07E-05,3.04E-05,2.35E-05,2.26E-05
9405333,0.000348942,0.000159401,9.79E-05,6.86E-05,5.16E-05,4.07E-05,3.04E-05,2.35E-05,2.26E-05
9405334,0.000348942,0.000159401,9.79E-05,6.86E-05,5.16E-05,4.07E-05,3.04E-05,2.35E-05,2.26E-05
9405335,0.000348942,0.000159401,9.79E-05,6.86E-05,5.16E-05,4.07E-05,3.04E-05,2.35E-05,2.26E-05
9405336,0.000348942,0.000159401,9.79E-05,6.86E-05,5.16E-05,4.07E-05,3.04E-05,2.35E-05,2.26E-05
9405337,0.000348942,0.000159401,9.79E-05,6.86E-05,5.16E-05,4.07E-05,3.04E-05,2.35E-05,2.26E-05
9405338,0.000348942,0.000159401,9.79E-05,6.86E-05,5.16E-05,4.07E-05,3.04E-05,2.35E-05,2.26E-05
9405339,0.000348942,0.000159401,9.79E-05,6.86E-05,5.16E-05,4.07E-05,3.04E-05,2.35E-05,2.26E-05
9405340,0.000348942,0.000159401,9.79E-05,6.86E-05,5.16E-05,4.07E-05,3.04E-05,2.35E-05,2.26E-05
9405341,0.000348942,0.000159401,9.79E-05,6.86E-05,5.16E-05,4.07E-05,3.04E-05,2.35E-05,2.26E-05
9405342,0.000348942,0.000159401,9.79E-05,6.86E-05,5.16E-05,4.07E-05,3.04E-05,2.35E-05,2.26E-05
9405344,0.000348942,0.000159401,9.79E-05,6.86E-05,5.16E-05,4.07E-05,3.04E-05,2.35E-05,2.26E-05
9405345,0.000348942,0.000159401,9.79E-05,6.86E-05,5.16E-05,4.07E-05,3.04E-05,2.35E-05,2.26E-05
9405346,0.000348942,0.000159401,9.79E-05,6.86E-05,5.16E-05,4.07E-05,3.04E-05,2.35E-05,2.26E-05
9405347,0.000348942,0.000159401,9.79E-05,6.86E-05,5.16E-05,4.07E-05,3.04E-05,2.35E-05,2.26E-05
9405348,0.000348942,0.000159401,9.79E-05,6.86E-05,5.16E-05,4.07E-05,3.04E-05,2.35E-05,2.26E-05
9405349,0.000348942,0.000159401,9.79E-05,6.86E-05,5.16E-05,4.07E-05,3.04E-05,2.35E-05,2.26E-05
9405350,0.000348942,0.000159401,9.79E-05,6.86E-05,5.16E-05,4.07E-05,3.04E-05,2.35E-05,2.26E-05
9405352,0.000348942,0.000159401,9.79E-05,6.86E-05,5.16E-05,4.07E-05,3.04E-05,2.35E-05,2.26E-05
9405353,0.000348942,0.000159401,9.79E-05,6.86E-05,5.16E-05,4.07E-05,3.04E-05,2.35E-05,2.26E-05
9405354,0.000348942,0.000159401,9.79E-05,6.86E-05,5.16E-05,4.07E-05,3.04E-05,2.35E-05,2.26E-05
9405355,0.000348942,0.000159401,9.79E-05,6.86E-05,5.16E-05,4.07E-05,3.04E-05,2.35E-05,2.26E-05
9405356,0.000348942,0.000159401,9.79E-05,6.86E-05,5.16E-05,4.07E-05,3.04E-05,2.35E-05,2.26E-05
9405357,0.000348942,0.000159401,9.79E-05,6.86E-05,5.16E-05,4.07E-05,3.04E-05,2.35E-05,2.26E-05
9405358,0.000348942,0.000159401,9.79E-05,6.86E-05,5.16E-05,4.07E-05,3.04E-05,2.35E-05,2.26E-05
9405359,0.000348942,0.000159401,9.79E-05,6.86E-05,5.16E-05,4.07E-05,3.04E-05,2.35E-05,2.26E-05
9405360,0.000348942,0.000159401,9.79E-05,6.86E-05,5.16E-05,4.07E-05,3.04E-05,2.35E-05,2.26E-05
9405361,0.000348942,0.000159401,9.79E-05,6.86E-05,5.16E-05,4.07E-05,3.04E-05,2.35E-05,2.26E-05
9405362,0.000348942,0.000159401,9.79E-05,6.86E-05,5.16E-05,4.07E-05,3.04E-05,2.35E-05,2.26E-05
9405363,0.000348942,0.000159401,9.79E-05,6.86E-05,5.16E-05,4.07E-05,3.04E-05,2.35E-05,2.26E-05
9405364,0.000348942,0.000159401,9.79E-05,6.86E-05,5.16E-05,4.07E-05,3.04E-05,2.35E-05,2.26E-05
9405365,0.000348942,0.000159401,9.79E-05,6.86E-05,5.16E-05,4.07E-05,3.04E-05,2.35E-05,2.26E-05
9405366,0.000348942,0.000159401,9.79E-05,6.86E-05,5.16E-05,4.07E-05,3.04E-05,2.35E-05,2.26E-05
9405367,0.000348942,0.000159401,9.79E-05,6.86E-05,5.16E-05,4.07E-05,3.04E-05,2.35E-05,2.26E-05
9405369,0.000348942,0.000159401,9.79E-05,6.86E-05,5.16E-05,4.07E-05,3.04E-05,2.35E-05,2.26E-05
9405370,0.000348942,0.000159401,9.79E-05,6.86E-05,5.16E-05,4.07E-05,3.04E-05,2.35E-05,2.26E-05
9405371,0.000348942,0.000159401,9.79E-05,6.86E-05,5.16E-05,4.07E-05,3.04E-05,2.35E-05,2.26E-05
9405372,0.000348942,0.000159401,9.79E-05,6.86E-05,5.16E-05,4.07E-05,3.04E-05,2.35E-05,2.26E-05
9405374,0.000348942,0.000159401,9.79E-05,6.86E-05,5.16E-05,4.07E-05,3.04E-05,2.35E-05,2.26E-05
9405375,0.000348942,0.000159401,9.79E-05,6.86E-05,5.16E-05,4.07E-05,3.04E-05,2.35E-05,2.26E-05
9405376,0.000348942,0.000159401,9.79E-05,6.86E-05,5.16E-05,4.07E-05,3.04E-05,2.35E-05,2.26E-05
9405377,0.000348942,0.000159401,9.79E-05,6.86E-05,5.16E-05,4.07E-05,3.04E-05,2.35E-05,2.26E-05
9405378,0.000348942,0.000159401,9.79E-05,6.86E-05,5.16E-05,4.07E-05,3.04E-05,2.35E-05,2.26E-05
9405379,0.000348942,0.000159401,9.79E-05,6.86E-05,5.16E-05,4.07E-05,3.04E-05,2.35E-05,2.26E-05
9405380,0.000348942,0.000159401,9.79E-05,6.86E-05,5.16E-05,4.07E-05,3.04E-05,2.35E-05,2.26E-05
9405381,0.000348942,0.000159401,9.79E-05,6.86E-05,5.16E-05,4.07E-05,3.04E-05,2.35E-05,2.26E-05
9405382,0.000348942,0.000159401,9.79E-05,6.86E-05,5.16E-05,4.07E-05,3.04E-05,2.35E-05,2.26E-05
9405383,0.000348942,0.000159401,9.79E-05,6.86E-05,5.16E-05,4.07E-05,3.04E-05,2.35E-05,2.26E-05
9405384,0.000348942,0.000159401,9.79E-05,6.86E-05,5.16E-05,4.07E-05,3.04E-05,2.35E-05,2.26E-05
9405385,0.000348942,0.000159401,9.79E-05,6.86E-05,5.16E-05,4.07E-05,3.04E-05,2.35E-05,2.26E-05
9405386,0.000348942,0.000159401,9.79E-05,6.86E-05,5.16E-05,4.07E-05,3.04E-05,2.35E-05,2.26E-05
9405387,0.000348942,0.000159401,9.79E-05,6.86E-05,5.16E-05,4.07E-05,3.04E-05,2.35E-05,2.26E-05
9405388,0.000348942,0.000159401,9.79E-05,6.86E-05,5.16E-05,4.07E-05,3.04E-05,2.35E-05,2.26E-05
9405389,0.000348942,0.000159401,9.79E-05,6.86E-05,5.16E-05,4.07E-05,3.04E-05,2.35E-05,2.26E-05
9405390,0.000348942,0.000159401,9.79E-05,6.86E-05,5.16E-05,4.07E-05,3.04E-05,2.35E-05,2.26E-05
9405391,0.000348942,0.000159401,9.79E-05,6.86E-05,5.16E-05,4.07E-05,3.04E-05,2.35E-05,2.26E-05
9405392,0.000348942,0.000159401,9.79E-05,6.86E-05,5.16E-05,4.07E-05,3.04E-05,2.35E-05,2.26E-05
9405394,0.000348942,0.000159401,9.79E-05,6.86E-05,5.16E-05,4.07E-05,3.04E-05,2.35E-05,2.26E-05
9405395,0.000348942,0.000159401,9.79E-05,6.86E-05,5.16E-05,4.07E-05,3.04E-05,2.35E-05,2.26E-05
9405396,0.000348942,0.000159401,9.79E-05,6.86E-05,5.16E-05,4.07E-05,3.04E-05,2.35E-05,2.26E-05
9405397,0.000348942,0.000159401,9.79E-05,6.86E-05,5.16E-05,4.07E-05,3.04E-05,2.35E-05,2.26E-05
9405398,0.000348942,0.000159401,9.79E-05,6.86E-05,5.16E-05,4.07E-05,3.04E-05,2.35E-05,2.26E-05
9405399,0.000348942,0.000159401,9.79E-05,6.86E-05,5.16E-05,4.07E-05,3.04E-05,2.35E-05,2.26E-05
9405400,0.000348942,0.000159401,9.79E-05,6.86E-05,5.16E-05,4.07E-05,3.04E-05,2.35E-05,2.26E-05
9405401,0.000348942,0.000159401,9.79E-05,6.86E-05,5.16E-05,4.07E-05,3.04E-05,2.35E-05,2.26E-05
9405402,0.000348942,0.000159401,9.79E-05,6.86E-05,5.16E-05,4.07E-05,3.04E-05,2.35E-05,2.26E-05
9405403,0.000348942,0.000159401,9.79E-05,6.86E-05,5.16E-05,4.07E-05,3.04E-05,2.35E-05,2.26E-05
9405404,0.000348942,0.000159401,9.79E-05,6.86E-05,5.16E-05,4.07E-05,3.04E-05,2.35E-05,2.26E-05
9405406,0.000348942,0.000159401,9.79E-05,6.86E-05,5.16E-05,4.07E-05,3.04E-05,2.35E-05,2.26E-05
9405407,0.000348942,0.000159401,9.79E-05,6.86E-05,5.16E-05,4.07E-05,3.04E-05,2.35E-05,2.26E-05
9405408,0.000348942,0.000159401,9.79E-05,6.86E-05,5.16E-05,4.07E-05,3.04E-05,2.35E-05,2.26E-05
9405409,0.000348942,0.000159401,9.79E-05,6.86E-05,5.16E-05,4.07E-05,3.04E-05,2.35E-05,2.26E-05
9405410,0.000348942,0.000159401,9.79E-05,6.86E-05,5.16E-05,4.07E-05,3.04E-05,2.35E-05,2.26E-05
9405411,0.000348942,0.000159401,9.79E-05,6.86E-05,5.16E-05,4.07E-05,3.04E-05,2.35E-05,2.26E-05
9405412,0.000348942,0.000159401,9.79E-05,6.86E-05,5.16E-05,4.07E-05,3.04E-05,2.35E-05,2.26E-05
9405413,0.000348942,0.000159401,9.79E-05,6.86E-05,5.16E-05,4.07E-05,3.04E-05,2.35E-05,2.26E-05
9405414,0.000348942,0.000159401,9.79E-05,6.86E-05,5.16E-05,4.07E-05,3.04E-05,2.35E-05,2.26E-05
9405415,0.000348942,0.000159401,9.79E-05,6.86E-05,5.16E-05,4.07E-05,3.04E-05,2.35E-05,2.26E-05
9405416,0.000348942,0.000159401,9.79E-05,6.86E-05,5.16E-05,4.07E-05,3.04E-05,2.35E-05,2.26E-05
9405417,0.000348942,0.000159401,9.79E-05,6.86E-05,5.16E-05,4.07E-05,3.04E-05,2.35E-05,2.26E-05
9405419,0.000348942,0.000159401,9.79E-05,6.86E-05,5.16E-05,4.07E-05,3.04E-05,2.35E-05,2.26E-05
9405420,0.000348942,0.000159401,9.79E-05,6.86E-05,5.16E-05,4.07E-05,3.04E-05,2.35E-05,2.26E-05
9405421,0.000348942,0.000159401,9.79E-05,6.86E-05,5.16E-05,4.07E-05,3.04E-05,2.35E-05,2.26E-05
9405422,0.000348942,0.000159401,9.79E-05,6.86E-05,5.16E-05,4.07E-05,3.04E-05,2.35E-05,2.26E-05
9405423,0.000348942,0.000159401,9.79E-05,6.86E-05,5.16E-05,4.07E-05,3.04E-05,2.35E-05,2.26E-05
9405424,0.000348942,0.000159401,9.79E-05,6.86E-05,5.16E-05,4.07E-05,3.04E-05,2.35E-05,2.26E-05
9405425,0.000348942,0.000159401,9.79E-05,6.86E-05,5.16E-05,4.07E-05,3.04E-05,2.35E-05,2.26E-05
9405426,0.000348942,0.000159401,9.79E-05,6.86E-05,5.16E-05,4.07E-05,3.04E-05,2.35E-05,2.26E-05
9405427,0.000348942,0.000159401,9.79E-05,6.86E-05,5.16E-05,4.07E-05,3.04E-05,2.35E-05,2.26E-05
9405428,0.000348942,0.000159401,9.79E-05,6.86E-05,5.16E-05,4.07E-05,3.04E-05,2.35E-05,2.26E-05
9405429,0.000348942,0.000159401,9.79E-05,6.86E-05,5.16E-05,4.07E-05,3.04E-05,2.35E-05,2.26E-05
9405430,0.000348942,0.000159401,9.79E-05,6.86E-05,5.16E-05,4.07E-05,3.04E-05,2.35E-05,2.26E-05
9405431,0.000348942,0.000159401,9.79E-05,6.86E-05,5.16E-05,4.07E-05,3.04E-05,2.35E-05,2.26E-05
9405432,0.000348942,0.000159401,9.79E-05,6.86E-05,5.16E-05,4.07E-05,3.04E-05,2.35E-05,2.26E-05
9412336,0.000348942,0.000159401,9.79E-05,6.86E-05,5.16E-05,4.07E-05,3.04E-05,2.35E-05,2.26E-05
9406201,0.000348942,0.000159401,9.79E-05,6.86E-05,5.16E-05,4.07E-05,3.04E-05,2.35E-05,2.26E-05
9406204,0.000348942,0.000159401,9.79E-05,6.86E-05,5.16E-05,4.07E-05,3.04E-05,2.35E-05,2.26E-05
9406205,0.000348942,0.000159401,9.79E-05,6.86E-05,5.16E-05,4.07E-05,3.04E-05,2.35E-05,2.26E-05
9406220,0.000348942,0.000159401,9.79E-05,6.86E-05,5.16E-05,4.07E-05,3.04E-05,2.35E-05,2.26E-05
9406221,0.000348942,0.000159401,9.79E-05,6.86E-05,5.16E-05,4.07E-05,3.04E-05,2.35E-05,2.26E-05
9406224,0.000348942,0.000159401,9.79E-05,6.86E-05,5.16E-05,4.07E-05,3.04E-05,2.35E-05,2.26E-05
9406226,0.000348942,0.000159401,9.79E-05,6.86E-05,5.16E-05,4.07E-05,3.04E-05,2.35E-05,2.26E-05
9406227,0.000348942,0.000159401,9.79E-05,6.86E-05,5.16E-05,4.07E-05,3.04E-05,2.35E-05,2.26E-05
9406228,0.000348942,0.000159401,9.79E-05,6.86E-05,5.16E-05,4.07E-05,3.04E-05,2.35E-05,2.26E-05
9406229,0.000348942,0.000159401,9.79E-05,6.86E-05,5.16E-05,4.07E-05,3.04E-05,2.35E-05,2.26E-05
9406230,0.000348942,0.000159401,9.79E-05,6.86E-05,5.16E-05,4.07E-05,3.04E-05,2.35E-05,2.26E-05
9406232,0.000348942,0.000159401,9.79E-05,6.86E-05,5.16E-05,4.07E-05,3.04E-05,2.35E-05,2.26E-05
9406233,0.000348942,0.000159401,9.79E-05,6.86E-05,5.16E-05,4.07E-05,3.04E-05,2.35E-05,2.26E-05
9406234,0.000348942,0.000159401,9.79E-05,6.86E-05,5.16E-05,4.07E-05,3.04E-05,2.35E-05,2.26E-05
9406236,0.000348942,0.000159401,9.79E-05,6.86E-05,5.16E-05,4.07E-05,3.04E-05,2.35E-05,2.26E-05
9406237,0.000348942,0.000159401,9.79E-05,6.86E-05,5.16E-05,4.07E-05,3.04E-05,2.35E-05,2.26E-05
9406238,0.000348942,0.000159401,9.79E-05,6.86E-05,5.16E-05,4.07E-05,3.04E-05,2.35E-05,2.26E-05
9406239,0.000348942,0.000159401,9.79E-05,6.86E-05,5.16E-05,4.07E-05,3.04E-05,2.35E-05,2.26E-05
9406241,0.000348942,0.000159401,9.79E-05,6.86E-05,5.16E-05,4.07E-05,3.04E-05,2.35E-05,2.26E-05
9406242,0.000348942,0.000159401,9.79E-05,6.86E-05,5.16E-05,4.07E-05,3.04E-05,2.35E-05,2.26E-05
9406244,0.000348942,0.000159401,9.79E-05,6.86E-05,5.16E-05,4.07E-05,3.04E-05,2.35E-05,2.26E-05
9406245,0.000348942,0.000159401,9.79E-05,6.86E-05,5.16E-05,4.07E-05,3.04E-05,2.35E-05,2.26E-05
9406247,0.000348942,0.000159401,9.79E-05,6.86E-05,5.16E-05,4.07E-05,3.04E-05,2.35E-05,2.26E-05
9406249,0.000348942,0.000159401,9.79E-05,6.86E-05,5.16E-05,4.07E-05,3.04E-05,2.35E-05,2.26E-05
9406251,0.000348942,0.000159401,9.79E-05,6.86E-05,5.16E-05,4.07E-05,3.04E-05,2.35E-05,2.26E-05
9406252,0.000348942,0.000159401,9.79E-05,6.86E-05,5.16E-05,4.07E-05,3.04E-05,2.35E-05,2.26E-05
9406253,0.000348942,0.000159401,9.79E-05,6.86E-05,5.16E-05,4.07E-05,3.04E-05,2.35E-05,2.26E-05
9406255,0.000348942,0.000159401,9.79E-05,6.86E-05,5.16E-05,4.07E-05,3.04E-05,2.35E-05,2.26E-05
9406256,0.000348942,0.000159401,9.79E-05,6.86E-05,5.16E-05,4.07E-05,3.04E-05,2.35E-05,2.26E-05
9406257,0.000348942,0.000159401,9.79E-05,6.86E-05,5.16E-05,4.07E-05,3.04E-05,2.35E-05,2.26E-05
9406258,0.000348942,0.000159401,9.79E-05,6.86E-05,5.16E-05,4.07E-05,3.04E-05,2.35E-05,2.26E-05
9406259,0.000348942,0.000159401,9.79E-05,6.86E-05,5.16E-05,4.07E-05,3.04E-05,2.35E-05,2.26E-05
9406260,0.000348942,0.000159401,9.79E-05,6.86E-05,5.16E-05,4.07E-05,3.04E-05,2.35E-05,2.26E-05
9406264,0.000348942,0.000159401,9.79E-05,6.86E-05,5.16E-05,4.07E-05,3.04E-05,2.35E-05,2.26E-05
9406265,0.000348942,0.000159401,9.79E-05,6.86E-05,5.16E-05,4.07E-05,3.04E-05,2.35E-05,2.26E-05
9406268,0.000348942,0.000159401,9.79E-05,6.86E-05,5.16E-05,4.07E-05,3.04E-05,2.35E-05,2.26E-05
9406269,0.000348942,0.000159401,9.79E-05,6.86E-05,5.16E-05,4.07E-05,3.04E-05,2.35E-05,2.26E-05
9406270,0.000348942,0.000159401,9.79E-05,6.86E-05,5.16E-05,4.07E-05,3.04E-05,2.35E-05,2.26E-05
9406271,0.000348942,0.000159401,9.79E-05,6.86E-05,5.16E-05,4.07E-05,3.04E-05,2.35E-05,2.26E-05
9406273,0.000348942,0.000159401,9.79E-05,6.86E-05,5.16E-05,4.07E-05,3.04E-05,2.35E-05,2.26E-05
9406274,0.000348942,0.000159401,9.79E-05,6.86E-05,5.16E-05,4.07E-05,3.04E-05,2.35E-05,2.26E-05
9406276,0.000348942,0.000159401,9.79E-05,6.86E-05,5.16E-05,4.07E-05,3.04E-05,2.35E-05,2.26E-05
9406278,0.000348942,0.000159401,9.79E-05,6.86E-05,5.16E-05,4.07E-05,3.04E-05,2.35E-05,2.26E-05
9406282,0.000348942,0.000159401,9.79E-05,6.86E-05,5.16E-05,4.07E-05,3.04E-05,2.35E-05,2.26E-05
9406283,0.000348942,0.000159401,9.79E-05,6.86E-05,5.16E-05,4.07E-05,3.04E-05,2.35E-05,2.26E-05
9406285,0.000348942,0.000159401,9.79E-05,6.86E-05,5.16E-05,4.07E-05,3.04E-05,2.35E-05,2.26E-05
9406286,0.000348942,0.000159401,9.79E-05,6.86E-05,5.16E-05,4.07E-05,3.04E-05,2.35E-05,2.26E-05
9406287,0.000348942,0.000159401,9.79E-05,6.86E-05,5.16E-05,4.07E-05,3.04E-05,2.35E-05,2.26E-05
9406288,0.000348942,0.000159401,9.79E-05,6.86E-05,5.16E-05,4.07E-05,3.04E-05,2.35E-05,2.26E-05
9406289,0.000348942,0.000159401,9.79E-05,6.86E-05,5.16E-05,4.07E-05,3.04E-05,2.35E-05,2.26E-05
9406290,0.000348942,0.000159401,9.79E-05,6.86E-05,5.16E-05,4.07E-05,3.04E-05,2.35E-05,2.26E-05
9406294,0.000348942,0.000159401,9.79E-05,6.86E-05,5.16E-05,4.07E-05,3.04E-05,2.35E-05,2.26E-05
9406295,0.000348942,0.000159401,9.79E-05,6.86E-05,5.16E-05,4.07E-05,3.04E-05,2.35E-05,2.26E-05
9406298,0.000348942,0.000159401,9.79E-05,6.86E-05,5.16E-05,4.07E-05,3.04E-05,2.35E-05,2.26E-05
9406299,0.000348942,0.000159401,9.79E-05,6.86E-05,5.16E-05,4.07E-05,3.04E-05,2.35E-05,2.26E-05
9406300,0.000348942,0.000159401,9.79E-05,6.86E-05,5.16E-05,4.07E-05,3.04E-05,2.35E-05,2.26E-05
9406301,0.000348942,0.000159401,9.79E-05,6.86E-05,5.16E-05,4.07E-05,3.04E-05,2.35E-05,2.26E-05
9406302,0.000348942,0.000159401,9.79E-05,6.86E-05,5.16E-05,4.07E-05,3.04E-05,2.35E-05,2.26E-05
9406303,0.000348942,0.000159401,9.79E-05,6.86E-05,5.16E-05,4.07E-05,3.04E-05,2.35E-05,2.26E-05
9406304,0.000348942,0.000159401,9.79E-05,6.86E-05,5.16E-05,4.07E-05,3.04E-05,2.35E-05,2.26E-05
9406305,0.000348942,0.000159401,9.79E-05,6.86E-05,5.16E-05,4.07E-05,3.04E-05,2.35E-05,2.26E-05
9406306,0.000348942,0.000159401,9.79E-05,6.86E-05,5.16E-05,4.07E-05,3.04E-05,2.35E-05,2.26E-05
9406307,0.000348942,0.000159401,9.79E-05,6.86E-05,5.16E-05,4.07E-05,3.04E-05,2.35E-05,2.26E-05
9406308,0.000348942,0.000159401,9.79E-05,6.86E-05,5.16E-05,4.07E-05,3.04E-05,2.35E-05,2.26E-05
9406309,0.000348942,0.000159401,9.79E-05,6.86E-05,5.16E-05,4.07E-05,3.04E-05,2.35E-05,2.26E-05
9406312,0.000348942,0.000159401,9.79E-05,6.86E-05,5.16E-05,4.07E-05,3.04E-05,2.35E-05,2.26E-05
9406313,0.000348942,0.000159401,9.79E-05,6.86E-05,5.16E-05,4.07E-05,3.04E-05,2.35E-05,2.26E-05
9406314,0.000348942,0.000159401,9.79E-05,6.86E-05,5.16E-05,4.07E-05,3.04E-05,2.35E-05,2.26E-05
9406315,0.000348942,0.000159401,9.79E-05,6.86E-05,5.16E-05,4.07E-05,3.04E-05,2.35E-05,2.26E-05
9406316,0.000348942,0.000159401,9.79E-05,6.86E-05,5.16E-05,4.07E-05,3.04E-05,2.35E-05,2.26E-05
9406317,0.000348942,0.000159401,9.79E-05,6.86E-05,5.16E-05,4.07E-05,3.04E-05,2.35E-05,2.26E-05
9406318,0.000348942,0.000159401,9.79E-05,6.86E-05,5.16E-05,4.07E-05,3.04E-05,2.35E-05,2.26E-05
9406319,0.000348942,0.000159401,9.79E-05,6.86E-05,5.16E-05,4.07E-05,3.04E-05,2.35E-05,2.26E-05
9406320,0.000348942,0.000159401,9.79E-05,6.86E-05,5.16E-05,4.07E-05,3.04E-05,2.35E-05,2.26E-05
9406321,0.000348942,0.000159401,9.79E-05,6.86E-05,5.16E-05,4.07E-05,3.04E-05,2.35E-05,2.26E-05
9406322,0.000348942,0.000159401,9.79E-05,6.86E-05,5.16E-05,4.07E-05,3.04E-05,2.35E-05,2.26E-05
9406323,0.000348942,0.000159401,9.79E-05,6.86E-05,5.16E-05,4.07E-05,3.04E-05,2.35E-05,2.26E-05
9406324,0.000348942,0.000159401,9.79E-05,6.86E-05,5.16E-05,4.07E-05,3.04E-05,2.35E-05,2.26E-05
9406325,0.000348942,0.000159401,9.79E-05,6.86E-05,5.16E-05,4.07E-05,3.04E-05,2.35E-05,2.26E-05
9406327,0.000348942,0.000159401,9.79E-05,6.86E-05,5.16E-05,4.07E-05,3.04E-05,2.35E-05,2.26E-05
9406328,0.000348942,0.000159401,9.79E-05,6.86E-05,5.16E-05,4.07E-05,3.04E-05,2.35E-05,2.26E-05
9406329,0.000348942,0.000159401,9.79E-05,6.86E-05,5.16E-05,4.07E-05,3.04E-05,2.35E-05,2.26E-05
9406330,0.000348942,0.000159401,9.79E-05,6.86E-05,5.16E-05,4.07E-05,3.04E-05,2.35E-05,2.26E-05
9406331,0.000348942,0.000159401,9.79E-05,6.86E-05,5.16E-05,4.07E-05,3.04E-05,2.35E-05,2.26E-05
9406332,0.000348942,0.000159401,9.79E-05,6.86E-05,5.16E-05,4.07E-05,3.04E-05,2.35E-05,2.26E-05
9406334,0.000348942,0.000159401,9.79E-05,6.86E-05,5.16E-05,4.07E-05,3.04E-05,2.35E-05,2.26E-05
9406335,0.000348942,0.000159401,9.79E-05,6.86E-05,5.16E-05,4.07E-05,3.04E-05,2.35E-05,2.26E-05
9406336,0.000348942,0.000159401,9.79E-05,6.86E-05,5.16E-05,4.07E-05,3.04E-05,2.35E-05,2.26E-05
9406337,0.000348942,0.000159401,9.79E-05,6.86E-05,5.16E-05,4.07E-05,3.04E-05,2.35E-05,2.26E-05
9406338,0.000348942,0.000159401,9.79E-05,6.86E-05,5.16E-05,4.07E-05,3.04E-05,2.35E-05,2.26E-05
9406339,0.000348942,0.000159401,9.79E-05,6.86E-05,5.16E-05,4.07E-05,3.04E-05,2.35E-05,2.26E-05
9406341,0.000348942,0.000159401,9.79E-05,6.86E-05,5.16E-05,4.07E-05,3.04E-05,2.35E-05,2.26E-05
9406342,0.000348942,0.000159401,9.79E-05,6.86E-05,5.16E-05,4.07E-05,3.04E-05,2.35E-05,2.26E-05
9406343,0.000348942,0.000159401,9.79E-05,6.86E-05,5.16E-05,4.07E-05,3.04E-05,2.35E-05,2.26E-05
9406344,0.000348942,0.000159401,9.79E-05,6.86E-05,5.16E-05,4.07E-05,3.04E-05,2.35E-05,2.26E-05
9406345,0.000348942,0.000159401,9.79E-05,6.86E-05,5.16E-05,4.07E-05,3.04E-05,2.35E-05,2.26E-05
9406346,0.000348942,0.000159401,9.79E-05,6.86E-05,5.16E-05,4.07E-05,3.04E-05,2.35E-05,2.26E-05
9406347,0.000348942,0.000159401,9.79E-05,6.86E-05,5.16E-05,4.07E-05,3.04E-05,2.35E-05,2.26E-05
9406348,0.000348942,0.000159401,9.79E-05,6.86E-05,5.16E-05,4.07E-05,3.04E-05,2.35E-05,2.26E-05
9406349,0.000348942,0.000159401,9.79E-05,6.86E-05,5.16E-05,4.07E-05,3.04E-05,2.35E-05,2.26E-05
9406351,0.000348942,0.000159401,9.79E-05,6.86E-05,5.16E-05,4.07E-05,3.04E-05,2.35E-05,2.26E-05
9406352,0.000348942,0.000159401,9.79E-05,6.86E-05,5.16E-05,4.07E-05,3.04E-05,2.35E-05,2.26E-05
9406354,0.000348942,0.000159401,9.79E-05,6.86E-05,5.16E-05,4.07E-05,3.04E-05,2.35E-05,2.26E-05
9406355,0.000348942,0.000159401,9.79E-05,6.86E-05,5.16E-05,4.07E-05,3.04E-05,2.35E-05,2.26E-05
9406356,0.000348942,0.000159401,9.79E-05,6.86E-05,5.16E-05,4.07E-05,3.04E-05,2.35E-05,2.26E-05
9406357,0.000348942,0.000159401,9.79E-05,6.86E-05,5.16E-05,4.07E-05,3.04E-05,2.35E-05,2.26E-05
9406358,0.000348942,0.000159401,9.79E-05,6.86E-05,5.16E-05,4.07E-05,3.04E-05,2.35E-05,2.26E-05
9406359,0.000348942,0.000159401,9.79E-05,6.86E-05,5.16E-05,4.07E-05,3.04E-05,2.35E-05,2.26E-05
9406360,0.000348942,0.000159401,9.79E-05,6.86E-05,5.16E-05,4.07E-05,3.04E-05,2.35E-05,2.26E-05
9406361,0.000348942,0.000159401,9.79E-05,6.86E-05,5.16E-05,4.07E-05,3.04E-05,2.35E-05,2.26E-05
9406362,0.000348942,0.000159401,9.79E-05,6.86E-05,5.16E-05,4.07E-05,3.04E-05,2.35E-05,2.26E-05
9406363,0.000348942,0.000159401,9.79E-05,6.86E-05,5.16E-05,4.07E-05,3.04E-05,2.35E-05,2.26E-05
9406364,0.000348942,0.000159401,9.79E-05,6.86E-05,5.16E-05,4.07E-05,3.04E-05,2.35E-05,2.26E-05
9406365,0.000348942,0.000159401,9.79E-05,6.86E-05,5.16E-05,4.07E-05,3.04E-05,2.35E-05,2.26E-05
9406366,0.000348942,0.000159401,9.79E-05,6.86E-05,5.16E-05,4.07E-05,3.04E-05,2.35E-05,2.26E-05
9406367,0.000348942,0.000159401,9.79E-05,6.86E-05,5.16E-05,4.07E-05,3.04E-05,2.35E-05,2.26E-05
9406368,0.000348942,0.000159401,9.79E-05,6.86E-05,5.16E-05,4.07E-05,3.04E-05,2.35E-05,2.26E-05
9406369,0.000348942,0.000159401,9.79E-05,6.86E-05,5.16E-05,4.07E-05,3.04E-05,2.35E-05,2.26E-05
9406370,0.000348942,0.000159401,9.79E-05,6.86E-05,5.16E-05,4.07E-05,3.04E-05,2.35E-05,2.26E-05
9406371,0.000348942,0.000159401,9.79E-05,6.86E-05,5.16E-05,4.07E-05,3.04E-05,2.35E-05,2.26E-05
9406372,0.000348942,0.000159401,9.79E-05,6.86E-05,5.16E-05,4.07E-05,3.04E-05,2.35E-05,2.26E-05
9406373,0.000348942,0.000159401,9.79E-05,6.86E-05,5.16E-05,4.07E-05,3.04E-05,2.35E-05,2.26E-05
9406374,0.000348942,0.000159401,9.79E-05,6.86E-05,5.16E-05,4.07E-05,3.04E-05,2.35E-05,2.26E-05
9406375,0.000348942,0.000159401,9.79E-05,6.86E-05,5.16E-05,4.07E-05,3.04E-05,2.35E-05,2.26E-05
9406376,0.000348942,0.000159401,9.79E-05,6.86E-05,5.16E-05,4.07E-05,3.04E-05,2.35E-05,2.26E-05
9406377,0.000348942,0.000159401,9.79E-05,6.86E-05,5.16E-05,4.07E-05,3.04E-05,2.35E-05,2.26E-05
9406378,0.000348942,0.000159401,9.79E-05,6.86E-05,5.16E-05,4.07E-05,3.04E-05,2.35E-05,2.26E-05
9406379,0.000348942,0.000159401,9.79E-05,6.86E-05,5.16E-05,4.07E-05,3.04E-05,2.35E-05,2.26E-05
9406380,0.000348942,0.000159401,9.79E-05,6.86E-05,5.16E-05,4.07E-05,3.04E-05,2.35E-05,2.26E-05
9406381,0.000348942,0.000159401,9.79E-05,6.86E-05,5.16E-05,4.07E-05,3.04E-05,2.35E-05,2.26E-05
9406382,0.000348942,0.000159401,9.79E-05,6.86E-05,5.16E-05,4.07E-05,3.04E-05,2.35E-05,2.26E-05
9406383,0.000348942,0.000159401,9.79E-05,6.86E-05,5.16E-05,4.07E-05,3.04E-05,2.35E-05,2.26E-05
9406384,0.000348942,0.000159401,9.79E-05,6.86E-05,5.16E-05,4.07E-05,3.04E-05,2.35E-05,2.26E-05
9406385,0.000348942,0.000159401,9.79E-05,6.86E-05,5.16E-05,4.07E-05,3.04E-05,2.35E-05,2.26E-05
9406387,0.000348942,0.000159401,9.79E-05,6.86E-05,5.16E-05,4.07E-05,3.04E-05,2.35E-05,2.26E-05
9406388,0.000348942,0.000159401,9.79E-05,6.86E-05,5.16E-05,4.07E-05,3.04E-05,2.35E-05,2.26E-05
9406389,0.000348942,0.000159401,9.79E-05,6.86E-05,5.16E-05,4.07E-05,3.04E-05,2.35E-05,2.26E-05
9406390,0.000348942,0.000159401,9.79E-05,6.86E-05,5.16E-05,4.07E-05,3.04E-05,2.35E-05,2.26E-05
9406391,0.000348942,0.000159401,9.79E-05,6.86E-05,5.16E-05,4.07E-05,3.04E-05,2.35E-05,2.26E-05
9406392,0.000348942,0.000159401,9.79E-05,6.86E-05,5.16E-05,4.07E-05,3.04E-05,2.35E-05,2.26E-05
9406393,0.000348942,0.000159401,9.79E-05,6.86E-05,5.16E-05,4.07E-05,3.04E-05,2.35E-05,2.26E-05
9406394,0.000348942,0.000159401,9.79E-05,6.86E-05,5.16E-05,4.07E-05,3.04E-05,2.35E-05,2.26E-05
9406395,0.000348942,0.000159401,9.79E-05,6.86E-05,5.16E-05,4.07E-05,3.04E-05,2.35E-05,2.26E-05
9406397,0.000348942,0.000159401,9.79E-05,6.86E-05,5.16E-05,4.07E-05,3.04E-05,2.35E-05,2.26E-05
9406398,0.000348942,0.000159401,9.79E-05,6.86E-05,5.16E-05,4.07E-05,3.04E-05,2.35E-05,2.26E-05
9406399,0.000348942,0.000159401,9.79E-05,6.86E-05,5.16E-05,4.07E-05,3.04E-05,2.35E-05,2.26E-05
9406400,0.000348942,0.000159401,9.79E-05,6.86E-05,5.16E-05,4.07E-05,3.04E-05,2.35E-05,2.26E-05
9406401,0.000348942,0.000159401,9.79E-05,6.86E-05,5.16E-05,4.07E-05,3.04E-05,2.35E-05,2.26E-05
9406402,0.000348942,0.000159401,9.79E-05,6.86E-05,5.16E-05,4.07E-05,3.04E-05,2.35E-05,2.26E-05
9406404,0.000348942,0.000159401,9.79E-05,6.86E-05,5.16E-05,4.07E-05,3.04E-05,2.35E-05,2.26E-05
9406405,0.000348942,0.000159401,9.79E-05,6.86E-05,5.16E-05,4.07E-05,3.04E-05,2.35E-05,2.26E-05
9406406,0.000348942,0.000159401,9.79E-05,6.86E-05,5.16E-05,4.07E-05,3.04E-05,2.35E-05,2.26E-05
9406407,0.000348942,0.000159401,9.79E-05,6.86E-05,5.16E-05,4.07E-05,3.04E-05,2.35E-05,2.26E-05
9406409,0.000348942,0.000159401,9.79E-05,6.86E-05,5.16E-05,4.07E-05,3.04E-05,2.35E-05,2.26E-05
9406410,0.000348942,0.000159401,9.79E-05,6.86E-05,5.16E-05,4.07E-05,3.04E-05,2.35E-05,2.26E-05
9406411,0.000348942,0.000159401,9.79E-05,6.86E-05,5.16E-05,4.07E-05,3.04E-05,2.35E-05,2.26E-05
9406412,0.000348942,0.000159401,9.79E-05,6.86E-05,5.16E-05,4.07E-05,3.04E-05,2.35E-05,2.26E-05
9406413,0.000348942,0.000159401,9.79E-05,6.86E-05,5.16E-05,4.07E-05,3.04E-05,2.35E-05,2.26E-05
9406414,0.000348942,0.000159401,9.79E-05,6.86E-05,5.16E-05,4.07E-05,3.04E-05,2.35E-05,2.26E-05
9406415,0.000348942,0.000159401,9.79E-05,6.86E-05,5.16E-05,4.07E-05,3.04E-05,2.35E-05,2.26E-05
9406416,0.000348942,0.000159401,9.79E-05,6.86E-05,5.16E-05,4.07E-05,3.04E-05,2.35E-05,2.26E-05
9406417,0.000348942,0.000159401,9.79E-05,6.86E-05,5.16E-05,4.07E-05,3.04E-05,2.35E-05,2.26E-05
9406418,0.000348942,0.000159401,9.79E-05,6.86E-05,5.16E-05,4.07E-05,3.04E-05,2.35E-05,2.26E-05
9406419,0.000348942,0.000159401,9.79E-05,6.86E-05,5.16E-05,4.07E-05,3.04E-05,2.35E-05,2.26E-05
9406420,0.000348942,0.000159401,9.79E-05,6.86E-05,5.16E-05,4.07E-05,3.04E-05,2.35E-05,2.26E-05
9406421,0.000348942,0.000159401,9.79E-05,6.86E-05,5.16E-05,4.07E-05,3.04E-05,2.35E-05,2.26E-05
9406422,0.000348942,0.000159401,9.79E-05,6.86E-05,5.16E-05,4.07E-05,3.04E-05,2.35E-05,2.26E-05
9406423,0.000348942,0.000159401,9.79E-05,6.86E-05,5.16E-05,4.07E-05,3.04E-05,2.35E-05,2.26E-05
9406424,0.000348942,0.000159401,9.79E-05,6.86E-05,5.16E-05,4.07E-05,3.04E-05,2.35E-05,2.26E-05
9406425,0.000348942,0.000159401,9.79E-05,6.86E-05,5.16E-05,4.07E-05,3.04E-05,2.35E-05,2.26E-05
9406426,0.000348942,0.000159401,9.79E-05,6.86E-05,5.16E-05,4.07E-05,3.04E-05,2.35E-05,2.26E-05
9406427,0.000348942,0.000159401,9.79E-05,6.86E-05,5.16E-05,4.07E-05,3.04E-05,2.35E-05,2.26E-05
9406428,0.000348942,0.000159401,9.79E-05,6.86E-05,5.16E-05,4.07E-05,3.04E-05,2.35E-05,2.26E-05
9406429,0.000348942,0.000159401,9.79E-05,6.86E-05,5.16E-05,4.07E-05,3.04E-05,2.35E-05,2.26E-05
9406430,0.000348942,0.000159401,9.79E-05,6.86E-05,5.16E-05,4.07E-05,3.04E-05,2.35E-05,2.26E-05
9406431,0.000348942,0.000159401,9.79E-05,6.86E-05,5.16E-05,4.07E-05,3.04E-05,2.35E-05,2.26E-05
9406432,0.000348942,0.000159401,9.79E-05,6.86E-05,5.16E-05,4.07E-05,3.04E-05,2.35E-05,2.26E-05
9406433,0.000348942,0.000159401,9.79E-05,6.86E-05,5.16E-05,4.07E-05,3.04E-05,2.35E-05,2.26E-05
9406434,0.000348942,0.000159401,9.79E-05,6.86E-05,5.16E-05,4.07E-05,3.04E-05,2.35E-05,2.26E-05
9406435,0.000348942,0.000159401,9.79E-05,6.86E-05,5.16E-05,4.07E-05,3.04E-05,2.35E-05,2.26E-05
9406436,0.000348942,0.000159401,9.79E-05,6.86E-05,5.16E-05,4.07E-05,3.04E-05,2.35E-05,2.26E-05
9407346,0.000348942,0.000159401,9.79E-05,6.86E-05,5.16E-05,4.07E-05,3.04E-05,2.35E-05,2.26E-05
9407349,0.000348942,0.000159401,9.79E-05,6.86E-05,5.16E-05,4.07E-05,3.04E-05,2.35E-05,2.26E-05
9407350,0.000348942,0.000159401,9.79E-05,6.86E-05,5.16E-05,4.07E-05,3.04E-05,2.35E-05,2.26E-05
9407353,0.000348942,0.000159401,9.79E-05,6.86E-05,5.16E-05,4.07E-05,3.04E-05,2.35E-05,2.26E-05
9407355,0.000348942,0.000159401,9.79E-05,6.86E-05,5.16E-05,4.07E-05,3.04E-05,2.35E-05,2.26E-05
9407356,0.000348942,0.000159401,9.79E-05,6.86E-05,5.16E-05,4.07E-05,3.04E-05,2.35E-05,2.26E-05
9407361,0.000348942,0.000159401,9.79E-05,6.86E-05,5.16E-05,4.07E-05,3.04E-05,2.35E-05,2.26E-05
9407363,0.000348942,0.000159401,9.79E-05,6.86E-05,5.16E-05,4.07E-05,3.04E-05,2.35E-05,2.26E-05
9407364,0.000348942,0.000159401,9.79E-05,6.86E-05,5.16E-05,4.07E-05,3.04E-05,2.35E-05,2.26E-05
9407366,0.000348942,0.000159401,9.79E-05,6.86E-05,5.16E-05,4.07E-05,3.04E-05,2.35E-05,2.26E-05
9407367,0.000348942,0.000159401,9.79E-05,6.86E-05,5.16E-05,4.07E-05,3.04E-05,2.35E-05,2.26E-05
9407368,0.000348942,0.000159401,9.79E-05,6.86E-05,5.16E-05,4.07E-05,3.04E-05,2.35E-05,2.26E-05
9407370,0.000348942,0.000159401,9.79E-05,6.86E-05,5.16E-05,4.07E-05,3.04E-05,2.35E-05,2.26E-05
9407376,0.000348942,0.000159401,9.79E-05,6.86E-05,5.16E-05,4.07E-05,3.04E-05,2.35E-05,2.26E-05
9407377,0.000348942,0.000159401,9.79E-05,6.86E-05,5.16E-05,4.07E-05,3.04E-05,2.35E-05,2.26E-05
9407378,0.000348942,0.000159401,9.79E-05,6.86E-05,5.16E-05,4.07E-05,3.04E-05,2.35E-05,2.26E-05
9407381,0.000348942,0.000159401,9.79E-05,6.86E-05,5.16E-05,4.07E-05,3.04E-05,2.35E-05,2.26E-05
9407383,0.000348942,0.000159401,9.79E-05,6.86E-05,5.16E-05,4.07E-05,3.04E-05,2.35E-05,2.26E-05
9407384,0.000348942,0.000159401,9.79E-05,6.86E-05,5.16E-05,4.07E-05,3.04E-05,2.35E-05,2.26E-05
9407387,0.000348942,0.000159401,9.79E-05,6.86E-05,5.16E-05,4.07E-05,3.04E-05,2.35E-05,2.26E-05
9407388,0.000348942,0.000159401,9.79E-05,6.86E-05,5.16E-05,4.07E-05,3.04E-05,2.35E-05,2.26E-05
9407389,0.000348942,0.000159401,9.79E-05,6.86E-05,5.16E-05,4.07E-05,3.04E-05,2.35E-05,2.26E-05
9407391,0.000348942,0.000159401,9.79E-05,6.86E-05,5.16E-05,4.07E-05,3.04E-05,2.35E-05,2.26E-05
9407392,0.000348942,0.000159401,9.79E-05,6.86E-05,5.16E-05,4.07E-05,3.04E-05,2.35E-05,2.26E-05
9407393,0.000348942,0.000159401,9.79E-05,6.86E-05,5.16E-05,4.07E-05,3.04E-05,2.35E-05,2.26E-05
9407394,0.000348942,0.000159401,9.79E-05,6.86E-05,5.16E-05,4.07E-05,3.04E-05,2.35E-05,2.26E-05
9407395,0.000348942,0.000159401,9.79E-05,6.86E-05,5.16E-05,4.07E-05,3.04E-05,2.35E-05,2.26E-05
9407396,0.000348942,0.000159401,9.79E-05,6.86E-05,5.16E-05,4.07E-05,3.04E-05,2.35E-05,2.26E-05
9407397,0.000348942,0.000159401,9.79E-05,6.86E-05,5.16E-05,4.07E-05,3.04E-05,2.35E-05,2.26E-05
9407399,0.000348942,0.000159401,9.79E-05,6.86E-05,5.16E-05,4.07E-05,3.04E-05,2.35E-05,2.26E-05
9407400,0.000348942,0.000159401,9.79E-05,6.86E-05,5.16E-05,4.07E-05,3.04E-05,2.35E-05,2.26E-05
9407401,0.000348942,0.000159401,9.79E-05,6.86E-05,5.16E-05,4.07E-05,3.04E-05,2.35E-05,2.26E-05
9407402,0.000348942,0.000159401,9.79E-05,6.86E-05,5.16E-05,4.07E-05,3.04E-05,2.35E-05,2.26E-05
9407403,0.000348942,0.000159401,9.79E-05,6.86E-05,5.16E-05,4.07E-05,3.04E-05,2.35E-05,2.26E-05
9407404,0.000348942,0.000159401,9.79E-05,6.86E-05,5.16E-05,4.07E-05,3.04E-05,2.35E-05,2.26E-05
9407405,0.000348942,0.000159401,9.79E-05,6.86E-05,5.16E-05,4.07E-05,3.04E-05,2.35E-05,2.26E-05
9407406,0.000348942,0.000159401,9.79E-05,6.86E-05,5.16E-05,4.07E-05,3.04E-05,2.35E-05,2.26E-05
9407407,0.000348942,0.000159401,9.79E-05,6.86E-05,5.16E-05,4.07E-05,3.04E-05,2.35E-05,2.26E-05
9407408,0.000348942,0.000159401,9.79E-05,6.86E-05,5.16E-05,4.07E-05,3.04E-05,2.35E-05,2.26E-05
9407409,0.000348942,0.000159401,9.79E-05,6.86E-05,5.16E-05,4.07E-05,3.04E-05,2.35E-05,2.26E-05
9407410,0.000348942,0.000159401,9.79E-05,6.86E-05,5.16E-05,4.07E-05,3.04E-05,2.35E-05,2.26E-05
9412352,0.000348942,0.000159401,9.79E-05,6.86E-05,5.16E-05,4.07E-05,3.04E-05,2.35E-05,2.26E-05
9412353,0.000348942,0.000159401,9.79E-05,6.86E-05,5.16E-05,4.07E-05,3.04E-05,2.35E-05,2.26E-05
9412354,0.000348942,0.000159401,9.79E-05,6.86E-05,5.16E-05,4.07E-05,3.04E-05,2.35E-05,2.26E-05
9412333,0.000348942,0.000159401,9.79E-05,6.86E-05,5.16E-05,4.07E-05,3.04E-05,2.35E-05,2.26E-05
9408338,0.000348942,0.000159401,9.79E-05,6.86E-05,5.16E-05,4.07E-05,3.04E-05,2.35E-05,2.26E-05
9408340,0.000348942,0.000159401,9.79E-05,6.86E-05,5.16E-05,4.07E-05,3.04E-05,2.35E-05,2.26E-05
9408342,0.000348942,0.000159401,9.79E-05,6.86E-05,5.16E-05,4.07E-05,3.04E-05,2.35E-05,2.26E-05
9408345,0.000348942,0.000159401,9.79E-05,6.86E-05,5.16E-05,4.07E-05,3.04E-05,2.35E-05,2.26E-05
9408347,0.000348942,0.000159401,9.79E-05,6.86E-05,5.16E-05,4.07E-05,3.04E-05,2.35E-05,2.26E-05
9408352,0.000348942,0.000159401,9.79E-05,6.86E-05,5.16E-05,4.07E-05,3.04E-05,2.35E-05,2.26E-05
9408355,0.000348942,0.000159401,9.79E-05,6.86E-05,5.16E-05,4.07E-05,3.04E-05,2.35E-05,2.26E-05
9408356,0.000348942,0.000159401,9.79E-05,6.86E-05,5.16E-05,4.07E-05,3.04E-05,2.35E-05,2.26E-05
9408370,0.000348942,0.000159401,9.79E-05,6.86E-05,5.16E-05,4.07E-05,3.04E-05,2.35E-05,2.26E-05
9408372,0.000348942,0.000159401,9.79E-05,6.86E-05,5.16E-05,4.07E-05,3.04E-05,2.35E-05,2.26E-05
9408373,0.000348942,0.000159401,9.79E-05,6.86E-05,5.16E-05,4.07E-05,3.04E-05,2.35E-05,2.26E-05
9408376,0.000348942,0.000159401,9.79E-05,6.86E-05,5.16E-05,4.07E-05,3.04E-05,2.35E-05,2.26E-05
9408377,0.000348942,0.000159401,9.79E-05,6.86E-05,5.16E-05,4.07E-05,3.04E-05,2.35E-05,2.26E-05
9408388,0.000348942,0.000159401,9.79E-05,6.86E-05,5.16E-05,4.07E-05,3.04E-05,2.35E-05,2.26E-05
9408390,0.000348942,0.000159401,9.79E-05,6.86E-05,5.16E-05,4.07E-05,3.04E-05,2.35E-05,2.26E-05
9408391,0.000348942,0.000159401,9.79E-05,6.86E-05,5.16E-05,4.07E-05,3.04E-05,2.35E-05,2.26E-05
9408392,0.000348942,0.000159401,9.79E-05,6.86E-05,5.16E-05,4.07E-05,3.04E-05,2.35E-05,2.26E-05
9408393,0.000348942,0.000159401,9.79E-05,6.86E-05,5.16E-05,4.07E-05,3.04E-05,2.35E-05,2.26E-05
9408395,0.000348942,0.000159401,9.79E-05,6.86E-05,5.16E-05,4.07E-05,3.04E-05,2.35E-05,2.26E-05
9408397,0.000348942,0.000159401,9.79E-05,6.86E-05,5.16E-05,4.07E-05,3.04E-05,2.35E-05,2.26E-05
9408398,0.000348942,0.000159401,9.79E-05,6.86E-05,5.16E-05,4.07E-05,3.04E-05,2.35E-05,2.26E-05
9408399,0.000348942,0.000159401,9.79E-05,6.86E-05,5.16E-05,4.07E-05,3.04E-05,2.35E-05,2.26E-05
9408400,0.000348942,0.000159401,9.79E-05,6.86E-05,5.16E-05,4.07E-05,3.04E-05,2.35E-05,2.26E-05
9408402,0.000348942,0.000159401,9.79E-05,6.86E-05,5.16E-05,4.07E-05,3.04E-05,2.35E-05,2.26E-05
9408403,0.000348942,0.000159401,9.79E-05,6.86E-05,5.16E-05,4.07E-05,3.04E-05,2.35E-05,2.26E-05
9408404,0.000348942,0.000159401,9.79E-05,6.86E-05,5.16E-05,4.07E-05,3.04E-05,2.35E-05,2.26E-05
9408405,0.000348942,0.000159401,9.79E-05,6.86E-05,5.16E-05,4.07E-05,3.04E-05,2.35E-05,2.26E-05
9408407,0.000348942,0.000159401,9.79E-05,6.86E-05,5.16E-05,4.07E-05,3.04E-05,2.35E-05,2.26E-05
9412360,0.000348942,0.000159401,9.79E-05,6.86E-05,5.16E-05,4.07E-05,3.04E-05,2.35E-05,2.26E-05
9412361,0.000348942,0.000159401,9.79E-05,6.86E-05,5.16E-05,4.07E-05,3.04E-05,2.35E-05,2.26E-05
9412362,0.000348942,0.000159401,9.79E-05,6.86E-05,5.16E-05,4.07E-05,3.04E-05,2.35E-05,2.26E-05
9412363,0.000348942,0.000159401,9.79E-05,6.86E-05,5.16E-05,4.07E-05,3.04E-05,2.35E-05,2.26E-05
9409238,0.000348942,0.000159401,9.79E-05,6.86E-05,5.16E-05,4.07E-05,3.04E-05,2.35E-05,2.26E-05
9409379,0.000348942,0.000159401,9.79E-05,6.86E-05,5.16E-05,4.07E-05,3.04E-05,2.35E-05,2.26E-05
9409380,0.000348942,0.000159401,9.79E-05,6.86E-05,5.16E-05,4.07E-05,3.04E-05,2.35E-05,2.26E-05
9409382,0.000348942,0.000159401,9.79E-05,6.86E-05,5.16E-05,4.07E-05,3.04E-05,2.35E-05,2.26E-05
9409383,0.000348942,0.000159401,9.79E-05,6.86E-05,5.16E-05,4.07E-05,3.04E-05,2.35E-05,2.26E-05
9409385,0.000348942,0.000159401,9.79E-05,6.86E-05,5.16E-05,4.07E-05,3.04E-05,2.35E-05,2.26E-05
9409386,0.000348942,0.000159401,9.79E-05,6.86E-05,5.16E-05,4.07E-05,3.04E-05,2.35E-05,2.26E-05
9409387,0.000348942,0.000159401,9.79E-05,6.86E-05,5.16E-05,4.07E-05,3.04E-05,2.35E-05,2.26E-05
9409388,0.000348942,0.000159401,9.79E-05,6.86E-05,5.16E-05,4.07E-05,3.04E-05,2.35E-05,2.26E-05
9409390,0.000348942,0.000159401,9.79E-05,6.86E-05,5.16E-05,4.07E-05,3.04E-05,2.35E-05,2.26E-05
9409391,0.000348942,0.000159401,9.79E-05,6.86E-05,5.16E-05,4.07E-05,3.04E-05,2.35E-05,2.26E-05
9409392,0.000348942,0.000159401,9.79E-05,6.86E-05,5.16E-05,4.07E-05,3.04E-05,2.35E-05,2.26E-05
9409393,0.000348942,0.000159401,9.79E-05,6.86E-05,5.16E-05,4.07E-05,3.04E-05,2.35E-05,2.26E-05
9409394,0.000348942,0.000159401,9.79E-05,6.86E-05,5.16E-05,4.07E-05,3.04E-05,2.35E-05,2.26E-05
9409396,0.000348942,0.000159401,9.79E-05,6.86E-05,5.16E-05,4.07E-05,3.04E-05,2.35E-05,2.26E-05
9409397,0.000348942,0.000159401,9.79E-05,6.86E-05,5.16E-05,4.07E-05,3.04E-05,2.35E-05,2.26E-05
9409399,0.000348942,0.000159401,9.79E-05,6.86E-05,5.16E-05,4.07E-05,3.04E-05,2.35E-05,2.26E-05
9409400,0.000348942,0.000159401,9.79E-05,6.86E-05,5.16E-05,4.07E-05,3.04E-05,2.35E-05,2.26E-05
9409401,0.000348942,0.000159401,9.79E-05,6.86E-05,5.16E-05,4.07E-05,3.04E-05,2.35E-05,2.26E-05
9409402,0.000348942,0.000159401,9.79E-05,6.86E-05,5.16E-05,4.07E-05,3.04E-05,2.35E-05,2.26E-05
9409403,0.000348942,0.000159401,9.79E-05,6.86E-05,5.16E-05,4.07E-05,3.04E-05,2.35E-05,2.26E-05
9409404,0.000348942,0.000159401,9.79E-05,6.86E-05,5.16E-05,4.07E-05,3.04E-05,2.35E-05,2.26E-05
9409405,0.000348942,0.000159401,9.79E-05,6.86E-05,5.16E-05,4.07E-05,3.04E-05,2.35E-05,2.26E-05
9409406,0.000348942,0.000159401,9.79E-05,6.86E-05,5.16E-05,4.07E-05,3.04E-05,2.35E-05,2.26E-05
9409410,0.000348942,0.000159401,9.79E-05,6.86E-05,5.16E-05,4.07E-05,3.04E-05,2.35E-05,2.26E-05
9409411,0.000348942,0.000159401,9.79E-05,6.86E-05,5.16E-05,4.07E-05,3.04E-05,2.35E-05,2.26E-05
9409412,0.000348942,0.000159401,9.79E-05,6.86E-05,5.16E-05,4.07E-05,3.04E-05,2.35E-05,2.26E-05
9409413,0.000348942,0.000159401,9.79E-05,6.86E-05,5.16E-05,4.07E-05,3.04E-05,2.35E-05,2.26E-05
9409416,0.000348942,0.000159401,9.79E-05,6.86E-05,5.16E-05,4.07E-05,3.04E-05,2.35E-05,2.26E-05
9409417,0.000348942,0.000159401,9.79E-05,6.86E-05,5.16E-05,4.07E-05,3.04E-05,2.35E-05,2.26E-05
9409418,0.000348942,0.000159401,9.79E-05,6.86E-05,5.16E-05,4.07E-05,3.04E-05,2.35E-05,2.26E-05
9409419,0.000348942,0.000159401,9.79E-05,6.86E-05,5.16E-05,4.07E-05,3.04E-05,2.35E-05,2.26E-05
9409420,0.000348942,0.000159401,9.79E-05,6.86E-05,5.16E-05,4.07E-05,3.04E-05,2.35E-05,2.26E-05
9409421,0.000348942,0.000159401,9.79E-05,6.86E-05,5.16E-05,4.07E-05,3.04E-05,2.35E-05,2.26E-05
9409422,0.000348942,0.000159401,9.79E-05,6.86E-05,5.16E-05,4.07E-05,3.04E-05,2.35E-05,2.26E-05
9409423,0.000348942,0.000159401,9.79E-05,6.86E-05,5.16E-05,4.07E-05,3.04E-05,2.35E-05,2.26E-05
9409424,0.000348942,0.000159401,9.79E-05,6.86E-05,5.16E-05,4.07E-05,3.04E-05,2.35E-05,2.26E-05
9409426,0.000348942,0.000159401,9.79E-05,6.86E-05,5.16E-05,4.07E-05,3.04E-05,2.35E-05,2.26E-05
9409427,0.000348942,0.000159401,9.79E-05,6.86E-05,5.16E-05,4.07E-05,3.04E-05,2.35E-05,2.26E-05
9409428,0.000348942,0.000159401,9.79E-05,6.86E-05,5.16E-05,4.07E-05,3.04E-05,2.35E-05,2.26E-05
9409429,0.000348942,0.000159401,9.79E-05,6.86E-05,5.16E-05,4.07E-05,3.04E-05,2.35E-05,2.26E-05
9409430,0.000348942,0.000159401,9.79E-05,6.86E-05,5.16E-05,4.07E-05,3.04E-05,2.35E-05,2.26E-05
9409431,0.000348942,0.000159401,9.79E-05,6.86E-05,5.16E-05,4.07E-05,3.04E-05,2.35E-05,2.26E-05
9409432,0.000348942,0.000159401,9.79E-05,6.86E-05,5.16E-05,4.07E-05,3.04E-05,2.35E-05,2.26E-05
9409433,0.000348942,0.000159401,9.79E-05,6.86E-05,5.16E-05,4.07E-05,3.04E-05,2.35E-05,2.26E-05
9409435,0.000348942,0.000159401,9.79E-05,6.86E-05,5.16E-05,4.07E-05,3.04E-05,2.35E-05,2.26E-05
9409436,0.000348942,0.000159401,9.79E-05,6.86E-05,5.16E-05,4.07E-05,3.04E-05,2.35E-05,2.26E-05
9409438,0.000348942,0.000159401,9.79E-05,6.86E-05,5.16E-05,4.07E-05,3.04E-05,2.35E-05,2.26E-05
9409440,0.000348942,0.000159401,9.79E-05,6.86E-05,5.16E-05,4.07E-05,3.04E-05,2.35E-05,2.26E-05
9409441,0.000348942,0.000159401,9.79E-05,6.86E-05,5.16E-05,4.07E-05,3.04E-05,2.35E-05,2.26E-05
9409442,0.000348942,0.000159401,9.79E-05,6.86E-05,5.16E-05,4.07E-05,3.04E-05,2.35E-05,2.26E-05
9409443,0.000348942,0.000159401,9.79E-05,6.86E-05,5.16E-05,4.07E-05,3.04E-05,2.35E-05,2.26E-05
9409444,0.000348942,0.000159401,9.79E-05,6.86E-05,5.16E-05,4.07E-05,3.04E-05,2.35E-05,2.26E-05
9409445,0.000348942,0.000159401,9.79E-05,6.86E-05,5.16E-05,4.07E-05,3.04E-05,2.35E-05,2.26E-05
9409446,0.000348942,0.000159401,9.79E-05,6.86E-05,5.16E-05,4.07E-05,3.04E-05,2.35E-05,2.26E-05
9409447,0.000348942,0.000159401,9.79E-05,6.86E-05,5.16E-05,4.07E-05,3.04E-05,2.35E-05,2.26E-05
9409448,0.000348942,0.000159401,9.79E-05,6.86E-05,5.16E-05,4.07E-05,3.04E-05,2.35E-05,2.26E-05
9409449,0.000348942,0.000159401,9.79E-05,6.86E-05,5.16E-05,4.07E-05,3.04E-05,2.35E-05,2.26E-05
9409450,0.000348942,0.000159401,9.79E-05,6.86E-05,5.16E-05,4.07E-05,3.04E-05,2.35E-05,2.26E-05
9409451,0.000348942,0.000159401,9.79E-05,6.86E-05,5.16E-05,4.07E-05,3.04E-05,2.35E-05,2.26E-05
9409452,0.000348942,0.000159401,9.79E-05,6.86E-05,5.16E-05,4.07E-05,3.04E-05,2.35E-05,2.26E-05
9409453,0.000348942,0.000159401,9.79E-05,6.86E-05,5.16E-05,4.07E-05,3.04E-05,2.35E-05,2.26E-05
9409454,0.000348942,0.000159401,9.79E-05,6.86E-05,5.16E-05,4.07E-05,3.04E-05,2.35E-05,2.26E-05
9409455,0.000348942,0.000159401,9.79E-05,6.86E-05,5.16E-05,4.07E-05,3.04E-05,2.35E-05,2.26E-05
9409456,0.000348942,0.000159401,9.79E-05,6.86E-05,5.16E-05,4.07E-05,3.04E-05,2.35E-05,2.26E-05
9409457,0.000348942,0.000159401,9.79E-05,6.86E-05,5.16E-05,4.07E-05,3.04E-05,2.35E-05,2.26E-05
9409458,0.000348942,0.000159401,9.79E-05,6.86E-05,5.16E-05,4.07E-05,3.04E-05,2.35E-05,2.26E-05
9409460,0.000348942,0.000159401,9.79E-05,6.86E-05,5.16E-05,4.07E-05,3.04E-05,2.35E-05,2.26E-05
9409461,0.000348942,0.000159401,9.79E-05,6.86E-05,5.16E-05,4.07E-05,3.04E-05,2.35E-05,2.26E-05
9409462,0.000348942,0.000159401,9.79E-05,6.86E-05,5.16E-05,4.07E-05,3.04E-05,2.35E-05,2.26E-05
9409463,0.000348942,0.000159401,9.79E-05,6.86E-05,5.16E-05,4.07E-05,3.04E-05,2.35E-05,2.26E-05
9412368,0.000348942,0.000159401,9.79E-05,6.86E-05,5.16E-05,4.07E-05,3.04E-05,2.35E-05,2.26E-05
9412369,0.000348942,0.000159401,9.79E-05,6.86E-05,5.16E-05,4.07E-05,3.04E-05,2.35E-05,2.26E-05
9412370,0.000348942,0.000159401,9.79E-05,6.86E-05,5.16E-05,4.07E-05,3.04E-05,2.35E-05,2.26E-05
9410201,0.000348942,0.000159401,9.79E-05,6.86E-05,5.16E-05,4.07E-05,3.04E-05,2.35E-05,2.26E-05
9410202,0.000348942,0.000159401,9.79E-05,6.86E-05,5.16E-05,4.07E-05,3.04E-05,2.35E-05,2.26E-05
9410204,0.000348942,0.000159401,9.79E-05,6.86E-05,5.16E-05,4.07E-05,3.04E-05,2.35E-05,2.26E-05
9410207,0.000348942,0.000159401,9.79E-05,6.86E-05,5.16E-05,4.07E-05,3.04E-05,2.35E-05,2.26E-05
9410208,0.000348942,0.000159401,9.79E-05,6.86E-05,5.16E-05,4.07E-05,3.04E-05,2.35E-05,2.26E-05
9410210,0.000348942,0.000159401,9.79E-05,6.86E-05,5.16E-05,4.07E-05,3.04E-05,2.35E-05,2.26E-05
9410216,0.000348942,0.000159401,9.79E-05,6.86E-05,5.16E-05,4.07E-05,3.04E-05,2.35E-05,2.26E-05
9410222,0.000348942,0.000159401,9.79E-05,6.86E-05,5.16E-05,4.07E-05,3.04E-05,2.35E-05,2.26E-05
9410224,0.000348942,0.000159401,9.79E-05,6.86E-05,5.16E-05,4.07E-05,3.04E-05,2.35E-05,2.26E-05
9410225,0.000348942,0.000159401,9.79E-05,6.86E-05,5.16E-05,4.07E-05,3.04E-05,2.35E-05,2.26E-05
9410226,0.000348942,0.000159401,9.79E-05,6.86E-05,5.16E-05,4.07E-05,3.04E-05,2.35E-05,2.26E-05
9410232,0.000348942,0.000159401,9.79E-05,6.86E-05,5.16E-05,4.07E-05,3.04E-05,2.35E-05,2.26E-05
9410233,0.000348942,0.000159401,9.79E-05,6.86E-05,5.16E-05,4.07E-05,3.04E-05,2.35E-05,2.26E-05
9410239,0.000348942,0.000159401,9.79E-05,6.86E-05,5.16E-05,4.07E-05,3.04E-05,2.35E-05,2.26E-05
9410240,0.000348942,0.000159401,9.79E-05,6.86E-05,5.16E-05,4.07E-05,3.04E-05,2.35E-05,2.26E-05
9410242,0.000348942,0.000159401,9.79E-05,6.86E-05,5.16E-05,4.07E-05,3.04E-05,2.35E-05,2.26E-05
9410243,0.000348942,0.000159401,9.79E-05,6.86E-05,5.16E-05,4.07E-05,3.04E-05,2.35E-05,2.26E-05
9410290,0.000348942,0.000159401,9.79E-05,6.86E-05,5.16E-05,4.07E-05,3.04E-05,2.35E-05,2.26E-05
9410400,0.000348942,0.000159401,9.79E-05,6.86E-05,5.16E-05,4.07E-05,3.04E-05,2.35E-05,2.26E-05
9410401,0.000348942,0.000159401,9.79E-05,6.86E-05,5.16E-05,4.07E-05,3.04E-05,2.35E-05,2.26E-05
9410403,0.000348942,0.000159401,9.79E-05,6.86E-05,5.16E-05,4.07E-05,3.04E-05,2.35E-05,2.26E-05
9410404,0.000348942,0.000159401,9.79E-05,6.86E-05,5.16E-05,4.07E-05,3.04E-05,2.35E-05,2.26E-05
9410405,0.000348942,0.000159401,9.79E-05,6.86E-05,5.16E-05,4.07E-05,3.04E-05,2.35E-05,2.26E-05
9410408,0.000348942,0.000159401,9.79E-05,6.86E-05,5.16E-05,4.07E-05,3.04E-05,2.35E-05,2.26E-05
9410409,0.000348942,0.000159401,9.79E-05,6.86E-05,5.16E-05,4.07E-05,3.04E-05,2.35E-05,2.26E-05
9410410,0.000348942,0.000159401,9.79E-05,6.86E-05,5.16E-05,4.07E-05,3.04E-05,2.35E-05,2.26E-05
9410411,0.000348942,0.000159401,9.79E-05,6.86E-05,5.16E-05,4.07E-05,3.04E-05,2.35E-05,2.26E-05
9410412,0.000348942,0.000159401,9.79E-05,6.86E-05,5.16E-05,4.07E-05,3.04E-05,2.35E-05,2.26E-05
9410413,0.000348942,0.000159401,9.79E-05,6.86E-05,5.16E-05,4.07E-05,3.04E-05,2.35E-05,2.26E-05
9410414,0.000348942,0.000159401,9.79E-05,6.86E-05,5.16E-05,4.07E-05,3.04E-05,2.35E-05,2.26E-05
9410415,0.000348942,0.000159401,9.79E-05,6.86E-05,5.16E-05,4.07E-05,3.04E-05,2.35E-05,2.26E-05
9412376,0.000348942,0.000159401,9.79E-05,6.86E-05,5.16E-05,4.07E-05,3.04E-05,2.35E-05,2.26E-05
9412377,0.000348942,0.000159401,9.79E-05,6.86E-05,5.16E-05,4.07E-05,3.04E-05,2.35E-05,2.26E-05
9411207,0.000348942,0.000159401,9.79E-05,6.86E-05,5.16E-05,4.07E-05,3.04E-05,2.35E-05,2.26E-05
9411209,0.000348942,0.000159401,9.79E-05,6.86E-05,5.16E-05,4.07E-05,3.04E-05,2.35E-05,2.26E-05
9411220,0.000348942,0.000159401,9.79E-05,6.86E-05,5.16E-05,4.07E-05,3.04E-05,2.35E-05,2.26E-05
9411221,0.000348942,0.000159401,9.79E-05,6.86E-05,5.16E-05,4.07E-05,3.04E-05,2.35E-05,2.26E-05
9411222,0.000348942,0.000159401,9.79E-05,6.86E-05,5.16E-05,4.07E-05,3.04E-05,2.35E-05,2.26E-05
9411232,0.000348942,0.000159401,9.79E-05,6.86E-05,5.16E-05,4.07E-05,3.04E-05,2.35E-05,2.26E-05
9411236,0.000348942,0.000159401,9.79E-05,6.86E-05,5.16E-05,4.07E-05,3.04E-05,2.35E-05,2.26E-05
9411237,0.000348942,0.000159401,9.79E-05,6.86E-05,5.16E-05,4.07E-05,3.04E-05,2.35E-05,2.26E-05
9411240,0.000348942,0.000159401,9.79E-05,6.86E-05,5.16E-05,4.07E-05,3.04E-05,2.35E-05,2.26E-05
9411241,0.000348942,0.000159401,9.79E-05,6.86E-05,5.16E-05,4.07E-05,3.04E-05,2.35E-05,2.26E-05
9411432,0.000348942,0.000159401,9.79E-05,6.86E-05,5.16E-05,4.07E-05,3.04E-05,2.35E-05,2.26E-05
9411434,0.000348942,0.000159401,9.79E-05,6.86E-05,5.16E-05,4.07E-05,3.04E-05,2.35E-05,2.26E-05
9411435,0.000348942,0.000159401,9.79E-05,6.86E-05,5.16E-05,4.07E-05,3.04E-05,2.35E-05,2.26E-05
9411436,0.000348942,0.000159401,9.79E-05,6.86E-05,5.16E-05,4.07E-05,3.04E-05,2.35E-05,2.26E-05
9411437,0.000348942,0.000159401,9.79E-05,6.86E-05,5.16E-05,4.07E-05,3.04E-05,2.35E-05,2.26E-05
9411438,0.000348942,0.000159401,9.79E-05,6.86E-05,5.16E-05,4.07E-05,3.04E-05,2.35E-05,2.26E-05
9411439,0.000348942,0.000159401,9.79E-05,6.86E-05,5.16E-05,4.07E-05,3.04E-05,2.35E-05,2.26E-05
9411440,0.000348942,0.000159401,9.79E-05,6.86E-05,5.16E-05,4.07E-05,3.04E-05,2.35E-05,2.26E-05
9411441,0.000348942,0.000159401,9.79E-05,6.86E-05,5.16E-05,4.07E-05,3.04E-05,2.35E-05,2.26E-05
9411442,0.000348942,0.000159401,9.79E-05,6.86E-05,5.16E-05,4.07E-05,3.04E-05,2.35E-05,2.26E-05
9411443,0.000348942,0.000159401,9.79E-05,6.86E-05,5.16E-05,4.07E-05,3.04E-05,2.35E-05,2.26E-05
9411444,0.000348942,0.000159401,9.79E-05,6.86E-05,5.16E-05,4.07E-05,3.04E-05,2.35E-05,2.26E-05
9411445,0.000348942,0.000159401,9.79E-05,6.86E-05,5.16E-05,4.07E-05,3.04E-05,2.35E-05,2.26E-05
9412202,0.000348942,0.000159401,9.79E-05,6.86E-05,5.16E-05,4.07E-05,3.04E-05,2.35E-05,2.26E-05
9412206,0.000348942,0.000159401,9.79E-05,6.86E-05,5.16E-05,4.07E-05,3.04E-05,2.35E-05,2.26E-05
9412211,0.000348942,0.000159401,9.79E-05,6.86E-05,5.16E-05,4.07E-05,3.04E-05,2.35E-05,2.26E-05
9412212,0.000348942,0.000159401,9.79E-05,6.86E-05,5.16E-05,4.07E-05,3.04E-05,2.35E-05,2.26E-05
9412215,0.000348942,0.000159401,9.79E-05,6.86E-05,5.16E-05,4.07E-05,3.04E-05,2.35E-05,2.26E-05
9412217,0.000348942,0.000159401,9.79E-05,6.86E-05,5.16E-05,4.07E-05,3.04E-05,2.35E-05,2.26E-05
9412219,0.000348942,0.000159401,9.79E-05,6.86E-05,5.16E-05,4.07E-05,3.04E-05,2.35E-05,2.26E-05
9412221,0.000348942,0.000159401,9.79E-05,6.86E-05,5.16E-05,4.07E-05,3.04E-05,2.35E-05,2.26E-05
9412226,0.000348942,0.000159401,9.79E-05,6.86E-05,5.16E-05,4.07E-05,3.04E-05,2.35E-05,2.26E-05
9412227,0.000348942,0.000159401,9.79E-05,6.86E-05,5.16E-05,4.07E-05,3.04E-05,2.35E-05,2.26E-05
9412241,0.000348942,0.000159401,9.79E-05,6.86E-05,5.16E-05,4.07E-05,3.04E-05,2.35E-05,2.26E-05
9412244,0.000348942,0.000159401,9.79E-05,6.86E-05,5.16E-05,4.07E-05,3.04E-05,2.35E-05,2.26E-05
9412391,0.000348942,0.000159401,9.79E-05,6.86E-05,5.16E-05,4.07E-05,3.04E-05,2.35E-05,2.26E-05
9412395,0.000348942,0.000159401,9.79E-05,6.86E-05,5.16E-05,4.07E-05,3.04E-05,2.35E-05,2.26E-05
9412396,0.000348942,0.000159401,9.79E-05,6.86E-05,5.16E-05,4.07E-05,3.04E-05,2.35E-05,2.26E-05
9412398,0.000348942,0.000159401,9.79E-05,6.86E-05,5.16E-05,4.07E-05,3.04E-05,2.35E-05,2.26E-05
9412392,0.000348942,0.000159401,9.79E-05,6.86E-05,5.16E-05,4.07E-05,3.04E-05,2.35E-05,2.26E-05
9412393,0.000348942,0.000159401,9.79E-05,6.86E-05,5.16E-05,4.07E-05,3.04E-05,2.35E-05,2.26E-05
9412394,0.000348942,0.000159401,9.79E-05,6.86E-05,5.16E-05,4.07E-05,3.04E-05,2.35E-05,2.26E-05
9407201,0.000348942,0.000159401,9.79E-05,6.86E-05,5.16E-05,4.07E-05,3.04E-05,2.35E-05,2.26E-05
9407202,0.000348942,0.000159401,9.79E-05,6.86E-05,5.16E-05,4.07E-05,3.04E-05,2.35E-05,2.26E-05
9407205,0.000348942,0.000159401,9.79E-05,6.86E-05,5.16E-05,4.07E-05,3.04E-05,2.35E-05,2.26E-05
9407206,0.000348942,0.000159401,9.79E-05,6.86E-05,5.16E-05,4.07E-05,3.04E-05,2.35E-05,2.26E-05
9407207,0.000348942,0.000159401,9.79E-05,6.86E-05,5.16E-05,4.07E-05,3.04E-05,2.35E-05,2.26E-05
9407221,0.000348942,0.000159401,9.79E-05,6.86E-05,5.16E-05,4.07E-05,3.04E-05,2.35E-05,2.26E-05
9407222,0.000348942,0.000159401,9.79E-05,6.86E-05,5.16E-05,4.07E-05,3.04E-05,2.35E-05,2.26E-05
9407223,0.000348942,0.000159401,9.79E-05,6.86E-05,5.16E-05,4.07E-05,3.04E-05,2.35E-05,2.26E-05
9407224,0.000348942,0.000159401,9.79E-05,6.86E-05,5.16E-05,4.07E-05,3.04E-05,2.35E-05,2.26E-05
9407229,0.000348942,0.000159401,9.79E-05,6.86E-05,5.16E-05,4.07E-05,3.04E-05,2.35E-05,2.26E-05
9407230,0.000348942,0.000159401,9.79E-05,6.86E-05,5.16E-05,4.07E-05,3.04E-05,2.35E-05,2.26E-05
9407231,0.000348942,0.000159401,9.79E-05,6.86E-05,5.16E-05,4.07E-05,3.04E-05,2.35E-05,2.26E-05
9407232,0.000348942,0.000159401,9.79E-05,6.86E-05,5.16E-05,4.07E-05,3.04E-05,2.35E-05,2.26E-05
9412351,0.000348942,0.000159401,9.79E-05,6.86E-05,5.16E-05,4.07E-05,3.04E-05,2.35E-05,2.26E-05
9407234,0.000348942,0.000159401,9.79E-05,6.86E-05,5.16E-05,4.07E-05,3.04E-05,2.35E-05,2.26E-05
9407235,0.000348942,0.000159401,9.79E-05,6.86E-05,5.16E-05,4.07E-05,3.04E-05,2.35E-05,2.26E-05
9407236,0.000348942,0.000159401,9.79E-05,6.86E-05,5.16E-05,4.07E-05,3.04E-05,2.35E-05,2.26E-05
9407237,0.000348942,0.000159401,9.79E-05,6.86E-05,5.16E-05,4.07E-05,3.04E-05,2.35E-05,2.26E-05
9407238,0.000348942,0.000159401,9.79E-05,6.86E-05,5.16E-05,4.07E-05,3.04E-05,2.35E-05,2.26E-05
9407239,0.000348942,0.000159401,9.79E-05,6.86E-05,5.16E-05,4.07E-05,3.04E-05,2.35E-05,2.26E-05
9407240,0.000348942,0.000159401,9.79E-05,6.86E-05,5.16E-05,4.07E-05,3.04E-05,2.35E-05,2.26E-05
9407241,0.000348942,0.000159401,9.79E-05,6.86E-05,5.16E-05,4.07E-05,3.04E-05,2.35E-05,2.26E-05
9407242,0.000348942,0.000159401,9.79E-05,6.86E-05,5.16E-05,4.07E-05,3.04E-05,2.35E-05,2.26E-05
9401242,0.000348942,0.000159401,9.79E-05,6.86E-05,5.16E-05,4.07E-05,3.04E-05,2.35E-05,2.26E-05
9407243,0.000348942,0.000159401,9.79E-05,6.86E-05,5.16E-05,4.07E-05,3.04E-05,2.35E-05,2.26E-05
9401243,0.000348942,0.000159401,9.79E-05,6.86E-05,5.16E-05,4.07E-05,3.04E-05,2.35E-05,2.26E-05
9401254,0.000348942,0.000159401,9.79E-05,6.86E-05,5.16E-05,4.07E-05,3.04E-05,2.35E-05,2.26E-05
9401255,0.000348942,0.000159401,9.79E-05,6.86E-05,5.16E-05,4.07E-05,3.04E-05,2.35E-05,2.26E-05
9401258,0.000348942,0.000159401,9.79E-05,6.86E-05,5.16E-05,4.07E-05,3.04E-05,2.35E-05,2.26E-05
9401259,0.000348942,0.000159401,9.79E-05,6.86E-05,5.16E-05,4.07E-05,3.04E-05,2.35E-05,2.26E-05
9401260,0.000348942,0.000159401,9.79E-05,6.86E-05,5.16E-05,4.07E-05,3.04E-05,2.35E-05,2.26E-05
9401261,0.000348942,0.000159401,9.79E-05,6.86E-05,5.16E-05,4.07E-05,3.04E-05,2.35E-05,2.26E-05
9401264,0.000348942,0.000159401,9.79E-05,6.86E-05,5.16E-05,4.07E-05,3.04E-05,2.35E-05,2.26E-05
9401265,0.000348942,0.000159401,9.79E-05,6.86E-05,5.16E-05,4.07E-05,3.04E-05,2.35E-05,2.26E-05
9407244,0.000348942,0.000159401,9.79E-05,6.86E-05,5.16E-05,4.07E-05,3.04E-05,2.35E-05,2.26E-05
9401267,0.000348942,0.000159401,9.79E-05,6.86E-05,5.16E-05,4.07E-05,3.04E-05,2.35E-05,2.26E-05
9401269,0.000348942,0.000159401,9.79E-05,6.86E-05,5.16E-05,4.07E-05,3.04E-05,2.35E-05,2.26E-05
9401274,0.000348942,0.000159401,9.79E-05,6.86E-05,5.16E-05,4.07E-05,3.04E-05,2.35E-05,2.26E-05
9401275,0.000348942,0.000159401,9.79E-05,6.86E-05,5.16E-05,4.07E-05,3.04E-05,2.35E-05,2.26E-05
9401279,0.000348942,0.000159401,9.79E-05,6.86E-05,5.16E-05,4.07E-05,3.04E-05,2.35E-05,2.26E-05
9401280,0.000348942,0.000159401,9.79E-05,6.86E-05,5.16E-05,4.07E-05,3.04E-05,2.35E-05,2.26E-05
9401281,0.000348942,0.000159401,9.79E-05,6.86E-05,5.16E-05,4.07E-05,3.04E-05,2.35E-05,2.26E-05
9401282,0.000348942,0.000159401,9.79E-05,6.86E-05,5.16E-05,4.07E-05,3.04E-05,2.35E-05,2.26E-05
9401284,0.000348942,0.000159401,9.79E-05,6.86E-05,5.16E-05,4.07E-05,3.04E-05,2.35E-05,2.26E-05
9401287,0.000348942,0.000159401,9.79E-05,6.86E-05,5.16E-05,4.07E-05,3.04E-05,2.35E-05,2.26E-05
9401290,0.000348942,0.000159401,9.79E-05,6.86E-05,5.16E-05,4.07E-05,3.04E-05,2.35E-05,2.26E-05
9407245,0.000348942,0.000159401,9.79E-05,6.86E-05,5.16E-05,4.07E-05,3.04E-05,2.35E-05,2.26E-05
9401295,0.000348942,0.000159401,9.79E-05,6.86E-05,5.16E-05,4.07E-05,3.04E-05,2.35E-05,2.26E-05
9401298,0.000348942,0.000159401,9.79E-05,6.86E-05,5.16E-05,4.07E-05,3.04E-05,2.35E-05,2.26E-05
9401300,0.000348942,0.000159401,9.79E-05,6.86E-05,5.16E-05,4.07E-05,3.04E-05,2.35E-05,2.26E-05
9401301,0.000348942,0.000159401,9.79E-05,6.86E-05,5.16E-05,4.07E-05,3.04E-05,2.35E-05,2.26E-05
9401305,0.000348942,0.000159401,9.79E-05,6.86E-05,5.16E-05,4.07E-05,3.04E-05,2.35E-05,2.26E-05
9401310,0.000348942,0.000159401,9.79E-05,6.86E-05,5.16E-05,4.07E-05,3.04E-05,2.35E-05,2.26E-05
9401311,0.000348942,0.000159401,9.79E-05,6.86E-05,5.16E-05,4.07E-05,3.04E-05,2.35E-05,2.26E-05
9401315,0.000348942,0.000159401,9.79E-05,6.86E-05,5.16E-05,4.07E-05,3.04E-05,2.35E-05,2.26E-05
9401316,0.000348942,0.000159401,9.79E-05,6.86E-05,5.16E-05,4.07E-05,3.04E-05,2.35E-05,2.26E-05
9407246,0.000348942,0.000159401,9.79E-05,6.86E-05,5.16E-05,4.07E-05,3.04E-05,2.35E-05,2.26E-05
9401320,0.000348942,0.000159401,9.79E-05,6.86E-05,5.16E-05,4.07E-05,3.04E-05,2.35E-05,2.26E-05
9401325,0.000348942,0.000159401,9.79E-05,6.86E-05,5.16E-05,4.07E-05,3.04E-05,2.35E-05,2.26E-05
9401330,0.000348942,0.000159401,9.79E-05,6.86E-05,5.16E-05,4.07E-05,3.04E-05,2.35E-05,2.26E-05
9401335,0.000348942,0.000159401,9.79E-05,6.86E-05,5.16E-05,4.07E-05,3.04E-05,2.35E-05,2.26E-05
9401336,0.000348942,0.000159401,9.79E-05,6.86E-05,5.16E-05,4.07E-05,3.04E-05,2.35E-05,2.26E-05
9401340,0.000348942,0.000159401,9.79E-05,6.86E-05,5.16E-05,4.07E-05,3.04E-05,2.35E-05,2.26E-05
9412356,0.000348942,0.000159401,9.79E-05,6.86E-05,5.16E-05,4.07E-05,3.04E-05,2.35E-05,2.26E-05
9412357,0.000348942,0.000159401,9.79E-05,6.86E-05,5.16E-05,4.07E-05,3.04E-05,2.35E-05,2.26E-05
9412358,0.000348942,0.000159401,9.79E-05,6.86E-05,5.16E-05,4.07E-05,3.04E-05,2.35E-05,2.26E-05
9412359,0.000348942,0.000159401,9.79E-05,6.86E-05,5.16E-05,4.07E-05,3.04E-05,2.35E-05,2.26E-05
9412334,0.000348942,0.000159401,9.79E-05,6.86E-05,5.16E-05,4.07E-05,3.04E-05,2.35E-05,2.26E-05
9402244,0.000348942,0.000159401,9.79E-05,6.86E-05,5.16E-05,4.07E-05,3.04E-05,2.35E-05,2.26E-05
9402248,0.000348942,0.000159401,9.79E-05,6.86E-05,5.16E-05,4.07E-05,3.04E-05,2.35E-05,2.26E-05
9402264,0.000348942,0.000159401,9.79E-05,6.86E-05,5.16E-05,4.07E-05,3.04E-05,2.35E-05,2.26E-05
9402276,0.000348942,0.000159401,9.79E-05,6.86E-05,5.16E-05,4.07E-05,3.04E-05,2.35E-05,2.26E-05
9402277,0.000348942,0.000159401,9.79E-05,6.86E-05,5.16E-05,4.07E-05,3.04E-05,2.35E-05,2.26E-05
9402281,0.000348942,0.000159401,9.79E-05,6.86E-05,5.16E-05,4.07E-05,3.04E-05,2.35E-05,2.26E-05
9402283,0.000348942,0.000159401,9.79E-05,6.86E-05,5.16E-05,4.07E-05,3.04E-05,2.35E-05,2.26E-05
9402291,0.000348942,0.000159401,9.79E-05,6.86E-05,5.16E-05,4.07E-05,3.04E-05,2.35E-05,2.26E-05
9402294,0.000348942,0.000159401,9.79E-05,6.86E-05,5.16E-05,4.07E-05,3.04E-05,2.35E-05,2.26E-05
9402296,0.000348942,0.000159401,9.79E-05,6.86E-05,5.16E-05,4.07E-05,3.04E-05,2.35E-05,2.26E-05
9402298,0.000348942,0.000159401,9.79E-05,6.86E-05,5.16E-05,4.07E-05,3.04E-05,2.35E-05,2.26E-05
9402299,0.000348942,0.000159401,9.79E-05,6.86E-05,5.16E-05,4.07E-05,3.04E-05,2.35E-05,2.26E-05
9402300,0.000348942,0.000159401,9.79E-05,6.86E-05,5.16E-05,4.07E-05,3.04E-05,2.35E-05,2.26E-05
9402302,0.000348942,0.000159401,9.79E-05,6.86E-05,5.16E-05,4.07E-05,3.04E-05,2.35E-05,2.26E-05
9402310,0.000348942,0.000159401,9.79E-05,6.86E-05,5.16E-05,4.07E-05,3.04E-05,2.35E-05,2.26E-05
9402311,0.000348942,0.000159401,9.79E-05,6.86E-05,5.16E-05,4.07E-05,3.04E-05,2.35E-05,2.26E-05
9402313,0.000348942,0.000159401,9.79E-05,6.86E-05,5.16E-05,4.07E-05,3.04E-05,2.35E-05,2.26E-05
9402320,0.000348942,0.000159401,9.79E-05,6.86E-05,5.16E-05,4.07E-05,3.04E-05,2.35E-05,2.26E-05
9402326,0.000348942,0.000159401,9.79E-05,6.86E-05,5.16E-05,4.07E-05,3.04E-05,2.35E-05,2.26E-05
9402329,0.000348942,0.000159401,9.79E-05,6.86E-05,5.16E-05,4.07E-05,3.04E-05,2.35E-05,2.26E-05
9412364,0.000348942,0.000159401,9.79E-05,6.86E-05,5.16E-05,4.07E-05,3.04E-05,2.35E-05,2.26E-05
9412335,0.000348942,0.000159401,9.79E-05,6.86E-05,5.16E-05,4.07E-05,3.04E-05,2.35E-05,2.26E-05
9412365,0.000348942,0.000159401,9.79E-05,6.86E-05,5.16E-05,4.07E-05,3.04E-05,2.35E-05,2.26E-05
9412366,0.000348942,0.000159401,9.79E-05,6.86E-05,5.16E-05,4.07E-05,3.04E-05,2.35E-05,2.26E-05
9412367,0.000348942,0.000159401,9.79E-05,6.86E-05,5.16E-05,4.07E-05,3.04E-05,2.35E-05,2.26E-05
9403202,0.000348942,0.000159401,9.79E-05,6.86E-05,5.16E-05,4.07E-05,3.04E-05,2.35E-05,2.26E-05
9403203,0.000348942,0.000159401,9.79E-05,6.86E-05,5.16E-05,4.07E-05,3.04E-05,2.35E-05,2.26E-05
9403207,0.000348942,0.000159401,9.79E-05,6.86E-05,5.16E-05,4.07E-05,3.04E-05,2.35E-05,2.26E-05
9403212,0.000348942,0.000159401,9.79E-05,6.86E-05,5.16E-05,4.07E-05,3.04E-05,2.35E-05,2.26E-05
9403214,0.000348942,0.000159401,9.79E-05,6.86E-05,5.16E-05,4.07E-05,3.04E-05,2.35E-05,2.26E-05
9403217,0.000348942,0.000159401,9.79E-05,6.86E-05,5.16E-05,4.07E-05,3.04E-05,2.35E-05,2.26E-05
9403218,0.000348942,0.000159401,9.79E-05,6.86E-05,5.16E-05,4.07E-05,3.04E-05,2.35E-05,2.26E-05
9403221,0.000348942,0.000159401,9.79E-05,6.86E-05,5.16E-05,4.07E-05,3.04E-05,2.35E-05,2.26E-05
9403222,0.000348942,0.000159401,9.79E-05,6.86E-05,5.16E-05,4.07E-05,3.04E-05,2.35E-05,2.26E-05
9403223,0.000348942,0.000159401,9.79E-05,6.86E-05,5.16E-05,4.07E-05,3.04E-05,2.35E-05,2.26E-05
9403227,0.000348942,0.000159401,9.79E-05,6.86E-05,5.16E-05,4.07E-05,3.04E-05,2.35E-05,2.26E-05
9403231,0.000348942,0.000159401,9.79E-05,6.86E-05,5.16E-05,4.07E-05,3.04E-05,2.35E-05,2.26E-05
9403232,0.000348942,0.000159401,9.79E-05,6.86E-05,5.16E-05,4.07E-05,3.04E-05,2.35E-05,2.26E-05
9403237,0.000348942,0.000159401,9.79E-05,6.86E-05,5.16E-05,4.07E-05,3.04E-05,2.35E-05,2.26E-05
9403238,0.000348942,0.000159401,9.79E-05,6.86E-05,5.16E-05,4.07E-05,3.04E-05,2.35E-05,2.26E-05
9403242,0.000348942,0.000159401,9.79E-05,6.86E-05,5.16E-05,4.07E-05,3.04E-05,2.35E-05,2.26E-05
9403243,0.000348942,0.000159401,9.79E-05,6.86E-05,5.16E-05,4.07E-05,3.04E-05,2.35E-05,2.26E-05
9403247,0.000348942,0.000159401,9.79E-05,6.86E-05,5.16E-05,4.07E-05,3.04E-05,2.35E-05,2.26E-05
9403248,0.000348942,0.000159401,9.79E-05,6.86E-05,5.16E-05,4.07E-05,3.04E-05,2.35E-05,2.26E-05
9403253,0.000348942,0.000159401,9.79E-05,6.86E-05,5.16E-05,4.07E-05,3.04E-05,2.35E-05,2.26E-05
9403254,0.000348942,0.000159401,9.79E-05,6.86E-05,5.16E-05,4.07E-05,3.04E-05,2.35E-05,2.26E-05
9403256,0.000348942,0.000159401,9.79E-05,6.86E-05,5.16E-05,4.07E-05,3.04E-05,2.35E-05,2.26E-05
9403258,0.000348942,0.000159401,9.79E-05,6.86E-05,5.16E-05,4.07E-05,3.04E-05,2.35E-05,2.26E-05
9403259,0.000348942,0.000159401,9.79E-05,6.86E-05,5.16E-05,4.07E-05,3.04E-05,2.35E-05,2.26E-05
9403263,0.000348942,0.000159401,9.79E-05,6.86E-05,5.16E-05,4.07E-05,3.04E-05,2.35E-05,2.26E-05
9403268,0.000348942,0.000159401,9.79E-05,6.86E-05,5.16E-05,4.07E-05,3.04E-05,2.35E-05,2.26E-05
9403273,0.000348942,0.000159401,9.79E-05,6.86E-05,5.16E-05,4.07E-05,3.04E-05,2.35E-05,2.26E-05
9403274,0.000348942,0.000159401,9.79E-05,6.86E-05,5.16E-05,4.07E-05,3.04E-05,2.35E-05,2.26E-05
9403276,0.000348942,0.000159401,9.79E-05,6.86E-05,5.16E-05,4.07E-05,3.04E-05,2.35E-05,2.26E-05
9403278,0.000348942,0.000159401,9.79E-05,6.86E-05,5.16E-05,4.07E-05,3.04E-05,2.35E-05,2.26E-05
9403279,0.000348942,0.000159401,9.79E-05,6.86E-05,5.16E-05,4.07E-05,3.04E-05,2.35E-05,2.26E-05
9403282,0.000348942,0.000159401,9.79E-05,6.86E-05,5.16E-05,4.07E-05,3.04E-05,2.35E-05,2.26E-05
9403283,0.000348942,0.000159401,9.79E-05,6.86E-05,5.16E-05,4.07E-05,3.04E-05,2.35E-05,2.26E-05
9403288,0.000348942,0.000159401,9.79E-05,6.86E-05,5.16E-05,4.07E-05,3.04E-05,2.35E-05,2.26E-05
9403289,0.000348942,0.000159401,9.79E-05,6.86E-05,5.16E-05,4.07E-05,3.04E-05,2.35E-05,2.26E-05
9403290,0.000348942,0.000159401,9.79E-05,6.86E-05,5.16E-05,4.07E-05,3.04E-05,2.35E-05,2.26E-05
9403292,0.000348942,0.000159401,9.79E-05,6.86E-05,5.16E-05,4.07E-05,3.04E-05,2.35E-05,2.26E-05
9403293,0.000348942,0.000159401,9.79E-05,6.86E-05,5.16E-05,4.07E-05,3.04E-05,2.35E-05,2.26E-05
9403294,0.000348942,0.000159401,9.79E-05,6.86E-05,5.16E-05,4.07E-05,3.04E-05,2.35E-05,2.26E-05
9403298,0.000348942,0.000159401,9.79E-05,6.86E-05,5.16E-05,4.07E-05,3.04E-05,2.35E-05,2.26E-05
9403300,0.000348942,0.000159401,9.79E-05,6.86E-05,5.16E-05,4.07E-05,3.04E-05,2.35E-05,2.26E-05
9403301,0.000348942,0.000159401,9.79E-05,6.86E-05,5.16E-05,4.07E-05,3.04E-05,2.35E-05,2.26E-05
9403303,0.000348942,0.000159401,9.79E-05,6.86E-05,5.16E-05,4.07E-05,3.04E-05,2.35E-05,2.26E-05
9403308,0.000348942,0.000159401,9.79E-05,6.86E-05,5.16E-05,4.07E-05,3.04E-05,2.35E-05,2.26E-05
9403309,0.000348942,0.000159401,9.79E-05,6.86E-05,5.16E-05,4.07E-05,3.04E-05,2.35E-05,2.26E-05
9403310,0.000348942,0.000159401,9.79E-05,6.86E-05,5.16E-05,4.07E-05,3.04E-05,2.35E-05,2.26E-05
9403311,0.000348942,0.000159401,9.79E-05,6.86E-05,5.16E-05,4.07E-05,3.04E-05,2.35E-05,2.26E-05
9403313,0.000348942,0.000159401,9.79E-05,6.86E-05,5.16E-05,4.07E-05,3.04E-05,2.35E-05,2.26E-05
9403318,0.000348942,0.000159401,9.79E-05,6.86E-05,5.16E-05,4.07E-05,3.04E-05,2.35E-05,2.26E-05
9403323,0.000348942,0.000159401,9.79E-05,6.86E-05,5.16E-05,4.07E-05,3.04E-05,2.35E-05,2.26E-05
9403328,0.000348942,0.000159401,9.79E-05,6.86E-05,5.16E-05,4.07E-05,3.04E-05,2.35E-05,2.26E-05
9403333,0.000348942,0.000159401,9.79E-05,6.86E-05,5.16E-05,4.07E-05,3.04E-05,2.35E-05,2.26E-05
9403338,0.000348942,0.000159401,9.79E-05,6.86E-05,5.16E-05,4.07E-05,3.04E-05,2.35E-05,2.26E-05
9403343,0.000348942,0.000159401,9.79E-05,6.86E-05,5.16E-05,4.07E-05,3.04E-05,2.35E-05,2.26E-05
9403348,0.000348942,0.000159401,9.79E-05,6.86E-05,5.16E-05,4.07E-05,3.04E-05,2.35E-05,2.26E-05
9403353,0.000348942,0.000159401,9.79E-05,6.86E-05,5.16E-05,4.07E-05,3.04E-05,2.35E-05,2.26E-05
9403358,0.000348942,0.000159401,9.79E-05,6.86E-05,5.16E-05,4.07E-05,3.04E-05,2.35E-05,2.26E-05
9403361,0.000348942,0.000159401,9.79E-05,6.86E-05,5.16E-05,4.07E-05,3.04E-05,2.35E-05,2.26E-05
9403363,0.000348942,0.000159401,9.79E-05,6.86E-05,5.16E-05,4.07E-05,3.04E-05,2.35E-05,2.26E-05
9403368,0.000348942,0.000159401,9.79E-05,6.86E-05,5.16E-05,4.07E-05,3.04E-05,2.35E-05,2.26E-05
9403373,0.000348942,0.000159401,9.79E-05,6.86E-05,5.16E-05,4.07E-05,3.04E-05,2.35E-05,2.26E-05
9403376,0.000348942,0.000159401,9.79E-05,6.86E-05,5.16E-05,4.07E-05,3.04E-05,2.35E-05,2.26E-05
9403378,0.000348942,0.000159401,9.79E-05,6.86E-05,5.16E-05,4.07E-05,3.04E-05,2.35E-05,2.26E-05
9403380,0.000348942,0.000159401,9.79E-05,6.86E-05,5.16E-05,4.07E-05,3.04E-05,2.35E-05,2.26E-05
9403383,0.000348942,0.000159401,9.79E-05,6.86E-05,5.16E-05,4.07E-05,3.04E-05,2.35E-05,2.26E-05
9403388,0.000348942,0.000159401,9.79E-05,6.86E-05,5.16E-05,4.07E-05,3.04E-05,2.35E-05,2.26E-05
9403393,0.000348942,0.000159401,9.79E-05,6.86E-05,5.16E-05,4.07E-05,3.04E-05,2.35E-05,2.26E-05
9403398,0.000348942,0.000159401,9.79E-05,6.86E-05,5.16E-05,4.07E-05,3.04E-05,2.35E-05,2.26E-05
9403403,0.000348942,0.000159401,9.79E-05,6.86E-05,5.16E-05,4.07E-05,3.04E-05,2.35E-05,2.26E-05
9403408,0.000348942,0.000159401,9.79E-05,6.86E-05,5.16E-05,4.07E-05,3.04E-05,2.35E-05,2.26E-05
9403410,0.000348942,0.000159401,9.79E-05,6.86E-05,5.16E-05,4.07E-05,3.04E-05,2.35E-05,2.26E-05
119401001,0.000348942,0.000159401,9.79E-05,6.86E-05,5.16E-05,4.07E-05,3.04E-05,2.35E-05,2.26E-05
119401002,0.000348942,0.000159401,9.79E-05,6.86E-05,5.16E-05,4.07E-05,3.04E-05,2.35E-05,2.26E-05
119401003,0.000348942,0.000159401,9.79E-05,6.86E-05,5.16E-05,4.07E-05,3.04E-05,2.35E-05,2.26E-05
119401005,0.000348942,0.000159401,9.79E-05,6.86E-05,5.16E-05,4.07E-05,3.04E-05,2.35E-05,2.26E-05
119401007,0.000348942,0.000159401,9.79E-05,6.86E-05,5.16E-05,4.07E-05,3.04E-05,2.35E-05,2.26E-05
119401009,0.000348942,0.000159401,9.79E-05,6.86E-05,5.16E-05,4.07E-05,3.04E-05,2.35E-05,2.26E-05
119401010,0.000348942,0.000159401,9.79E-05,6.86E-05,5.16E-05,4.07E-05,3.04E-05,2.35E-05,2.26E-05
119401011,0.000348942,0.000159401,9.79E-05,6.86E-05,5.16E-05,4.07E-05,3.04E-05,2.35E-05,2.26E-05
119401014,0.000348942,0.000159401,9.79E-05,6.86E-05,5.16E-05,4.07E-05,3.04E-05,2.35E-05,2.26E-05
119401016,0.000348942,0.000159401,9.79E-05,6.86E-05,5.16E-05,4.07E-05,3.04E-05,2.35E-05,2.26E-05
119401017,0.000348942,0.000159401,9.79E-05,6.86E-05,5.16E-05,4.07E-05,3.04E-05,2.35E-05,2.26E-05
119401018,0.000348942,0.000159401,9.79E-05,6.86E-05,5.16E-05,4.07E-05,3.04E-05,2.35E-05,2.26E-05
119401020,0.000348942,0.000159401,9.79E-05,6.86E-05,5.16E-05,4.07E-05,3.04E-05,2.35E-05,2.26E-05
119401022,0.000348942,0.000159401,9.79E-05,6.86E-05,5.16E-05,4.07E-05,3.04E-05,2.35E-05,2.26E-05
9412371,0.000348942,0.000159401,9.79E-05,6.86E-05,5.16E-05,4.07E-05,3.04E-05,2.35E-05,2.26E-05
119401033,0.000348942,0.000159401,9.79E-05,6.86E-05,5.16E-05,4.07E-05,3.04E-05,2.35E-05,2.26E-05
119401034,0.000348942,0.000159401,9.79E-05,6.86E-05,5.16E-05,4.07E-05,3.04E-05,2.35E-05,2.26E-05
119401035,0.000348942,0.000159401,9.79E-05,6.86E-05,5.16E-05,4.07E-05,3.04E-05,2.35E-05,2.26E-05
119401039,0.000348942,0.000159401,9.79E-05,6.86E-05,5.16E-05,4.07E-05,3.04E-05,2.35E-05,2.26E-05
119401043,0.000348942,0.000159401,9.79E-05,6.86E-05,5.16E-05,4.07E-05,3.04E-05,2.35E-05,2.26E-05
119401046,0.000348942,0.000159401,9.79E-05,6.86E-05,5.16E-05,4.07E-05,3.04E-05,2.35E-05,2.26E-05
119401052,0.000348942,0.000159401,9.79E-05,6.86E-05,5.16E-05,4.07E-05,3.04E-05,2.35E-05,2.26E-05
119401099,0.000348942,0.000159401,9.79E-05,6.86E-05,5.16E-05,4.07E-05,3.04E-05,2.35E-05,2.26E-05
119401105,0.000348942,0.000159401,9.79E-05,6.86E-05,5.16E-05,4.07E-05,3.04E-05,2.35E-05,2.26E-05
119401115,0.000348942,0.000159401,9.79E-05,6.86E-05,5.16E-05,4.07E-05,3.04E-05,2.35E-05,2.26E-05
119401134,0.000348942,0.000159401,9.79E-05,6.86E-05,5.16E-05,4.07E-05,3.04E-05,2.35E-05,2.26E-05
119401138,0.000348942,0.000159401,9.79E-05,6.86E-05,5.16E-05,4.07E-05,3.04E-05,2.35E-05,2.26E-05
119401145,0.000348942,0.000159401,9.79E-05,6.86E-05,5.16E-05,4.07E-05,3.04E-05,2.35E-05,2.26E-05
119401153,0.000348942,0.000159401,9.79E-05,6.86E-05,5.16E-05,4.07E-05,3.04E-05,2.35E-05,2.26E-05
9412372,0.000348942,0.000159401,9.79E-05,6.86E-05,5.16E-05,4.07E-05,3.04E-05,2.35E-05,2.26E-05
119402004,0.000348942,0.000159401,9.79E-05,6.86E-05,5.16E-05,4.07E-05,3.04E-05,2.35E-05,2.26E-05
119402005,0.000348942,0.000159401,9.79E-05,6.86E-05,5.16E-05,4.07E-05,3.04E-05,2.35E-05,2.26E-05
119402007,0.000348942,0.000159401,9.79E-05,6.86E-05,5.16E-05,4.07E-05,3.04E-05,2.35E-05,2.26E-05
119402009,0.000348942,0.000159401,9.79E-05,6.86E-05,5.16E-05,4.07E-05,3.04E-05,2.35E-05,2.26E-05
119402010,0.000348942,0.000159401,9.79E-05,6.86E-05,5.16E-05,4.07E-05,3.04E-05,2.35E-05,2.26E-05
119402012,0.000348942,0.000159401,9.79E-05,6.86E-05,5.16E-05,4.07E-05,3.04E-05,2.35E-05,2.26E-05
119402015,0.000348942,0.000159401,9.79E-05,6.86E-05,5.16E-05,4.07E-05,3.04E-05,2.35E-05,2.26E-05
119402016,0.000348942,0.000159401,9.79E-05,6.86E-05,5.16E-05,4.07E-05,3.04E-05,2.35E-05,2.26E-05
119402017,0.000348942,0.000159401,9.79E-05,6.86E-05,5.16E-05,4.07E-05,3.04E-05,2.35E-05,2.26E-05
119402018,0.000348942,0.000159401,9.79E-05,6.86E-05,5.16E-05,4.07E-05,3.04E-05,2.35E-05,2.26E-05
119402019,0.000348942,0.000159401,9.79E-05,6.86E-05,5.16E-05,4.07E-05,3.04E-05,2.35E-05,2.26E-05
119402021,0.000348942,0.000159401,9.79E-05,6.86E-05,5.16E-05,4.07E-05,3.04E-05,2.35E-05,2.26E-05
119402024,0.000348942,0.000159401,9.79E-05,6.86E-05,5.16E-05,4.07E-05,3.04E-05,2.35E-05,2.26E-05
119402031,0.000348942,0.000159401,9.79E-05,6.86E-05,5.16E-05,4.07E-05,3.04E-05,2.35E-05,2.26E-05
119402033,0.000348942,0.000159401,9.79E-05,6.86E-05,5.16E-05,4.07E-05,3.04E-05,2.35E-05,2.26E-05
119402044,0.000348942,0.000159401,9.79E-05,6.86E-05,5.16E-05,4.07E-05,3.04E-05,2.35E-05,2.26E-05
119402055,0.000348942,0.000159401,9.79E-05,6.86E-05,5.16E-05,4.07E-05,3.04E-05,2.35E-05,2.26E-05
119402060,0.000348942,0.000159401,9.79E-05,6.86E-05,5.16E-05,4.07E-05,3.04E-05,2.35E-05,2.26E-05
119402071,0.000348942,0.000159401,9.79E-05,6.86E-05,5.16E-05,4.07E-05,3.04E-05,2.35E-05,2.26E-05
119402077,0.000348942,0.000159401,9.79E-05,6.86E-05,5.16E-05,4.07E-05,3.04E-05,2.35E-05,2.26E-05
119402078,0.000348942,0.000159401,9.79E-05,6.86E-05,5.16E-05,4.07E-05,3.04E-05,2.35E-05,2.26E-05
119402115,0.000348942,0.000159401,9.79E-05,6.86E-05,5.16E-05,4.07E-05,3.04E-05,2.35E-05,2.26E-05
119402117,0.000348942,0.000159401,9.79E-05,6.86E-05,5.16E-05,4.07E-05,3.04E-05,2.35E-05,2.26E-05
119402128,0.000348942,0.000159401,9.79E-05,6.86E-05,5.16E-05,4.07E-05,3.04E-05,2.35E-05,2.26E-05
9412373,0.000348942,0.000159401,9.79E-05,6.86E-05,5.16E-05,4.07E-05,3.04E-05,2.35E-05,2.26E-05
9412374,0.000348942,0.000159401,9.79E-05,6.86E-05,5.16E-05,4.07E-05,3.04E-05,2.35E-05,2.26E-05
119403001,0.000348942,0.000159401,9.79E-05,6.86E-05,5.16E-05,4.07E-05,3.04E-05,2.35E-05,2.26E-05
119403005,0.000348942,0.000159401,9.79E-05,6.86E-05,5.16E-05,4.07E-05,3.04E-05,2.35E-05,2.26E-05
119403010,0.000348942,0.000159401,9.79E-05,6.86E-05,5.16E-05,4.07E-05,3.04E-05,2.35E-05,2.26E-05
119403011,0.000348942,0.000159401,9.79E-05,6.86E-05,5.16E-05,4.07E-05,3.04E-05,2.35E-05,2.26E-05
119403012,0.000348942,0.000159401,9.79E-05,6.86E-05,5.16E-05,4.07E-05,3.04E-05,2.35E-05,2.26E-05
119403013,0.000348942,0.000159401,9.79E-05,6.86E-05,5.16E-05,4.07E-05,3.04E-05,2.35E-05,2.26E-05
119403014,0.000348942,0.000159401,9.79E-05,6.86E-05,5.16E-05,4.07E-05,3.04E-05,2.35E-05,2.26E-05
119403018,0.000348942,0.000159401,9.79E-05,6.86E-05,5.16E-05,4.07E-05,3.04E-05,2.35E-05,2.26E-05
119403021,0.000348942,0.000159401,9.79E-05,6.86E-05,5.16E-05,4.07E-05,3.04E-05,2.35E-05,2.26E-05
119403027,0.000348942,0.000159401,9.79E-05,6.86E-05,5.16E-05,4.07E-05,3.04E-05,2.35E-05,2.26E-05
119403028,0.000348942,0.000159401,9.79E-05,6.86E-05,5.16E-05,4.07E-05,3.04E-05,2.35E-05,2.26E-05
119403034,0.000348942,0.000159401,9.79E-05,6.86E-05,5.16E-05,4.07E-05,3.04E-05,2.35E-05,2.26E-05
119403051,0.000348942,0.000159401,9.79E-05,6.86E-05,5.16E-05,4.07E-05,3.04E-05,2.35E-05,2.26E-05
119403054,0.000348942,0.000159401,9.79E-05,6.86E-05,5.16E-05,4.07E-05,3.04E-05,2.35E-05,2.26E-05
119403056,0.000348942,0.000159401,9.79E-05,6.86E-05,5.16E-05,4.07E-05,3.04E-05,2.35E-05,2.26E-05
119403058,0.000348942,0.000159401,9.79E-05,6.86E-05,5.16E-05,4.07E-05,3.04E-05,2.35E-05,2.26E-05
119403074,0.000348942,0.000159401,9.79E-05,6.86E-05,5.16E-05,4.07E-05,3.04E-05,2.35E-05,2.26E-05
119403095,0.000348942,0.000159401,9.79E-05,6.86E-05,5.16E-05,4.07E-05,3.04E-05,2.35E-05,2.26E-05
119403128,0.000348942,0.000159401,9.79E-05,6.86E-05,5.16E-05,4.07E-05,3.04E-05,2.35E-05,2.26E-05
119403133,0.000348942,0.000159401,9.79E-05,6.86E-05,5.16E-05,4.07E-05,3.04E-05,2.35E-05,2.26E-05
119403145,0.000348942,0.000159401,9.79E-05,6.86E-05,5.16E-05,4.07E-05,3.04E-05,2.35E-05,2.26E-05
119403146,0.000348942,0.000159401,9.79E-05,6.86E-05,5.16E-05,4.07E-05,3.04E-05,2.35E-05,2.26E-05
119403147,0.000348942,0.000159401,9.79E-05,6.86E-05,5.16E-05,4.07E-05,3.04E-05,2.35E-05,2.26E-05
119403158,0.000348942,0.000159401,9.79E-05,6.86E-05,5.16E-05,4.07E-05,3.04E-05,2.35E-05,2.26E-05
119403165,0.000348942,0.000159401,9.79E-05,6.86E-05,5.16E-05,4.07E-05,3.04E-05,2.35E-05,2.26E-05
119403173,0.000348942,0.000159401,9.79E-05,6.86E-05,5.16E-05,4.07E-05,3.04E-05,2.35E-05,2.26E-05
119403174,0.000348942,0.000159401,9.79E-05,6.86E-05,5.16E-05,4.07E-05,3.04E-05,2.35E-05,2.26E-05
119403198,0.000348942,0.000159401,9.79E-05,6.86E-05,5.16E-05,4.07E-05,3.04E-05,2.35E-05,2.26E-05
9412375,0.000348942,0.000159401,9.79E-05,6.86E-05,5.16E-05,4.07E-05,3.04E-05,2.35E-05,2.26E-05
119404001,0.000348942,0.000159401,9.79E-05,6.86E-05,5.16E-05,4.07E-05,3.04E-05,2.35E-05,2.26E-05
119404005,0.000348942,0.000159401,9.79E-05,6.86E-05,5.16E-05,4.07E-05,3.04E-05,2.35E-05,2.26E-05
119404010,0.000348942,0.000159401,9.79E-05,6.86E-05,5.16E-05,4.07E-05,3.04E-05,2.35E-05,2.26E-05
119404012,0.000348942,0.000159401,9.79E-05,6.86E-05,5.16E-05,4.07E-05,3.04E-05,2.35E-05,2.26E-05
119404015,0.000348942,0.000159401,9.79E-05,6.86E-05,5.16E-05,4.07E-05,3.04E-05,2.35E-05,2.26E-05
119404018,0.000348942,0.000159401,9.79E-05,6.86E-05,5.16E-05,4.07E-05,3.04E-05,2.35E-05,2.26E-05
119404022,0.000348942,0.000159401,9.79E-05,6.86E-05,5.16E-05,4.07E-05,3.04E-05,2.35E-05,2.26E-05
119404031,0.000348942,0.000159401,9.79E-05,6.86E-05,5.16E-05,4.07E-05,3.04E-05,2.35E-05,2.26E-05
119404040,0.000348942,0.000159401,9.79E-05,6.86E-05,5.16E-05,4.07E-05,3.04E-05,2.35E-05,2.26E-05
119404044,0.000348942,0.000159401,9.79E-05,6.86E-05,5.16E-05,4.07E-05,3.04E-05,2.35E-05,2.26E-05
119404049,0.000348942,0.000159401,9.79E-05,6.86E-05,5.16E-05,4.07E-05,3.04E-05,2.35E-05,2.26E-05
119404059,0.000348942,0.000159401,9.79E-05,6.86E-05,5.16E-05,4.07E-05,3.04E-05,2.35E-05,2.26E-05
119404076,0.000348942,0.000159401,9.79E-05,6.86E-05,5.16E-05,4.07E-05,3.04E-05,2.35E-05,2.26E-05
119404078,0.000348942,0.000159401,9.79E-05,6.86E-05,5.16E-05,4.07E-05,3.04E-05,2.35E-05,2.26E-05
119404079,0.000348942,0.000159401,9.79E-05,6.86E-05,5.16E-05,4.07E-05,3.04E-05,2.35E-05,2.26E-05
119404085,0.000348942,0.000159401,9.79E-05,6.86E-05,5.16E-05,4.07E-05,3.04E-05,2.35E-05,2.26E-05
119404088,0.000348942,0.000159401,9.79E-05,6.86E-05,5.16E-05,4.07E-05,3.04E-05,2.35E-05,2.26E-05
119404100,0.000348942,0.000159401,9.79E-05,6.86E-05,5.16E-05,4.07E-05,3.04E-05,2.35E-05,2.26E-05
119404134,0.000348942,0.000159401,9.79E-05,6.86E-05,5.16E-05,4.07E-05,3.04E-05,2.35E-05,2.26E-05
119404143,0.000348942,0.000159401,9.79E-05,6.86E-05,5.16E-05,4.07E-05,3.04E-05,2.35E-05,2.26E-05
119404155,0.000348942,0.000159401,9.79E-05,6.86E-05,5.16E-05,4.07E-05,3.04E-05,2.35E-05,2.26E-05
119404156,0.000348942,0.000159401,9.79E-05,6.86E-05,5.16E-05,4.07E-05,3.04E-05,2.35E-05,2.26E-05
119404173,0.000348942,0.000159401,9.79E-05,6.86E-05,5.16E-05,4.07E-05,3.04E-05,2.35E-05,2.26E-05
119404176,0.000348942,0.000159401,9.79E-05,6.86E-05,5.16E-05,4.07E-05,3.04E-05,2.35E-05,2.26E-05
119404193,0.000348942,0.000159401,9.79E-05,6.86E-05,5.16E-05,4.07E-05,3.04E-05,2.35E-05,2.26E-05
9404238,0.000348942,0.000159401,9.79E-05,6.86E-05,5.16E-05,4.07E-05,3.04E-05,2.35E-05,2.26E-05
9404239,0.000348942,0.000159401,9.79E-05,6.86E-05,5.16E-05,4.07E-05,3.04E-05,2.35E-05,2.26E-05
9404240,0.000348942,0.000159401,9.79E-05,6.86E-05,5.16E-05,4.07E-05,3.04E-05,2.35E-05,2.26E-05
9404241,0.000348942,0.000159401,9.79E-05,6.86E-05,5.16E-05,4.07E-05,3.04E-05,2.35E-05,2.26E-05
9404243,0.000348942,0.000159401,9.79E-05,6.86E-05,5.16E-05,4.07E-05,3.04E-05,2.35E-05,2.26E-05
9404245,0.000348942,0.000159401,9.79E-05,6.86E-05,5.16E-05,4.07E-05,3.04E-05,2.35E-05,2.26E-05
9404250,0.000348942,0.000159401,9.79E-05,6.86E-05,5.16E-05,4.07E-05,3.04E-05,2.35E-05,2.26E-05
9404256,0.000348942,0.000159401,9.79E-05,6.86E-05,5.16E-05,4.07E-05,3.04E-05,2.35E-05,2.26E-05
9404258,0.000348942,0.000159401,9.79E-05,6.86E-05,5.16E-05,4.07E-05,3.04E-05,2.35E-05,2.26E-05
9404263,0.000348942,0.000159401,9.79E-05,6.86E-05,5.16E-05,4.07E-05,3.04E-05,2.35E-05,2.26E-05
9404264,0.000348942,0.000159401,9.79E-05,6.86E-05,5.16E-05,4.07E-05,3.04E-05,2.35E-05,2.26E-05
9404270,0.000348942,0.000159401,9.79E-05,6.86E-05,5.16E-05,4.07E-05,3.04E-05,2.35E-05,2.26E-05
9404272,0.000348942,0.000159401,9.79E-05,6.86E-05,5.16E-05,4.07E-05,3.04E-05,2.35E-05,2.26E-05
9404273,0.000348942,0.000159401,9.79E-05,6.86E-05,5.16E-05,4.07E-05,3.04E-05,2.35E-05,2.26E-05
9404275,0.000348942,0.000159401,9.79E-05,6.86E-05,5.16E-05,4.07E-05,3.04E-05,2.35E-05,2.26E-05
9404285,0.000348942,0.000159401,9.79E-05,6.86E-05,5.16E-05,4.07E-05,3.04E-05,2.35E-05,2.26E-05
9404288,0.000348942,0.000159401,9.79E-05,6.86E-05,5.16E-05,4.07E-05,3.04E-05,2.35E-05,2.26E-05
9404299,0.000348942,0.000159401,9.79E-05,6.86E-05,5.16E-05,4.07E-05,3.04E-05,2.35E-05,2.26E-05
119405001,0.000348942,0.000159401,9.79E-05,6.86E-05,5.16E-05,4.07E-05,3.04E-05,2.35E-05,2.26E-05
119405002,0.000348942,0.000159401,9.79E-05,6.86E-05,5.16E-05,4.07E-05,3.04E-05,2.35E-05,2.26E-05
119405003,0.000348942,0.000159401,9.79E-05,6.86E-05,5.16E-05,4.07E-05,3.04E-05,2.35E-05,2.26E-05
119405004,0.000348942,0.000159401,9.79E-05,6.86E-05,5.16E-05,4.07E-05,3.04E-05,2.35E-05,2.26E-05
119405005,0.000348942,0.000159401,9.79E-05,6.86E-05,5.16E-05,4.07E-05,3.04E-05,2.35E-05,2.26E-05
119405007,0.000348942,0.000159401,9.79E-05,6.86E-05,5.16E-05,4.07E-05,3.04E-05,2.35E-05,2.26E-05
119405008,0.000348942,0.000159401,9.79E-05,6.86E-05,5.16E-05,4.07E-05,3.04E-05,2.35E-05,2.26E-05
119405012,0.000348942,0.000159401,9.79E-05,6.86E-05,5.16E-05,4.07E-05,3.04E-05,2.35E-05,2.26E-05
119405014,0.000348942,0.000159401,9.79E-05,6.86E-05,5.16E-05,4.07E-05,3.04E-05,2.35E-05,2.26E-05
119405021,0.000348942,0.000159401,9.79E-05,6.86E-05,5.16E-05,4.07E-05,3.04E-05,2.35E-05,2.26E-05
119405022,0.000348942,0.000159401,9.79E-05,6.86E-05,5.16E-05,4.07E-05,3.04E-05,2.35E-05,2.26E-05
119405024,0.000348942,0.000159401,9.79E-05,6.86E-05,5.16E-05,4.07E-05,3.04E-05,2.35E-05,2.26E-05
119405025,0.000348942,0.000159401,9.79E-05,6.86E-05,5.16E-05,4.07E-05,3.04E-05,2.35E-05,2.26E-05
119405028,0.000348942,0.000159401,9.79E-05,6.86E-05,5.16E-05,4.07E-05,3.04E-05,2.35E-05,2.26E-05
119405036,0.000348942,0.000159401,9.79E-05,6.86E-05,5.16E-05,4.07E-05,3.04E-05,2.35E-05,2.26E-05
119405040,0.000348942,0.000159401,9.79E-05,6.86E-05,5.16E-05,4.07E-05,3.04E-05,2.35E-05,2.26E-05
119405044,0.000348942,0.000159401,9.79E-05,6.86E-05,5.16E-05,4.07E-05,3.04E-05,2.35E-05,2.26E-05
9404313,0.000348942,0.000159401,9.79E-05,6.86E-05,5.16E-05,4.07E-05,3.04E-05,2.35E-05,2.26E-05
9404314,0.000348942,0.000159401,9.79E-05,6.86E-05,5.16E-05,4.07E-05,3.04E-05,2.35E-05,2.26E-05
119405055,0.000348942,0.000159401,9.79E-05,6.86E-05,5.16E-05,4.07E-05,3.04E-05,2.35E-05,2.26E-05
119405057,0.000348942,0.000159401,9.79E-05,6.86E-05,5.16E-05,4.07E-05,3.04E-05,2.35E-05,2.26E-05
119405064,0.000348942,0.000159401,9.79E-05,6.86E-05,5.16E-05,4.07E-05,3.04E-05,2.35E-05,2.26E-05
119405120,0.000348942,0.000159401,9.79E-05,6.86E-05,5.16E-05,4.07E-05,3.04E-05,2.35E-05,2.26E-05
119405127,0.000348942,0.000159401,9.79E-05,6.86E-05,5.16E-05,4.07E-05,3.04E-05,2.35E-05,2.26E-05
119405137,0.000348942,0.000159401,9.79E-05,6.86E-05,5.16E-05,4.07E-05,3.04E-05,2.35E-05,2.26E-05
119405145,0.000348942,0.000159401,9.79E-05,6.86E-05,5.16E-05,4.07E-05,3.04E-05,2.35E-05,2.26E-05
119405155,0.000348942,0.000159401,9.79E-05,6.86E-05,5.16E-05,4.07E-05,3.04E-05,2.35E-05,2.26E-05
119405163,0.000348942,0.000159401,9.79E-05,6.86E-05,5.16E-05,4.07E-05,3.04E-05,2.35E-05,2.26E-05
119405173,0.000348942,0.000159401,9.79E-05,6.86E-05,5.16E-05,4.07E-05,3.04E-05,2.35E-05,2.26E-05
9404338,0.000348942,0.000159401,9.79E-05,6.86E-05,5.16E-05,4.07E-05,3.04E-05,2.35E-05,2.26E-05
119405187,0.000348942,0.000159401,9.79E-05,6.86E-05,5.16E-05,4.07E-05,3.04E-05,2.35E-05,2.26E-05
119405188,0.000348942,0.000159401,9.79E-05,6.86E-05,5.16E-05,4.07E-05,3.04E-05,2.35E-05,2.26E-05
119405190,0.000348942,0.000159401,9.79E-05,6.86E-05,5.16E-05,4.07E-05,3.04E-05,2.35E-05,2.26E-05
119405196,0.000348942,0.000159401,9.79E-05,6.86E-05,5.16E-05,4.07E-05,3.04E-05,2.35E-05,2.26E-05
9404363,0.000348942,0.000159401,9.79E-05,6.86E-05,5.16E-05,4.07E-05,3.04E-05,2.35E-05,2.26E-05
119406001,0.000348942,0.000159401,9.79E-05,6.86E-05,5.16E-05,4.07E-05,3.04E-05,2.35E-05,2.26E-05
119406003,0.000348942,0.000159401,9.79E-05,6.86E-05,5.16E-05,4.07E-05,3.04E-05,2.35E-05,2.26E-05
119406005,0.000348942,0.000159401,9.79E-05,6.86E-05,5.16E-05,4.07E-05,3.04E-05,2.35E-05,2.26E-05
119406007,0.000348942,0.000159401,9.79E-05,6.86E-05,5.16E-05,4.07E-05,3.04E-05,2.35E-05,2.26E-05
119406011,0.000348942,0.000159401,9.79E-05,6.86E-05,5.16E-05,4.07E-05,3.04E-05,2.35E-05,2.26E-05
119406015,0.000348942,0.000159401,9.79E-05,6.86E-05,5.16E-05,4.07E-05,3.04E-05,2.35E-05,2.26E-05
119406016,0.000348942,0.000159401,9.79E-05,6.86E-05,5.16E-05,4.07E-05,3.04E-05,2.35E-05,2.26E-05
119406018,0.000348942,0.000159401,9.79E-05,6.86E-05,5.16E-05,4.07E-05,3.04E-05,2.35E-05,2.26E-05
119406020,0.000348942,0.000159401,9.79E-05,6.86E-05,5.16E-05,4.07E-05,3.04E-05,2.35E-05,2.26E-05
119406023,0.000348942,0.000159401,9.79E-05,6.86E-05,5.16E-05,4.07E-05,3.04E-05,2.35E-05,2.26E-05
119406026,0.000348942,0.000159401,9.79E-05,6.86E-05,5.16E-05,4.07E-05,3.04E-05,2.35E-05,2.26E-05
119406029,0.000348942,0.000159401,9.79E-05,6.86E-05,5.16E-05,4.07E-05,3.04E-05,2.35E-05,2.26E-05
119406030,0.000348942,0.000159401,9.79E-05,6.86E-05,5.16E-05,4.07E-05,3.04E-05,2.35E-05,2.26E-05
119406032,0.000348942,0.000159401,9.79E-05,6.86E-05,5.16E-05,4.07E-05,3.04E-05,2.35E-05,2.26E-05
119406035,0.000348942,0.000159401,9.79E-05,6.86E-05,5.16E-05,4.07E-05,3.04E-05,2.35E-05,2.26E-05
119406036,0.000348942,0.000159401,9.79E-05,6.86E-05,5.16E-05,4.07E-05,3.04E-05,2.35E-05,2.26E-05
119406040,0.000348942,0.000159401,9.79E-05,6.86E-05,5.16E-05,4.07E-05,3.04E-05,2.35E-05,2.26E-05
119406046,0.000348942,0.000159401,9.79E-05,6.86E-05,5.16E-05,4.07E-05,3.04E-05,2.35E-05,2.26E-05
119406047,0.000348942,0.000159401,9.79E-05,6.86E-05,5.16E-05,4.07E-05,3.04E-05,2.35E-05,2.26E-05
119406056,0.000348942,0.000159401,9.79E-05,6.86E-05,5.16E-05,4.07E-05,3.04E-05,2.35E-05,2.26E-05
119406064,0.000348942,0.000159401,9.79E-05,6.86E-05,5.16E-05,4.07E-05,3.04E-05,2.35E-05,2.26E-05
119406069,0.000348942,0.000159401,9.79E-05,6.86E-05,5.16E-05,4.07E-05,3.04E-05,2.35E-05,2.26E-05
119406073,0.000348942,0.000159401,9.79E-05,6.86E-05,5.16E-05,4.07E-05,3.04E-05,2.35E-05,2.26E-05
119406132,0.000348942,0.000159401,9.79E-05,6.86E-05,5.16E-05,4.07E-05,3.04E-05,2.35E-05,2.26E-05
119406134,0.000348942,0.000159401,9.79E-05,6.86E-05,5.16E-05,4.07E-05,3.04E-05,2.35E-05,2.26E-05
119406160,0.000348942,0.000159401,9.79E-05,6.86E-05,5.16E-05,4.07E-05,3.04E-05,2.35E-05,2.26E-05
119406188,0.000348942,0.000159401,9.79E-05,6.86E-05,5.16E-05,4.07E-05,3.04E-05,2.35E-05,2.26E-05
119406208,0.000348942,0.000159401,9.79E-05,6.86E-05,5.16E-05,4.07E-05,3.04E-05,2.35E-05,2.26E-05
9411205,0.000348942,0.000159401,9.79E-05,6.86E-05,5.16E-05,4.07E-05,3.04E-05,2.35E-05,2.46E-05
9412232,0.000348942,0.000159401,9.79E-05,6.86E-05,5.16E-05,4.07E-05,3.04E-05,2.48E-05,2.39E-05
9410228,0.000348942,0.000159401,9.79E-05,6.86E-05,5.16E-05,4.07E-05,3.40E-05,2.68E-05,2.58E-05
9411226,0.000348942,0.000159401,9.79E-05,6.86E-05,5.16E-05,4.07E-05,3.04E-05,2.90E-05,2.79E-05
9412236,0.000348942,0.000651777,0.000508496,0.000444892,0.000384053,0.000410073,0.000523765,0.000592433,0.000587132
9406215,0.000348942,0.000159401,9.79E-05,6.86E-05,5.16E-05,4.07E-05,3.04E-05,3.16E-05,3.04E-05
9410235,0.000348942,0.000159401,9.79E-05,6.86E-05,5.77E-05,4.54E-05,3.40E-05,2.63E-05,2.53E-05
9410230,0.000348942,0.000271049,0.000166533,0.000116897,8.80E-05,6.94E-05,6.78E-05,6.26E-05,6.75E-05
9412207,0.000348942,0.000159401,9.79E-05,6.86E-05,5.16E-05,4.64E-05,3.68E-05,2.91E-05,2.79E-05
9411203,0.000348942,0.000215225,0.00013221,9.28E-05,6.98E-05,6.35E-05,4.96E-05,4.08E-05,3.99E-05
9410214,0.000348942,0.000159401,9.79E-05,6.86E-05,5.16E-05,4.07E-05,4.12E-05,3.18E-05,3.06E-05
9410217,0.000348942,0.000159401,9.79E-05,6.86E-05,5.16E-05,4.07E-05,4.12E-05,3.18E-05,3.19E-05
9412205,0.000348942,0.000159401,9.79E-05,6.86E-05,6.37E-05,5.02E-05,3.76E-05,2.90E-05,2.79E-05
9412204,0.000348942,0.000159401,9.79E-05,6.86E-05,6.37E-05,5.02E-05,3.76E-05,2.90E-05,2.79E-05
9412239,0.000348942,0.000159401,9.79E-05,6.86E-05,6.37E-05,5.02E-05,3.76E-05,2.90E-05,2.79E-05
9406202,0.000348942,0.000159401,9.79E-05,6.86E-05,5.16E-05,4.07E-05,4.30E-05,3.72E-05,3.58E-05
9412208,0.000348942,0.000159401,9.79E-05,6.86E-05,5.16E-05,4.07E-05,5.20E-05,4.01E-05,3.86E-05
9411242,0.000348942,0.000159401,9.79E-05,6.86E-05,5.16E-05,4.07E-05,4.95E-05,4.35E-05,4.22E-05
9412220,0.000348942,0.000159401,9.79E-05,6.86E-05,5.16E-05,4.07E-05,5.45E-05,4.30E-05,4.14E-05
9411223,0.000348942,0.000215225,0.000156458,0.000109911,8.27E-05,6.53E-05,5.82E-05,5.19E-05,5.00E-05
9410238,0.000348942,0.000159401,9.79E-05,9.28E-05,6.98E-05,5.50E-05,4.51E-05,3.75E-05,3.71E-05
9412209,0.000348942,0.000159401,9.79E-05,8.07E-05,6.07E-05,5.04E-05,5.15E-05,4.14E-05,4.00E-05
9412229,0.000348942,0.000326873,0.000200856,0.000141029,0.000132077,0.000179075,0.000292063,0.000365291,0.000374975
9411238,0.000348942,0.000159401,9.79E-05,6.86E-05,5.16E-05,4.07E-05,6.10E-05,5.31E-05,5.46E-05
9406214,0.000348942,0.000159401,0.000166533,0.000116897,8.80E-05,6.94E-05,5.20E-05,4.01E-05,3.86E-05
9411219,0.000348942,0.000159401,9.79E-05,6.86E-05,5.16E-05,4.07E-05,4.83E-05,6.64E-05,6.44E-05
9412242,0.000348942,0.000215225,0.000156458,0.000109911,8.27E-05,6.53E-05,6.70E-05,5.89E-05,5.68E-05
9412218,0.000348942,0.000159401,0.000120769,8.47E-05,7.58E-05,6.21E-05,5.20E-05,4.11E-05,3.97E-05
9411202,0.000348942,0.000159401,9.79E-05,6.86E-05,5.16E-05,4.07E-05,4.53E-05,6.87E-05,7.43E-05
9406212,0.000348942,0.000159401,9.79E-05,6.86E-05,5.16E-05,4.07E-05,6.28E-05,6.20E-05,5.97E-05
9410203,0.000348942,0.000215225,0.000155092,0.000112664,8.91E-05,7.72E-05,6.48E-05,5.55E-05,5.42E-05
9411229,0.000348942,0.000159401,9.79E-05,6.86E-05,5.16E-05,4.07E-05,7.21E-05,6.30E-05,6.06E-05
9412237,0.000348942,0.000159401,9.79E-05,0.000116897,8.80E-05,6.94E-05,5.20E-05,4.01E-05,3.86E-05
9411235,0.000348942,0.000159401,9.79E-05,6.86E-05,5.77E-05,5.01E-05,5.98E-05,6.34E-05,6.27E-05
9411231,0.000348942,0.000159401,9.79E-05,6.86E-05,6.37E-05,5.02E-05,6.18E-05,6.15E-05,6.08E-05
9410206,0.000348942,0.000334427,0.000274226,0.000224006,0.000191511,0.000151291,0.000125103,0.000101505,9.89E-05
9412222,0.000348942,0.000159401,9.79E-05,6.86E-05,5.16E-05,4.07E-05,7.95E-05,6.94E-05,6.76E-05
9406203,0.000348942,0.000215225,0.00013221,9.28E-05,0.000106137,8.37E-05,6.37E-05,6.57E-05,6.32E-05
9411230,0.000348942,0.000159401,0.000166533,0.000116897,8.80E-05,6.94E-05,6.77E-05,5.20E-05,5.00E-05
9410219,0.000348942,0.000159401,9.79E-05,6.86E-05,5.16E-05,6.94E-05,6.80E-05,7.70E-05,7.47E-05
9406213,0.000348942,0.000159401,0.000166533,0.000116897,8.80E-05,6.94E-05,7.36E-05,5.67E-05,5.45E-05
9410241,0.000348942,0.000159401,0.000166533,0.000116897,8.80E-05,6.94E-05,7.06E-05,5.91E-05,5.69E-05
9406217,0.000348942,0.000159401,9.79E-05,0.000128963,0.000121712,0.000158024,0.000267605,0.00029193,0.000287768
9411224,0.000348942,0.000159401,0.000120769,8.47E-05,6.37E-05,5.25E-05,7.89E-05,8.90E-05,8.80E-05
9410209,0.000348942,0.000159401,9.79E-05,6.86E-05,6.98E-05,5.50E-05,0.000110165,0.000156264,0.00015881
9412210,0.000348942,0.000159401,9.79E-05,6.86E-05,5.16E-05,6.94E-05,0.000134768,0.000156318,0.000159507
9411234,0.000348942,0.00018173,0.000111617,7.94E-05,7.31E-05,6.70E-05,0.000106537,0.000112006,0.000110588
9412213,0.000348942,0.000159401,9.79E-05,0.000116897,8.80E-05,6.94E-05,0.000170847,0.000217244,0.000216228
9411214,0.000348942,0.000159401,9.79E-05,6.86E-05,8.80E-05,8.48E-05,9.96E-05,0.000103388,0.000101931
9406216,0.000348942,0.000159401,0.00024592,0.000296735,0.000269137,0.000212773,0.00036779,0.000391313,0.000392216
9406210,0.000348942,0.000159401,9.79E-05,0.000151187,0.000113897,9.00E-05,0.00010707,9.39E-05,9.05E-05
9406206,0.000593441,0.000477764,0.000417608,0.000363499,0.000364843,0.000353507,0.000496965,0.000507821,0.000503452
9410205,0.000348942,0.000271049,0.000166533,0.000163253,0.000122987,9.71E-05,0.000122085,0.000139635,0.000144844
9410223,0.000348942,0.000159401,9.79E-05,0.000116897,8.80E-05,9.00E-05,0.000137197,0.000181048,0.000186251
9406208,0.000348942,0.000159401,0.000166533,0.000116897,0.000124316,0.000135429,0.000129224,0.000150622,0.000147828
9410237,0.000348942,0.000215225,0.000155092,0.000139229,0.000170959,0.000147992,0.000190576,0.0001769,0.000176467
